method,latent_mass_success,mean_mass,mean_set_size,singleton,full_set,seed,m,ncal,ntest,k,q_mass,alpha,delta,regime,sigma
majority_cp,0.9566666666666667,0.8681643056086565,2.8273333333333333,0.13566666666666666,0.0,2026084500,3,300,3000,5,0.5,0.1,0.05,mixed,0.8
random_rater_cp,0.977,0.9115674703093654,3.0966666666666667,0.08333333333333333,0.0,2026084500,3,300,3000,5,0.5,0.1,0.05,mixed,0.8
naive_panel_cp,0.9466666666666667,0.8485868924604136,2.719,0.156,0.0,2026084500,3,300,3000,5,0.5,0.1,0.05,mixed,0.8
majority_cp,0.9646666666666667,0.8884692211860786,2.9276666666666666,0.115,0.0,2026084501,3,300,3000,5,0.5,0.1,0.05,mixed,0.8
random_rater_cp,0.9653333333333334,0.889582355061523,2.934,0.11433333333333333,0.0,2026084501,3,300,3000,5,0.5,0.1,0.05,mixed,0.8
naive_panel_cp,0.947,0.8554671595666259,2.75,0.152,0.0,2026084501,3,300,3000,5,0.5,0.1,0.05,mixed,0.8
majority_cp,0.96,0.8834437248913355,2.8876666666666666,0.117,0.0,2026084502,3,300,3000,5,0.5,0.1,0.05,mixed,0.8
random_rater_cp,0.96,0.8834437248913355,2.8876666666666666,0.117,0.0,2026084502,3,300,3000,5,0.5,0.1,0.05,mixed,0.8
naive_panel_cp,0.9413333333333334,0.8519814014292875,2.7336666666666667,0.15266666666666667,0.0,2026084502,3,300,3000,5,0.5,0.1,0.05,mixed,0.8
majority_cp,0.9563333333333334,0.8672421353343996,2.8393333333333333,0.13366666666666666,0.0,2026084503,3,300,3000,5,0.5,0.1,0.05,mixed,0.8
random_rater_cp,0.9763333333333334,0.9041724651438787,3.0476666666666667,0.09233333333333334,0.0,2026084503,3,300,3000,5,0.5,0.1,0.05,mixed,0.8
naive_panel_cp,0.948,0.8524565280112507,2.762,0.148,0.0,2026084503,3,300,3000,5,0.5,0.1,0.05,mixed,0.8
majority_cp,0.968,0.8915445820566811,2.974666666666667,0.10966666666666666,0.0,2026084504,3,300,3000,5,0.5,0.1,0.05,mixed,0.8
random_rater_cp,0.9723333333333334,0.8991351784614947,3.0143333333333335,0.10366666666666667,0.0,2026084504,3,300,3000,5,0.5,0.1,0.05,mixed,0.8
naive_panel_cp,0.9466666666666667,0.851724846455593,2.7516666666666665,0.153,0.0,2026084504,3,300,3000,5,0.5,0.1,0.05,mixed,0.8
majority_cp,0.955,0.8672991046201844,2.849,0.13533333333333333,0.0,2026084505,3,300,3000,5,0.5,0.1,0.05,mixed,0.8
random_rater_cp,0.964,0.8867836877867449,2.977,0.11166666666666666,0.0,2026084505,3,300,3000,5,0.5,0.1,0.05,mixed,0.8
naive_panel_cp,0.931,0.8255892371357392,2.626333333333333,0.174,0.0,2026084505,3,300,3000,5,0.5,0.1,0.05,mixed,0.8
majority_cp,0.944,0.8541082893132131,2.759333333333333,0.14933333333333335,0.0,2026084506,3,300,3000,5,0.5,0.1,0.05,mixed,0.8
random_rater_cp,0.9553333333333334,0.8768334457157607,2.8793333333333333,0.12533333333333332,0.0,2026084506,3,300,3000,5,0.5,0.1,0.05,mixed,0.8
naive_panel_cp,0.93,0.8254092378511941,2.6233333333333335,0.174,0.0,2026084506,3,300,3000,5,0.5,0.1,0.05,mixed,0.8
majority_cp,0.959,0.880551714677627,2.921,0.12,0.0,2026084507,3,300,3000,5,0.5,0.1,0.05,mixed,0.8
random_rater_cp,0.9786666666666667,0.9129017178720746,3.117,0.07633333333333334,0.0,2026084507,3,300,3000,5,0.5,0.1,0.05,mixed,0.8
naive_panel_cp,0.929,0.8277628506012946,2.6493333333333333,0.16466666666666666,0.0,2026084507,3,300,3000,5,0.5,0.1,0.05,mixed,0.8
majority_cp,0.9603333333333334,0.8757333491149429,2.881,0.12566666666666668,0.0,2026084508,3,300,3000,5,0.5,0.1,0.05,mixed,0.8
random_rater_cp,0.978,0.9050709758179093,3.0476666666666667,0.096,0.0,2026084508,3,300,3000,5,0.5,0.1,0.05,mixed,0.8
naive_panel_cp,0.941,0.8391664551253959,2.691,0.15666666666666668,0.0,2026084508,3,300,3000,5,0.5,0.1,0.05,mixed,0.8
majority_cp,0.9553333333333334,0.8768419845787839,2.8633333333333333,0.13066666666666665,0.0,2026084509,3,300,3000,5,0.5,0.1,0.05,mixed,0.8
random_rater_cp,0.963,0.888055111564781,2.9243333333333332,0.11533333333333333,0.0,2026084509,3,300,3000,5,0.5,0.1,0.05,mixed,0.8
naive_panel_cp,0.9426666666666667,0.8550476884768102,2.752,0.14566666666666667,0.0,2026084509,3,300,3000,5,0.5,0.1,0.05,mixed,0.8
majority_cp,0.961,0.8854508053256318,2.8913333333333333,0.119,0.0,2026084510,3,300,3000,5,0.5,0.1,0.05,mixed,0.8
random_rater_cp,0.96,0.8840452807427165,2.883,0.12133333333333333,0.0,2026084510,3,300,3000,5,0.5,0.1,0.05,mixed,0.8
naive_panel_cp,0.9356666666666666,0.8420610714279118,2.664,0.16066666666666668,0.0,2026084510,3,300,3000,5,0.5,0.1,0.05,mixed,0.8
majority_cp,0.9756666666666667,0.9007941302769911,3.022,0.09866666666666667,0.0,2026084511,3,300,3000,5,0.5,0.1,0.05,mixed,0.8
random_rater_cp,0.983,0.9124722147137163,3.0883333333333334,0.08833333333333333,0.0,2026084511,3,300,3000,5,0.5,0.1,0.05,mixed,0.8
naive_panel_cp,0.965,0.8824140585943023,2.904333333333333,0.12566666666666668,0.0,2026084511,3,300,3000,5,0.5,0.1,0.05,mixed,0.8
majority_cp,0.9503333333333334,0.8638618758062819,2.8143333333333334,0.14,0.0,2026084512,3,300,3000,5,0.5,0.1,0.05,mixed,0.8
random_rater_cp,0.9493333333333334,0.8628970678423779,2.808,0.14166666666666666,0.0,2026084512,3,300,3000,5,0.5,0.1,0.05,mixed,0.8
naive_panel_cp,0.9283333333333333,0.8224327871803769,2.5986666666666665,0.18066666666666667,0.0,2026084512,3,300,3000,5,0.5,0.1,0.05,mixed,0.8
majority_cp,0.9713333333333334,0.8970387121260698,2.997,0.101,0.0,2026084513,3,300,3000,5,0.5,0.1,0.05,mixed,0.8
random_rater_cp,0.977,0.9058306627465432,3.044,0.09466666666666666,0.0,2026084513,3,300,3000,5,0.5,0.1,0.05,mixed,0.8
naive_panel_cp,0.96,0.8738757099932124,2.8666666666666667,0.13,0.0,2026084513,3,300,3000,5,0.5,0.1,0.05,mixed,0.8
majority_cp,0.965,0.8904219436944807,2.909666666666667,0.125,0.0,2026084514,3,300,3000,5,0.5,0.1,0.05,mixed,0.8
random_rater_cp,0.9803333333333333,0.9187332996635775,3.1086666666666667,0.077,0.0,2026084514,3,300,3000,5,0.5,0.1,0.05,mixed,0.8
naive_panel_cp,0.9336666666666666,0.8393553671597475,2.6686666666666667,0.16566666666666666,0.0,2026084514,3,300,3000,5,0.5,0.1,0.05,mixed,0.8
majority_cp,0.957,0.8772527701834703,2.865,0.13066666666666665,0.0,2026084515,3,300,3000,5,0.5,0.1,0.05,mixed,0.8
random_rater_cp,0.956,0.8757279681481006,2.858,0.13133333333333333,0.0,2026084515,3,300,3000,5,0.5,0.1,0.05,mixed,0.8
naive_panel_cp,0.9343333333333333,0.8384244167717023,2.663666666666667,0.16666666666666666,0.0,2026084515,3,300,3000,5,0.5,0.1,0.05,mixed,0.8
majority_cp,0.95,0.8622326656942987,2.8133333333333335,0.14633333333333334,0.0,2026084516,3,300,3000,5,0.5,0.1,0.05,mixed,0.8
random_rater_cp,0.9636666666666667,0.8844689518733194,2.922,0.12366666666666666,0.0,2026084516,3,300,3000,5,0.5,0.1,0.05,mixed,0.8
naive_panel_cp,0.941,0.8486597757570984,2.7483333333333335,0.15866666666666668,0.0,2026084516,3,300,3000,5,0.5,0.1,0.05,mixed,0.8
majority_cp,0.9563333333333334,0.8721966026196742,2.8263333333333334,0.135,0.0,2026084517,3,300,3000,5,0.5,0.1,0.05,mixed,0.8
random_rater_cp,0.9753333333333334,0.9083340933216969,3.039,0.085,0.0,2026084517,3,300,3000,5,0.5,0.1,0.05,mixed,0.8
naive_panel_cp,0.9123333333333333,0.8070113562578695,2.526,0.19166666666666668,0.0,2026084517,3,300,3000,5,0.5,0.1,0.05,mixed,0.8
majority_cp,0.962,0.885367342481815,2.933666666666667,0.123,0.0,2026084518,3,300,3000,5,0.5,0.1,0.05,mixed,0.8
random_rater_cp,0.9786666666666667,0.9114483645138829,3.0933333333333333,0.08733333333333333,0.0,2026084518,3,300,3000,5,0.5,0.1,0.05,mixed,0.8
naive_panel_cp,0.9436666666666667,0.8518572063955208,2.7516666666666665,0.15666666666666668,0.0,2026084518,3,300,3000,5,0.5,0.1,0.05,mixed,0.8
majority_cp,0.9746666666666667,0.8999610006824804,3.0116666666666667,0.10433333333333333,0.0,2026084519,3,300,3000,5,0.5,0.1,0.05,mixed,0.8
random_rater_cp,0.9746666666666667,0.8997421409958203,3.0096666666666665,0.10533333333333333,0.0,2026084519,3,300,3000,5,0.5,0.1,0.05,mixed,0.8
naive_panel_cp,0.9356666666666666,0.8311200342189289,2.6553333333333335,0.16866666666666666,0.0,2026084519,3,300,3000,5,0.5,0.1,0.05,mixed,0.8
majority_cp,0.9446666666666667,0.8490422756056102,2.726,0.16166666666666665,0.0,2026084520,3,300,3000,5,0.5,0.1,0.05,mixed,0.8
random_rater_cp,0.962,0.8842201747684912,2.927,0.11566666666666667,0.0,2026084520,3,300,3000,5,0.5,0.1,0.05,mixed,0.8
naive_panel_cp,0.9316666666666666,0.8277555912868726,2.6226666666666665,0.17666666666666667,0.0,2026084520,3,300,3000,5,0.5,0.1,0.05,mixed,0.8
majority_cp,0.9693333333333334,0.8903408317188211,2.9443333333333332,0.10966666666666666,0.0,2026084521,3,300,3000,5,0.5,0.1,0.05,mixed,0.8
random_rater_cp,0.9803333333333333,0.9154443067064344,3.1153333333333335,0.07033333333333333,0.0,2026084521,3,300,3000,5,0.5,0.1,0.05,mixed,0.8
naive_panel_cp,0.9476666666666667,0.8531449154275915,2.752666666666667,0.14833333333333334,0.0,2026084521,3,300,3000,5,0.5,0.1,0.05,mixed,0.8
majority_cp,0.9633333333333334,0.880139553813068,2.878,0.13366666666666666,0.0,2026084522,3,300,3000,5,0.5,0.1,0.05,mixed,0.8
random_rater_cp,0.97,0.8925804041802952,2.9546666666666668,0.11766666666666667,0.0,2026084522,3,300,3000,5,0.5,0.1,0.05,mixed,0.8
naive_panel_cp,0.9486666666666667,0.8536567950174867,2.7343333333333333,0.16466666666666666,0.0,2026084522,3,300,3000,5,0.5,0.1,0.05,mixed,0.8
majority_cp,0.9623333333333334,0.8870989728922517,2.938,0.12133333333333333,0.0,2026084523,3,300,3000,5,0.5,0.1,0.05,mixed,0.8
random_rater_cp,0.9816666666666667,0.9212371010487498,3.167333333333333,0.07166666666666667,0.0,2026084523,3,300,3000,5,0.5,0.1,0.05,mixed,0.8
naive_panel_cp,0.932,0.8369953445014451,2.675333333333333,0.16666666666666666,0.0,2026084523,3,300,3000,5,0.5,0.1,0.05,mixed,0.8
majority_cp,0.9733333333333334,0.90236207702434,2.989333333333333,0.097,0.0,2026084524,3,300,3000,5,0.5,0.1,0.05,mixed,0.8
random_rater_cp,0.9593333333333334,0.877796130591174,2.8393333333333333,0.13333333333333333,0.0,2026084524,3,300,3000,5,0.5,0.1,0.05,mixed,0.8
naive_panel_cp,0.9536666666666667,0.869233162419768,2.803,0.14033333333333334,0.0,2026084524,3,300,3000,5,0.5,0.1,0.05,mixed,0.8
majority_cp,0.9656666666666667,0.8870717508331016,2.9523333333333333,0.10933333333333334,0.0,2026084525,3,300,3000,5,0.5,0.1,0.05,mixed,0.8
random_rater_cp,0.9666666666666667,0.8890104399106336,2.9623333333333335,0.10833333333333334,0.0,2026084525,3,300,3000,5,0.5,0.1,0.05,mixed,0.8
naive_panel_cp,0.9603333333333334,0.8765279312588251,2.8926666666666665,0.12266666666666666,0.0,2026084525,3,300,3000,5,0.5,0.1,0.05,mixed,0.8
majority_cp,0.9726666666666667,0.9002913744559772,3.035,0.10666666666666667,0.0,2026084526,3,300,3000,5,0.5,0.1,0.05,mixed,0.8
random_rater_cp,0.9776666666666667,0.9125038661920817,3.139666666666667,0.08233333333333333,0.0,2026084526,3,300,3000,5,0.5,0.1,0.05,mixed,0.8
naive_panel_cp,0.9556666666666667,0.8685549588941459,2.849666666666667,0.14366666666666666,0.0,2026084526,3,300,3000,5,0.5,0.1,0.05,mixed,0.8
majority_cp,0.9446666666666667,0.8535642381761833,2.7556666666666665,0.156,0.0,2026084527,3,300,3000,5,0.5,0.1,0.05,mixed,0.8
random_rater_cp,0.973,0.9007702813597082,2.993333333333333,0.10833333333333334,0.0,2026084527,3,300,3000,5,0.5,0.1,0.05,mixed,0.8
naive_panel_cp,0.94,0.8467923384058518,2.7266666666666666,0.16133333333333333,0.0,2026084527,3,300,3000,5,0.5,0.1,0.05,mixed,0.8
majority_cp,0.9486666666666667,0.8614929935071239,2.765,0.15366666666666667,0.0,2026084528,3,300,3000,5,0.5,0.1,0.05,mixed,0.8
random_rater_cp,0.9666666666666667,0.8913766857342895,2.9196666666666666,0.12033333333333333,0.0,2026084528,3,300,3000,5,0.5,0.1,0.05,mixed,0.8
naive_panel_cp,0.9376666666666666,0.8443248327805862,2.683,0.17333333333333334,0.0,2026084528,3,300,3000,5,0.5,0.1,0.05,mixed,0.8
majority_cp,0.9393333333333334,0.8490792879369422,2.747333333333333,0.14733333333333334,0.0,2026084529,3,300,3000,5,0.5,0.1,0.05,mixed,0.8
random_rater_cp,0.9466666666666667,0.8629028703554783,2.8306666666666667,0.13533333333333333,0.0,2026084529,3,300,3000,5,0.5,0.1,0.05,mixed,0.8
naive_panel_cp,0.9103333333333333,0.8034931164923063,2.542333333333333,0.172,0.0,2026084529,3,300,3000,5,0.5,0.1,0.05,mixed,0.8
majority_cp,0.9606666666666667,0.8799862395740101,2.901666666666667,0.11466666666666667,0.0,2026084530,3,300,3000,5,0.5,0.1,0.05,mixed,0.8
random_rater_cp,0.9606666666666667,0.8799862395740101,2.901666666666667,0.11466666666666667,0.0,2026084530,3,300,3000,5,0.5,0.1,0.05,mixed,0.8
naive_panel_cp,0.946,0.8509496495299309,2.7383333333333333,0.15033333333333335,0.0,2026084530,3,300,3000,5,0.5,0.1,0.05,mixed,0.8
majority_cp,0.957,0.8758509277111635,2.906,0.123,0.0,2026084531,3,300,3000,5,0.5,0.1,0.05,mixed,0.8
random_rater_cp,0.9593333333333334,0.8798654810812709,2.9236666666666666,0.121,0.0,2026084531,3,300,3000,5,0.5,0.1,0.05,mixed,0.8
naive_panel_cp,0.9376666666666666,0.8430379099897897,2.736666666666667,0.15066666666666667,0.0,2026084531,3,300,3000,5,0.5,0.1,0.05,mixed,0.8
majority_cp,0.9893333333333333,0.9349138266306042,3.311,0.044,0.0,2026084532,3,300,3000,5,0.5,0.1,0.05,mixed,0.8
random_rater_cp,0.9793333333333333,0.9136856793995572,3.12,0.08233333333333333,0.0,2026084532,3,300,3000,5,0.5,0.1,0.05,mixed,0.8
naive_panel_cp,0.9366666666666666,0.833539238542945,2.639,0.17633333333333334,0.0,2026084532,3,300,3000,5,0.5,0.1,0.05,mixed,0.8
majority_cp,0.9553333333333334,0.8670089842721674,2.8196666666666665,0.13966666666666666,0.0,2026084533,3,300,3000,5,0.5,0.1,0.05,mixed,0.8
random_rater_cp,0.969,0.8911953910668411,2.9603333333333333,0.11,0.0,2026084533,3,300,3000,5,0.5,0.1,0.05,mixed,0.8
naive_panel_cp,0.928,0.8223608354969008,2.6043333333333334,0.17733333333333334,0.0,2026084533,3,300,3000,5,0.5,0.1,0.05,mixed,0.8
majority_cp,0.965,0.8901616259625783,2.924,0.124,0.0,2026084534,3,300,3000,5,0.5,0.1,0.05,mixed,0.8
random_rater_cp,0.9793333333333333,0.9162802687492551,3.089,0.08233333333333333,0.0,2026084534,3,300,3000,5,0.5,0.1,0.05,mixed,0.8
naive_panel_cp,0.9466666666666667,0.8581585687870041,2.7573333333333334,0.15133333333333332,0.0,2026084534,3,300,3000,5,0.5,0.1,0.05,mixed,0.8
majority_cp,0.9583333333333334,0.8788226684854159,2.8746666666666667,0.12733333333333333,0.0,2026084535,3,300,3000,5,0.5,0.1,0.05,mixed,0.8
random_rater_cp,0.973,0.9027340209028707,3.0046666666666666,0.103,0.0,2026084535,3,300,3000,5,0.5,0.1,0.05,mixed,0.8
naive_panel_cp,0.932,0.832562955484111,2.6226666666666665,0.17833333333333334,0.0,2026084535,3,300,3000,5,0.5,0.1,0.05,mixed,0.8
majority_cp,0.9416666666666667,0.8505238193617228,2.735333333333333,0.16,0.0,2026084536,3,300,3000,5,0.5,0.1,0.05,mixed,0.8
random_rater_cp,0.9623333333333334,0.8847117707067359,2.914,0.123,0.0,2026084536,3,300,3000,5,0.5,0.1,0.05,mixed,0.8
naive_panel_cp,0.93,0.8310490740949062,2.6443333333333334,0.173,0.0,2026084536,3,300,3000,5,0.5,0.1,0.05,mixed,0.8
majority_cp,0.913,0.8084135054548623,2.525,0.183,0.0,2026084537,3,300,3000,5,0.5,0.1,0.05,mixed,0.8
random_rater_cp,0.9496666666666667,0.8691561898847322,2.81,0.14333333333333334,0.0,2026084537,3,300,3000,5,0.5,0.1,0.05,mixed,0.8
naive_panel_cp,0.9093333333333333,0.8029522500338288,2.5033333333333334,0.189,0.0,2026084537,3,300,3000,5,0.5,0.1,0.05,mixed,0.8
majority_cp,0.9693333333333334,0.8931572599267155,2.9423333333333335,0.11733333333333333,0.0,2026084538,3,300,3000,5,0.5,0.1,0.05,mixed,0.8
random_rater_cp,0.9773333333333334,0.9068878687539207,3.0303333333333335,0.097,0.0,2026084538,3,300,3000,5,0.5,0.1,0.05,mixed,0.8
naive_panel_cp,0.95,0.8622940021542037,2.792666666666667,0.14,0.0,2026084538,3,300,3000,5,0.5,0.1,0.05,mixed,0.8
majority_cp,0.9643333333333334,0.8942613267542574,2.9896666666666665,0.09966666666666667,0.0,2026084539,3,300,3000,5,0.5,0.1,0.05,mixed,0.8
random_rater_cp,0.9696666666666667,0.9034769977051555,3.0403333333333333,0.08833333333333333,0.0,2026084539,3,300,3000,5,0.5,0.1,0.05,mixed,0.8
naive_panel_cp,0.939,0.8505083410893172,2.7466666666666666,0.146,0.0,2026084539,3,300,3000,5,0.5,0.1,0.05,mixed,0.8
majority_cp,0.9596666666666667,0.87855414171695,2.898,0.12233333333333334,0.0,2026084540,3,300,3000,5,0.5,0.1,0.05,mixed,0.8
random_rater_cp,0.9816666666666667,0.9175579016534592,3.1553333333333335,0.07866666666666666,0.0,2026084540,3,300,3000,5,0.5,0.1,0.05,mixed,0.8
naive_panel_cp,0.9376666666666666,0.8409296528489646,2.7,0.15366666666666667,0.0,2026084540,3,300,3000,5,0.5,0.1,0.05,mixed,0.8
majority_cp,0.954,0.8731137898532941,2.8566666666666665,0.11866666666666667,0.0,2026084541,3,300,3000,5,0.5,0.1,0.05,mixed,0.8
random_rater_cp,0.959,0.8813924246472549,2.8993333333333333,0.10933333333333334,0.0,2026084541,3,300,3000,5,0.5,0.1,0.05,mixed,0.8
naive_panel_cp,0.926,0.8226856911518241,2.5963333333333334,0.17666666666666667,0.0,2026084541,3,300,3000,5,0.5,0.1,0.05,mixed,0.8
majority_cp,0.973,0.9014175506116106,3.0766666666666667,0.08766666666666667,0.0,2026084542,3,300,3000,5,0.5,0.1,0.05,mixed,0.8
random_rater_cp,0.978,0.9117104633338152,3.145,0.075,0.0,2026084542,3,300,3000,5,0.5,0.1,0.05,mixed,0.8
naive_panel_cp,0.9396666666666667,0.8459175225516068,2.764666666666667,0.148,0.0,2026084542,3,300,3000,5,0.5,0.1,0.05,mixed,0.8
majority_cp,0.9696666666666667,0.8956668083491588,2.949333333333333,0.11466666666666667,0.0,2026084543,3,300,3000,5,0.5,0.1,0.05,mixed,0.8
random_rater_cp,0.9773333333333334,0.911246936711845,3.0653333333333332,0.086,0.0,2026084543,3,300,3000,5,0.5,0.1,0.05,mixed,0.8
naive_panel_cp,0.9463333333333334,0.8560918329326469,2.745,0.145,0.0,2026084543,3,300,3000,5,0.5,0.1,0.05,mixed,0.8
majority_cp,0.9633333333333334,0.8865700352004651,2.925,0.11833333333333333,0.0,2026084544,3,300,3000,5,0.5,0.1,0.05,mixed,0.8
random_rater_cp,0.977,0.9109861183487616,3.0776666666666666,0.08066666666666666,0.0,2026084544,3,300,3000,5,0.5,0.1,0.05,mixed,0.8
naive_panel_cp,0.9326666666666666,0.8346749161593974,2.659666666666667,0.17433333333333334,0.0,2026084544,3,300,3000,5,0.5,0.1,0.05,mixed,0.8
majority_cp,0.9526666666666667,0.863776569052464,2.762,0.14933333333333335,0.0,2026084545,3,300,3000,5,0.5,0.1,0.05,mixed,0.8
random_rater_cp,0.9743333333333334,0.9015269317188128,2.9856666666666665,0.10033333333333333,0.0,2026084545,3,300,3000,5,0.5,0.1,0.05,mixed,0.8
naive_panel_cp,0.9336666666666666,0.8344634757974502,2.6293333333333333,0.16866666666666666,0.0,2026084545,3,300,3000,5,0.5,0.1,0.05,mixed,0.8
majority_cp,0.968,0.8945363101493582,2.9936666666666665,0.10066666666666667,0.0,2026084546,3,300,3000,5,0.5,0.1,0.05,mixed,0.8
random_rater_cp,0.98,0.9170107758665909,3.147666666666667,0.07,0.0,2026084546,3,300,3000,5,0.5,0.1,0.05,mixed,0.8
naive_panel_cp,0.9463333333333334,0.8565396429003707,2.7816666666666667,0.144,0.0,2026084546,3,300,3000,5,0.5,0.1,0.05,mixed,0.8
majority_cp,0.972,0.9006586223623907,3.005333333333333,0.108,0.0,2026084547,3,300,3000,5,0.5,0.1,0.05,mixed,0.8
random_rater_cp,0.9813333333333333,0.9136374428340218,3.084,0.09,0.0,2026084547,3,300,3000,5,0.5,0.1,0.05,mixed,0.8
naive_panel_cp,0.9693333333333334,0.894204305713703,2.9616666666666664,0.11633333333333333,0.0,2026084547,3,300,3000,5,0.5,0.1,0.05,mixed,0.8
majority_cp,0.954,0.8687839344555354,2.840333333333333,0.141,0.0,2026084548,3,300,3000,5,0.5,0.1,0.05,mixed,0.8
random_rater_cp,0.9706666666666667,0.9027833931262285,3.0606666666666666,0.093,0.0,2026084548,3,300,3000,5,0.5,0.1,0.05,mixed,0.8
naive_panel_cp,0.937,0.841094570656897,2.707666666666667,0.15866666666666668,0.0,2026084548,3,300,3000,5,0.5,0.1,0.05,mixed,0.8
majority_cp,0.96,0.8811150440700585,2.893,0.12233333333333334,0.0,2026084549,3,300,3000,5,0.5,0.1,0.05,mixed,0.8
random_rater_cp,0.9666666666666667,0.8912005678986245,2.949,0.11066666666666666,0.0,2026084549,3,300,3000,5,0.5,0.1,0.05,mixed,0.8
naive_panel_cp,0.9333333333333333,0.8364620027878358,2.672,0.15666666666666668,0.0,2026084549,3,300,3000,5,0.5,0.1,0.05,mixed,0.8
majority_cp,0.9826666666666667,0.9162938276974313,3.115666666666667,0.08466666666666667,0.0,2026084550,3,300,3000,5,0.5,0.1,0.05,mixed,0.8
random_rater_cp,0.984,0.9215494825024589,3.1696666666666666,0.07333333333333333,0.0,2026084550,3,300,3000,5,0.5,0.1,0.05,mixed,0.8
naive_panel_cp,0.9513333333333334,0.8590186924828009,2.7773333333333334,0.14566666666666667,0.0,2026084550,3,300,3000,5,0.5,0.1,0.05,mixed,0.8
majority_cp,0.9323333333333333,0.8392966526482482,2.698,0.15733333333333333,0.0,2026084551,3,300,3000,5,0.5,0.1,0.05,mixed,0.8
random_rater_cp,0.9563333333333334,0.8783293458410214,2.9053333333333335,0.123,0.0,2026084551,3,300,3000,5,0.5,0.1,0.05,mixed,0.8
naive_panel_cp,0.9163333333333333,0.8133094399240902,2.5806666666666667,0.174,0.0,2026084551,3,300,3000,5,0.5,0.1,0.05,mixed,0.8
majority_cp,0.959,0.8770788154149838,2.8573333333333335,0.138,0.0,2026084552,3,300,3000,5,0.5,0.1,0.05,mixed,0.8
random_rater_cp,0.9686666666666667,0.8942895634562152,2.952,0.118,0.0,2026084552,3,300,3000,5,0.5,0.1,0.05,mixed,0.8
naive_panel_cp,0.9353333333333333,0.8336959893502102,2.634333333333333,0.177,0.0,2026084552,3,300,3000,5,0.5,0.1,0.05,mixed,0.8
majority_cp,0.9666666666666667,0.8883527573889627,2.945,0.12966666666666668,0.0,2026084553,3,300,3000,5,0.5,0.1,0.05,mixed,0.8
random_rater_cp,0.967,0.8896157398617094,2.9563333333333333,0.12533333333333332,0.0,2026084553,3,300,3000,5,0.5,0.1,0.05,mixed,0.8
naive_panel_cp,0.9516666666666667,0.8630351566077827,2.814,0.14666666666666667,0.0,2026084553,3,300,3000,5,0.5,0.1,0.05,mixed,0.8
majority_cp,0.9183333333333333,0.8133415390232221,2.587,0.177,0.0,2026084554,3,300,3000,5,0.5,0.1,0.05,mixed,0.8
random_rater_cp,0.9466666666666667,0.859077735742019,2.8093333333333335,0.14066666666666666,0.0,2026084554,3,300,3000,5,0.5,0.1,0.05,mixed,0.8
naive_panel_cp,0.9106666666666666,0.7994874680545542,2.526,0.186,0.0,2026084554,3,300,3000,5,0.5,0.1,0.05,mixed,0.8
majority_cp,0.9523333333333334,0.8616311774397327,2.7823333333333333,0.14233333333333334,0.0,2026084555,3,300,3000,5,0.5,0.1,0.05,mixed,0.8
random_rater_cp,0.9643333333333334,0.8826000806331249,2.8866666666666667,0.127,0.0,2026084555,3,300,3000,5,0.5,0.1,0.05,mixed,0.8
naive_panel_cp,0.9246666666666666,0.8135228713521503,2.5496666666666665,0.18266666666666667,0.0,2026084555,3,300,3000,5,0.5,0.1,0.05,mixed,0.8
majority_cp,0.945,0.8507249499523432,2.744666666666667,0.14566666666666667,0.0,2026084556,3,300,3000,5,0.5,0.1,0.05,mixed,0.8
random_rater_cp,0.9733333333333334,0.8997712381237856,3.01,0.10433333333333333,0.0,2026084556,3,300,3000,5,0.5,0.1,0.05,mixed,0.8
naive_panel_cp,0.9343333333333333,0.8322330691720802,2.659,0.163,0.0,2026084556,3,300,3000,5,0.5,0.1,0.05,mixed,0.8
majority_cp,0.9793333333333333,0.9158007729030211,3.1053333333333333,0.072,0.0,2026084557,3,300,3000,5,0.5,0.1,0.05,mixed,0.8
random_rater_cp,0.98,0.9168382053021104,3.115,0.07066666666666667,0.0,2026084557,3,300,3000,5,0.5,0.1,0.05,mixed,0.8
naive_panel_cp,0.948,0.8582628786009656,2.7373333333333334,0.16233333333333333,0.0,2026084557,3,300,3000,5,0.5,0.1,0.05,mixed,0.8
majority_cp,0.9696666666666667,0.8954110249091403,2.9876666666666667,0.10933333333333334,0.0,2026084558,3,300,3000,5,0.5,0.1,0.05,mixed,0.8
random_rater_cp,0.9893333333333333,0.9306869783897761,3.2626666666666666,0.049,0.0,2026084558,3,300,3000,5,0.5,0.1,0.05,mixed,0.8
naive_panel_cp,0.9536666666666667,0.8659599779891699,2.8293333333333335,0.14233333333333334,0.0,2026084558,3,300,3000,5,0.5,0.1,0.05,mixed,0.8
majority_cp,0.9646666666666667,0.8897131546710694,2.9426666666666668,0.10966666666666666,0.0,2026084559,3,300,3000,5,0.5,0.1,0.05,mixed,0.8
random_rater_cp,0.9646666666666667,0.8897131546710694,2.9426666666666668,0.10966666666666666,0.0,2026084559,3,300,3000,5,0.5,0.1,0.05,mixed,0.8
naive_panel_cp,0.9386666666666666,0.8460940632034523,2.714,0.15633333333333332,0.0,2026084559,3,300,3000,5,0.5,0.1,0.05,mixed,0.8
majority_cp,0.9353333333333333,0.8390844507024237,2.6933333333333334,0.15466666666666667,0.0,2026084560,3,300,3000,5,0.5,0.1,0.05,mixed,0.8
random_rater_cp,0.9396666666666667,0.8450203643514745,2.712666666666667,0.15433333333333332,0.0,2026084560,3,300,3000,5,0.5,0.1,0.05,mixed,0.8
naive_panel_cp,0.918,0.8131327114211772,2.577,0.17066666666666666,0.0,2026084560,3,300,3000,5,0.5,0.1,0.05,mixed,0.8
majority_cp,0.958,0.8757194358304298,2.868333333333333,0.131,0.0,2026084561,3,300,3000,5,0.5,0.1,0.05,mixed,0.8
random_rater_cp,0.9806666666666667,0.9158751267885797,3.150333333333333,0.07533333333333334,0.0,2026084561,3,300,3000,5,0.5,0.1,0.05,mixed,0.8
naive_panel_cp,0.9523333333333334,0.8665256363593776,2.8256666666666668,0.13833333333333334,0.0,2026084561,3,300,3000,5,0.5,0.1,0.05,mixed,0.8
majority_cp,0.969,0.88920855220262,2.9623333333333335,0.109,0.0,2026084562,3,300,3000,5,0.5,0.1,0.05,mixed,0.8
random_rater_cp,0.969,0.88920855220262,2.9623333333333335,0.109,0.0,2026084562,3,300,3000,5,0.5,0.1,0.05,mixed,0.8
naive_panel_cp,0.937,0.8340745041179092,2.674,0.161,0.0,2026084562,3,300,3000,5,0.5,0.1,0.05,mixed,0.8
majority_cp,0.9403333333333334,0.8472999755644407,2.7216666666666667,0.154,0.0,2026084563,3,300,3000,5,0.5,0.1,0.05,mixed,0.8
random_rater_cp,0.9533333333333334,0.8695431943683143,2.8333333333333335,0.137,0.0,2026084563,3,300,3000,5,0.5,0.1,0.05,mixed,0.8
naive_panel_cp,0.9353333333333333,0.8379462524519927,2.6736666666666666,0.16333333333333333,0.0,2026084563,3,300,3000,5,0.5,0.1,0.05,mixed,0.8
majority_cp,0.9656666666666667,0.8936838471312505,2.9753333333333334,0.106,0.0,2026084564,3,300,3000,5,0.5,0.1,0.05,mixed,0.8
random_rater_cp,0.975,0.9083383850257797,3.065,0.09166666666666666,0.0,2026084564,3,300,3000,5,0.5,0.1,0.05,mixed,0.8
naive_panel_cp,0.955,0.8718203825261438,2.8396666666666666,0.133,0.0,2026084564,3,300,3000,5,0.5,0.1,0.05,mixed,0.8
majority_cp,0.955,0.8712191686196732,2.8726666666666665,0.12166666666666667,0.0,2026084565,3,300,3000,5,0.5,0.1,0.05,mixed,0.8
random_rater_cp,0.9683333333333334,0.8931154678888372,2.991,0.1,0.0,2026084565,3,300,3000,5,0.5,0.1,0.05,mixed,0.8
naive_panel_cp,0.951,0.8597355287133354,2.7993333333333332,0.13966666666666666,0.0,2026084565,3,300,3000,5,0.5,0.1,0.05,mixed,0.8
majority_cp,0.9726666666666667,0.8987763872880266,2.9863333333333335,0.10233333333333333,0.0,2026084566,3,300,3000,5,0.5,0.1,0.05,mixed,0.8
random_rater_cp,0.9803333333333333,0.91338136749233,3.0906666666666665,0.08166666666666667,0.0,2026084566,3,300,3000,5,0.5,0.1,0.05,mixed,0.8
naive_panel_cp,0.94,0.8388674593185019,2.662333333333333,0.156,0.0,2026084566,3,300,3000,5,0.5,0.1,0.05,mixed,0.8
majority_cp,0.938,0.8531036857737692,2.7543333333333333,0.148,0.0,2026084567,3,300,3000,5,0.5,0.1,0.05,mixed,0.8
random_rater_cp,0.9666666666666667,0.8991427583454579,2.998666666666667,0.09866666666666667,0.0,2026084567,3,300,3000,5,0.5,0.1,0.05,mixed,0.8
naive_panel_cp,0.9253333333333333,0.830390133037555,2.64,0.16766666666666666,0.0,2026084567,3,300,3000,5,0.5,0.1,0.05,mixed,0.8
majority_cp,0.961,0.8808701081265174,2.934,0.11366666666666667,0.0,2026084568,3,300,3000,5,0.5,0.1,0.05,mixed,0.8
random_rater_cp,0.9613333333333334,0.8816145415707171,2.939,0.11333333333333333,0.0,2026084568,3,300,3000,5,0.5,0.1,0.05,mixed,0.8
naive_panel_cp,0.95,0.8621198437717561,2.8433333333333333,0.12733333333333333,0.0,2026084568,3,300,3000,5,0.5,0.1,0.05,mixed,0.8
majority_cp,0.9606666666666667,0.8779164603552214,2.8906666666666667,0.125,0.0,2026084569,3,300,3000,5,0.5,0.1,0.05,mixed,0.8
random_rater_cp,0.9753333333333334,0.9050642908261644,3.0633333333333335,0.09366666666666666,0.0,2026084569,3,300,3000,5,0.5,0.1,0.05,mixed,0.8
naive_panel_cp,0.9593333333333334,0.875547504705507,2.8773333333333335,0.12733333333333333,0.0,2026084569,3,300,3000,5,0.5,0.1,0.05,mixed,0.8
majority_cp,0.952,0.8662092428019814,2.841,0.132,0.0,2026084570,3,300,3000,5,0.5,0.1,0.05,mixed,0.8
random_rater_cp,0.9546666666666667,0.8725877129254277,2.8836666666666666,0.123,0.0,2026084570,3,300,3000,5,0.5,0.1,0.05,mixed,0.8
naive_panel_cp,0.922,0.8162660260778034,2.6003333333333334,0.17066666666666666,0.0,2026084570,3,300,3000,5,0.5,0.1,0.05,mixed,0.8
majority_cp,0.9736666666666667,0.8983029719835025,2.993333333333333,0.10133333333333333,0.0,2026084571,3,300,3000,5,0.5,0.1,0.05,mixed,0.8
random_rater_cp,0.9776666666666667,0.9061765605017086,3.0446666666666666,0.089,0.0,2026084571,3,300,3000,5,0.5,0.1,0.05,mixed,0.8
naive_panel_cp,0.9623333333333334,0.8751931217095289,2.8526666666666665,0.13133333333333333,0.0,2026084571,3,300,3000,5,0.5,0.1,0.05,mixed,0.8
majority_cp,0.9473333333333334,0.8563461633151478,2.767,0.15233333333333332,0.0,2026084572,3,300,3000,5,0.5,0.1,0.05,mixed,0.8
random_rater_cp,0.9543333333333334,0.8688847801759166,2.83,0.14266666666666666,0.0,2026084572,3,300,3000,5,0.5,0.1,0.05,mixed,0.8
naive_panel_cp,0.9263333333333333,0.8257984974984086,2.634333333333333,0.172,0.0,2026084572,3,300,3000,5,0.5,0.1,0.05,mixed,0.8
majority_cp,0.9643333333333334,0.8850241730346049,2.909666666666667,0.126,0.0,2026084573,3,300,3000,5,0.5,0.1,0.05,mixed,0.8
random_rater_cp,0.9853333333333333,0.9242144563336533,3.173,0.06866666666666667,0.0,2026084573,3,300,3000,5,0.5,0.1,0.05,mixed,0.8
naive_panel_cp,0.937,0.837977291383032,2.6816666666666666,0.17166666666666666,0.0,2026084573,3,300,3000,5,0.5,0.1,0.05,mixed,0.8
majority_cp,0.9826666666666667,0.9181418579890386,3.1216666666666666,0.08566666666666667,0.0,2026084574,3,300,3000,5,0.5,0.1,0.05,mixed,0.8
random_rater_cp,0.9863333333333333,0.9245305727634727,3.175666666666667,0.07133333333333333,0.0,2026084574,3,300,3000,5,0.5,0.1,0.05,mixed,0.8
naive_panel_cp,0.9596666666666667,0.8796804792578787,2.893666666666667,0.12833333333333333,0.0,2026084574,3,300,3000,5,0.5,0.1,0.05,mixed,0.8
majority_cp,0.963,0.8865126609040376,2.977,0.11,0.0,2026084575,3,300,3000,5,0.5,0.1,0.05,mixed,0.8
random_rater_cp,0.9666666666666667,0.8930035524190801,3.008,0.103,0.0,2026084575,3,300,3000,5,0.5,0.1,0.05,mixed,0.8
naive_panel_cp,0.944,0.8508981394448328,2.771,0.13966666666666666,0.0,2026084575,3,300,3000,5,0.5,0.1,0.05,mixed,0.8
majority_cp,0.9643333333333334,0.8788209558089048,2.8793333333333333,0.12166666666666667,0.0,2026084576,3,300,3000,5,0.5,0.1,0.05,mixed,0.8
random_rater_cp,0.9713333333333334,0.8948789919293949,2.9833333333333334,0.10366666666666667,0.0,2026084576,3,300,3000,5,0.5,0.1,0.05,mixed,0.8
naive_panel_cp,0.9566666666666667,0.8648837138023082,2.8073333333333332,0.133,0.0,2026084576,3,300,3000,5,0.5,0.1,0.05,mixed,0.8
majority_cp,0.9293333333333333,0.8292898071995101,2.5913333333333335,0.185,0.0,2026084577,3,300,3000,5,0.5,0.1,0.05,mixed,0.8
random_rater_cp,0.9476666666666667,0.8617039142141345,2.7493333333333334,0.15633333333333332,0.0,2026084577,3,300,3000,5,0.5,0.1,0.05,mixed,0.8
naive_panel_cp,0.9126666666666666,0.8011071170107489,2.4636666666666667,0.207,0.0,2026084577,3,300,3000,5,0.5,0.1,0.05,mixed,0.8
majority_cp,0.9753333333333334,0.9054487844549197,3.0476666666666667,0.09366666666666666,0.0,2026084578,3,300,3000,5,0.5,0.1,0.05,mixed,0.8
random_rater_cp,0.977,0.9086351577434939,3.068,0.08833333333333333,0.0,2026084578,3,300,3000,5,0.5,0.1,0.05,mixed,0.8
naive_panel_cp,0.9636666666666667,0.8843153851651062,2.9193333333333333,0.119,0.0,2026084578,3,300,3000,5,0.5,0.1,0.05,mixed,0.8
majority_cp,0.9626666666666667,0.8857708459684268,2.923,0.11633333333333333,0.0,2026084579,3,300,3000,5,0.5,0.1,0.05,mixed,0.8
random_rater_cp,0.976,0.9073558816669711,3.0576666666666665,0.09566666666666666,0.0,2026084579,3,300,3000,5,0.5,0.1,0.05,mixed,0.8
naive_panel_cp,0.9466666666666667,0.8581522300927974,2.7783333333333333,0.13766666666666666,0.0,2026084579,3,300,3000,5,0.5,0.1,0.05,mixed,0.8
majority_cp,0.9616666666666667,0.8768544786591264,2.8636666666666666,0.12966666666666668,0.0,2026084580,3,300,3000,5,0.5,0.1,0.05,mixed,0.8
random_rater_cp,0.9616666666666667,0.8768544786591264,2.8636666666666666,0.12966666666666668,0.0,2026084580,3,300,3000,5,0.5,0.1,0.05,mixed,0.8
naive_panel_cp,0.9406666666666667,0.8407052695009134,2.682,0.15833333333333333,0.0,2026084580,3,300,3000,5,0.5,0.1,0.05,mixed,0.8
majority_cp,0.9756666666666667,0.9081536942242662,3.058666666666667,0.093,0.0,2026084581,3,300,3000,5,0.5,0.1,0.05,mixed,0.8
random_rater_cp,0.9903333333333333,0.9352102433739916,3.2853333333333334,0.052333333333333336,0.0,2026084581,3,300,3000,5,0.5,0.1,0.05,mixed,0.8
naive_panel_cp,0.9396666666666667,0.846738230556868,2.724666666666667,0.151,0.0,2026084581,3,300,3000,5,0.5,0.1,0.05,mixed,0.8
majority_cp,0.9756666666666667,0.907579552260575,3.050333333333333,0.09333333333333334,0.0,2026084582,3,300,3000,5,0.5,0.1,0.05,mixed,0.8
random_rater_cp,0.9833333333333333,0.923021608280859,3.1656666666666666,0.065,0.0,2026084582,3,300,3000,5,0.5,0.1,0.05,mixed,0.8
naive_panel_cp,0.956,0.8748039949430003,2.872,0.12166666666666667,0.0,2026084582,3,300,3000,5,0.5,0.1,0.05,mixed,0.8
majority_cp,0.9383333333333334,0.8364681423862724,2.6446666666666667,0.17133333333333334,0.0,2026084583,3,300,3000,5,0.5,0.1,0.05,mixed,0.8
random_rater_cp,0.9653333333333334,0.8861309526720349,2.9133333333333336,0.11666666666666667,0.0,2026084583,3,300,3000,5,0.5,0.1,0.05,mixed,0.8
naive_panel_cp,0.9346666666666666,0.8293540937822588,2.6113333333333335,0.17533333333333334,0.0,2026084583,3,300,3000,5,0.5,0.1,0.05,mixed,0.8
majority_cp,0.977,0.9043240833817858,3.0816666666666666,0.08233333333333333,0.0,2026084584,3,300,3000,5,0.5,0.1,0.05,mixed,0.8
random_rater_cp,0.9763333333333334,0.902818962337203,3.0723333333333334,0.08466666666666667,0.0,2026084584,3,300,3000,5,0.5,0.1,0.05,mixed,0.8
naive_panel_cp,0.952,0.8573154574763985,2.7983333333333333,0.141,0.0,2026084584,3,300,3000,5,0.5,0.1,0.05,mixed,0.8
majority_cp,0.955,0.8616918352728972,2.8026666666666666,0.14733333333333334,0.0,2026084585,3,300,3000,5,0.5,0.1,0.05,mixed,0.8
random_rater_cp,0.9763333333333334,0.9027475590932151,3.046,0.09033333333333333,0.0,2026084585,3,300,3000,5,0.5,0.1,0.05,mixed,0.8
naive_panel_cp,0.949,0.8517084141850201,2.751,0.15966666666666668,0.0,2026084585,3,300,3000,5,0.5,0.1,0.05,mixed,0.8
majority_cp,0.9653333333333334,0.887970971810462,2.9266666666666667,0.119,0.0,2026084586,3,300,3000,5,0.5,0.1,0.05,mixed,0.8
random_rater_cp,0.978,0.9123779489165975,3.098,0.091,0.0,2026084586,3,300,3000,5,0.5,0.1,0.05,mixed,0.8
naive_panel_cp,0.9443333333333334,0.8498691675457243,2.727,0.15533333333333332,0.0,2026084586,3,300,3000,5,0.5,0.1,0.05,mixed,0.8
majority_cp,0.9696666666666667,0.8976393962895934,3.0206666666666666,0.097,0.0,2026084587,3,300,3000,5,0.5,0.1,0.05,mixed,0.8
random_rater_cp,0.9793333333333333,0.9143855541579266,3.1296666666666666,0.076,0.0,2026084587,3,300,3000,5,0.5,0.1,0.05,mixed,0.8
naive_panel_cp,0.9583333333333334,0.8745947718312982,2.8743333333333334,0.12966666666666668,0.0,2026084587,3,300,3000,5,0.5,0.1,0.05,mixed,0.8
majority_cp,0.959,0.8739147837232845,2.844,0.14133333333333334,0.0,2026084588,3,300,3000,5,0.5,0.1,0.05,mixed,0.8
random_rater_cp,0.9723333333333334,0.8990378924176603,2.9926666666666666,0.11133333333333334,0.0,2026084588,3,300,3000,5,0.5,0.1,0.05,mixed,0.8
naive_panel_cp,0.9383333333333334,0.8384806474304068,2.6723333333333334,0.16366666666666665,0.0,2026084588,3,300,3000,5,0.5,0.1,0.05,mixed,0.8
majority_cp,0.978,0.9115788972000352,3.1046666666666667,0.08233333333333333,0.0,2026084589,3,300,3000,5,0.5,0.1,0.05,mixed,0.8
random_rater_cp,0.9716666666666667,0.8995652631286554,3.028,0.09733333333333333,0.0,2026084589,3,300,3000,5,0.5,0.1,0.05,mixed,0.8
naive_panel_cp,0.946,0.8559255273626237,2.7893333333333334,0.13933333333333334,0.0,2026084589,3,300,3000,5,0.5,0.1,0.05,mixed,0.8
majority_cp,0.9423333333333334,0.8447268569258467,2.6973333333333334,0.157,0.0,2026084590,3,300,3000,5,0.5,0.1,0.05,mixed,0.8
random_rater_cp,0.967,0.8892383714019879,2.9396666666666667,0.11366666666666667,0.0,2026084590,3,300,3000,5,0.5,0.1,0.05,mixed,0.8
naive_panel_cp,0.941,0.842461181646549,2.6856666666666666,0.15866666666666668,0.0,2026084590,3,300,3000,5,0.5,0.1,0.05,mixed,0.8
majority_cp,0.961,0.8822104718180683,2.877,0.126,0.0,2026084591,3,300,3000,5,0.5,0.1,0.05,mixed,0.8
random_rater_cp,0.961,0.8829241050629361,2.888,0.12366666666666666,0.0,2026084591,3,300,3000,5,0.5,0.1,0.05,mixed,0.8
naive_panel_cp,0.9386666666666666,0.8423764275894701,2.6823333333333332,0.15833333333333333,0.0,2026084591,3,300,3000,5,0.5,0.1,0.05,mixed,0.8
majority_cp,0.9706666666666667,0.8981672280913353,2.9923333333333333,0.09966666666666667,0.0,2026084592,3,300,3000,5,0.5,0.1,0.05,mixed,0.8
random_rater_cp,0.9846666666666667,0.9245153289073506,3.185,0.06366666666666666,0.0,2026084592,3,300,3000,5,0.5,0.1,0.05,mixed,0.8
naive_panel_cp,0.9593333333333334,0.876163059941864,2.8676666666666666,0.12433333333333334,0.0,2026084592,3,300,3000,5,0.5,0.1,0.05,mixed,0.8
majority_cp,0.9666666666666667,0.8953469495804832,3.032,0.09833333333333333,0.0,2026084593,3,300,3000,5,0.5,0.1,0.05,mixed,0.8
random_rater_cp,0.9753333333333334,0.9094786677290758,3.1266666666666665,0.08,0.0,2026084593,3,300,3000,5,0.5,0.1,0.05,mixed,0.8
naive_panel_cp,0.9396666666666667,0.84661393721404,2.75,0.148,0.0,2026084593,3,300,3000,5,0.5,0.1,0.05,mixed,0.8
majority_cp,0.9796666666666667,0.9104153866796489,3.077,0.08366666666666667,0.0,2026084594,3,300,3000,5,0.5,0.1,0.05,mixed,0.8
random_rater_cp,0.9796666666666667,0.9109903867647948,3.0856666666666666,0.083,0.0,2026084594,3,300,3000,5,0.5,0.1,0.05,mixed,0.8
naive_panel_cp,0.9473333333333334,0.8542753975774747,2.757,0.14866666666666667,0.0,2026084594,3,300,3000,5,0.5,0.1,0.05,mixed,0.8
majority_cp,0.9556666666666667,0.8671765552730485,2.84,0.13533333333333333,0.0,2026084595,3,300,3000,5,0.5,0.1,0.05,mixed,0.8
random_rater_cp,0.979,0.9080024093574777,3.066,0.08733333333333333,0.0,2026084595,3,300,3000,5,0.5,0.1,0.05,mixed,0.8
naive_panel_cp,0.9173333333333333,0.7996209766384845,2.5193333333333334,0.18533333333333332,0.0,2026084595,3,300,3000,5,0.5,0.1,0.05,mixed,0.8
majority_cp,0.9623333333333334,0.8804049791548973,2.8793333333333333,0.131,0.0,2026084596,3,300,3000,5,0.5,0.1,0.05,mixed,0.8
random_rater_cp,0.9616666666666667,0.8792386362471349,2.8733333333333335,0.13233333333333333,0.0,2026084596,3,300,3000,5,0.5,0.1,0.05,mixed,0.8
naive_panel_cp,0.9486666666666667,0.8552357040367968,2.7483333333333335,0.15533333333333332,0.0,2026084596,3,300,3000,5,0.5,0.1,0.05,mixed,0.8
majority_cp,0.9656666666666667,0.8871148682462517,2.9343333333333335,0.12266666666666666,0.0,2026084597,3,300,3000,5,0.5,0.1,0.05,mixed,0.8
random_rater_cp,0.976,0.9051920592478473,3.0383333333333336,0.09866666666666667,0.0,2026084597,3,300,3000,5,0.5,0.1,0.05,mixed,0.8
naive_panel_cp,0.9356666666666666,0.8428920734320976,2.719333333333333,0.159,0.0,2026084597,3,300,3000,5,0.5,0.1,0.05,mixed,0.8
majority_cp,0.9523333333333334,0.8684401925325842,2.833,0.134,0.0,2026084598,3,300,3000,5,0.5,0.1,0.05,mixed,0.8
random_rater_cp,0.9836666666666667,0.9211745957132278,3.1456666666666666,0.073,0.0,2026084598,3,300,3000,5,0.5,0.1,0.05,mixed,0.8
naive_panel_cp,0.9276666666666666,0.8233676667474695,2.598,0.175,0.0,2026084598,3,300,3000,5,0.5,0.1,0.05,mixed,0.8
majority_cp,0.9596666666666667,0.8795117283710985,2.8873333333333333,0.126,0.0,2026084599,3,300,3000,5,0.5,0.1,0.05,mixed,0.8
random_rater_cp,0.9663333333333334,0.8920785383749164,2.9616666666666664,0.10866666666666666,0.0,2026084599,3,300,3000,5,0.5,0.1,0.05,mixed,0.8
naive_panel_cp,0.9353333333333333,0.8348279067399411,2.6626666666666665,0.165,0.0,2026084599,3,300,3000,5,0.5,0.1,0.05,mixed,0.8
majority_cp,0.9573333333333334,0.8696963487343663,2.8386666666666667,0.13266666666666665,0.0,2026084600,3,300,3000,5,0.5,0.1,0.05,mixed,0.8
random_rater_cp,0.969,0.8932239216082395,2.9783333333333335,0.101,0.0,2026084600,3,300,3000,5,0.5,0.1,0.05,mixed,0.8
naive_panel_cp,0.9406666666666667,0.8407301101623962,2.691666666666667,0.15866666666666668,0.0,2026084600,3,300,3000,5,0.5,0.1,0.05,mixed,0.8
majority_cp,0.981,0.9138737776810602,3.099,0.088,0.0,2026084601,3,300,3000,5,0.5,0.1,0.05,mixed,0.8
random_rater_cp,0.986,0.9236023347784833,3.17,0.07266666666666667,0.0,2026084601,3,300,3000,5,0.5,0.1,0.05,mixed,0.8
naive_panel_cp,0.957,0.8713226067651978,2.844,0.12933333333333333,0.0,2026084601,3,300,3000,5,0.5,0.1,0.05,mixed,0.8
majority_cp,0.9493333333333334,0.8656756791146595,2.791333333333333,0.135,0.0,2026084602,3,300,3000,5,0.5,0.1,0.05,mixed,0.8
random_rater_cp,0.9553333333333334,0.8763826743186534,2.849666666666667,0.12533333333333332,0.0,2026084602,3,300,3000,5,0.5,0.1,0.05,mixed,0.8
naive_panel_cp,0.9386666666666666,0.8486126405395704,2.7093333333333334,0.15066666666666667,0.0,2026084602,3,300,3000,5,0.5,0.1,0.05,mixed,0.8
majority_cp,0.969,0.8925181801362981,2.9503333333333335,0.11966666666666667,0.0,2026084603,3,300,3000,5,0.5,0.1,0.05,mixed,0.8
random_rater_cp,0.969,0.8925181801362981,2.9503333333333335,0.11966666666666667,0.0,2026084603,3,300,3000,5,0.5,0.1,0.05,mixed,0.8
naive_panel_cp,0.9516666666666667,0.8653892644652754,2.811,0.146,0.0,2026084603,3,300,3000,5,0.5,0.1,0.05,mixed,0.8
majority_cp,0.9636666666666667,0.8848573938184006,2.914,0.11766666666666667,0.0,2026084604,3,300,3000,5,0.5,0.1,0.05,mixed,0.8
random_rater_cp,0.9663333333333334,0.8889817867391606,2.9396666666666667,0.11133333333333334,0.0,2026084604,3,300,3000,5,0.5,0.1,0.05,mixed,0.8
naive_panel_cp,0.9366666666666666,0.8385849083475461,2.6863333333333332,0.16433333333333333,0.0,2026084604,3,300,3000,5,0.5,0.1,0.05,mixed,0.8
majority_cp,0.949,0.8629946557329972,2.841,0.12166666666666667,0.0,2026084605,3,300,3000,5,0.5,0.1,0.05,mixed,0.8
random_rater_cp,0.972,0.9016124833121175,3.0686666666666667,0.08,0.0,2026084605,3,300,3000,5,0.5,0.1,0.05,mixed,0.8
naive_panel_cp,0.9266666666666666,0.8197625656239652,2.6173333333333333,0.16166666666666665,0.0,2026084605,3,300,3000,5,0.5,0.1,0.05,mixed,0.8
majority_cp,0.9576666666666667,0.8795712830004089,2.882,0.12666666666666668,0.0,2026084606,3,300,3000,5,0.5,0.1,0.05,mixed,0.8
random_rater_cp,0.975,0.9067447160598303,3.024,0.101,0.0,2026084606,3,300,3000,5,0.5,0.1,0.05,mixed,0.8
naive_panel_cp,0.9383333333333334,0.8456175579239212,2.715333333333333,0.15266666666666667,0.0,2026084606,3,300,3000,5,0.5,0.1,0.05,mixed,0.8
majority_cp,0.951,0.8660546051850622,2.8226666666666667,0.13766666666666666,0.0,2026084607,3,300,3000,5,0.5,0.1,0.05,mixed,0.8
random_rater_cp,0.9783333333333334,0.911303771371641,3.0873333333333335,0.08566666666666667,0.0,2026084607,3,300,3000,5,0.5,0.1,0.05,mixed,0.8
naive_panel_cp,0.923,0.8182964049718104,2.5833333333333335,0.17766666666666667,0.0,2026084607,3,300,3000,5,0.5,0.1,0.05,mixed,0.8
majority_cp,0.967,0.8888963310846545,2.917333333333333,0.127,0.0,2026084608,3,300,3000,5,0.5,0.1,0.05,mixed,0.8
random_rater_cp,0.9753333333333334,0.9070114846689484,3.0566666666666666,0.09166666666666666,0.0,2026084608,3,300,3000,5,0.5,0.1,0.05,mixed,0.8
naive_panel_cp,0.9463333333333334,0.8563351953809551,2.7576666666666667,0.15733333333333333,0.0,2026084608,3,300,3000,5,0.5,0.1,0.05,mixed,0.8
majority_cp,0.9666666666666667,0.8891490397533182,2.9636666666666667,0.111,0.0,2026084609,3,300,3000,5,0.5,0.1,0.05,mixed,0.8
random_rater_cp,0.9763333333333334,0.9056469551525715,3.0563333333333333,0.09433333333333334,0.0,2026084609,3,300,3000,5,0.5,0.1,0.05,mixed,0.8
naive_panel_cp,0.9513333333333334,0.8608306234999421,2.824666666666667,0.137,0.0,2026084609,3,300,3000,5,0.5,0.1,0.05,mixed,0.8
majority_cp,0.966,0.892735531695867,2.975,0.10766666666666666,0.0,2026084610,3,300,3000,5,0.5,0.1,0.05,mixed,0.8
random_rater_cp,0.9726666666666667,0.9035638245661544,3.0383333333333336,0.09533333333333334,0.0,2026084610,3,300,3000,5,0.5,0.1,0.05,mixed,0.8
naive_panel_cp,0.9396666666666667,0.8462937466581182,2.728,0.15133333333333332,0.0,2026084610,3,300,3000,5,0.5,0.1,0.05,mixed,0.8
majority_cp,0.9643333333333334,0.8845036010672702,2.9466666666666668,0.11433333333333333,0.0,2026084611,3,300,3000,5,0.5,0.1,0.05,mixed,0.8
random_rater_cp,0.987,0.9254389967126251,3.226,0.058333333333333334,0.0,2026084611,3,300,3000,5,0.5,0.1,0.05,mixed,0.8
naive_panel_cp,0.9536666666666667,0.8652728833734303,2.839,0.135,0.0,2026084611,3,300,3000,5,0.5,0.1,0.05,mixed,0.8
majority_cp,0.9786666666666667,0.9088122157104175,3.0766666666666667,0.093,0.0,2026084612,3,300,3000,5,0.5,0.1,0.05,mixed,0.8
random_rater_cp,0.9786666666666667,0.9088122157104175,3.0766666666666667,0.093,0.0,2026084612,3,300,3000,5,0.5,0.1,0.05,mixed,0.8
naive_panel_cp,0.9526666666666667,0.864666632586393,2.816,0.13833333333333334,0.0,2026084612,3,300,3000,5,0.5,0.1,0.05,mixed,0.8
majority_cp,0.9603333333333334,0.881159835899742,2.9046666666666665,0.131,0.0,2026084613,3,300,3000,5,0.5,0.1,0.05,mixed,0.8
random_rater_cp,0.9803333333333333,0.9145212804533651,3.0973333333333333,0.095,0.0,2026084613,3,300,3000,5,0.5,0.1,0.05,mixed,0.8
naive_panel_cp,0.9436666666666667,0.8537262603218678,2.7683333333333335,0.15133333333333332,0.0,2026084613,3,300,3000,5,0.5,0.1,0.05,mixed,0.8
majority_cp,0.9696666666666667,0.8950291768157989,2.9713333333333334,0.10766666666666666,0.0,2026084614,3,300,3000,5,0.5,0.1,0.05,mixed,0.8
random_rater_cp,0.9623333333333334,0.8823831637298044,2.896333333333333,0.12066666666666667,0.0,2026084614,3,300,3000,5,0.5,0.1,0.05,mixed,0.8
naive_panel_cp,0.9533333333333334,0.8637425751465962,2.796,0.142,0.0,2026084614,3,300,3000,5,0.5,0.1,0.05,mixed,0.8
majority_cp,0.9686666666666667,0.8992446839228693,3.066666666666667,0.09133333333333334,0.0,2026084615,3,300,3000,5,0.5,0.1,0.05,mixed,0.8
random_rater_cp,0.9786666666666667,0.9133508291681216,3.15,0.07366666666666667,0.0,2026084615,3,300,3000,5,0.5,0.1,0.05,mixed,0.8
naive_panel_cp,0.947,0.8582435269159859,2.8096666666666668,0.14633333333333334,0.0,2026084615,3,300,3000,5,0.5,0.1,0.05,mixed,0.8
majority_cp,0.974,0.9076309026129257,3.098,0.07966666666666666,0.0,2026084616,3,300,3000,5,0.5,0.1,0.05,mixed,0.8
random_rater_cp,0.9793333333333333,0.9169822869800461,3.167666666666667,0.07033333333333333,0.0,2026084616,3,300,3000,5,0.5,0.1,0.05,mixed,0.8
naive_panel_cp,0.9546666666666667,0.8687896085356741,2.843,0.13266666666666665,0.0,2026084616,3,300,3000,5,0.5,0.1,0.05,mixed,0.8
majority_cp,0.9506666666666667,0.8620823157267157,2.7946666666666666,0.138,0.0,2026084617,3,300,3000,5,0.5,0.1,0.05,mixed,0.8
random_rater_cp,0.9746666666666667,0.907673517089675,3.0713333333333335,0.08966666666666667,0.0,2026084617,3,300,3000,5,0.5,0.1,0.05,mixed,0.8
naive_panel_cp,0.932,0.8327886757353954,2.655666666666667,0.16466666666666666,0.0,2026084617,3,300,3000,5,0.5,0.1,0.05,mixed,0.8
majority_cp,0.9746666666666667,0.9008596885364765,2.986,0.105,0.0,2026084618,3,300,3000,5,0.5,0.1,0.05,mixed,0.8
random_rater_cp,0.988,0.925536963550966,3.1763333333333335,0.07033333333333333,0.0,2026084618,3,300,3000,5,0.5,0.1,0.05,mixed,0.8
naive_panel_cp,0.9633333333333334,0.8829064560277261,2.8813333333333335,0.127,0.0,2026084618,3,300,3000,5,0.5,0.1,0.05,mixed,0.8
majority_cp,0.944,0.8485226355655021,2.7363333333333335,0.15166666666666667,0.0,2026084619,3,300,3000,5,0.5,0.1,0.05,mixed,0.8
random_rater_cp,0.962,0.87934626567066,2.8873333333333333,0.123,0.0,2026084619,3,300,3000,5,0.5,0.1,0.05,mixed,0.8
naive_panel_cp,0.9383333333333334,0.8363101575948929,2.6733333333333333,0.164,0.0,2026084619,3,300,3000,5,0.5,0.1,0.05,mixed,0.8
majority_cp,0.9783333333333334,0.9041151135516403,3.045,0.09633333333333334,0.0,2026084620,3,300,3000,5,0.5,0.1,0.05,mixed,0.8
random_rater_cp,0.98,0.9070150937685727,3.062,0.093,0.0,2026084620,3,300,3000,5,0.5,0.1,0.05,mixed,0.8
naive_panel_cp,0.968,0.8860045467710312,2.94,0.118,0.0,2026084620,3,300,3000,5,0.5,0.1,0.05,mixed,0.8
majority_cp,0.9606666666666667,0.8827405716558621,2.913,0.116,0.0,2026084621,3,300,3000,5,0.5,0.1,0.05,mixed,0.8
random_rater_cp,0.978,0.9116834274490065,3.082666666666667,0.08366666666666667,0.0,2026084621,3,300,3000,5,0.5,0.1,0.05,mixed,0.8
naive_panel_cp,0.9573333333333334,0.8744395427174676,2.8613333333333335,0.12666666666666668,0.0,2026084621,3,300,3000,5,0.5,0.1,0.05,mixed,0.8
majority_cp,0.982,0.924824106681037,3.187333333333333,0.063,0.0,2026084622,3,300,3000,5,0.5,0.1,0.05,mixed,0.8
random_rater_cp,0.9776666666666667,0.9160441205293789,3.110333333333333,0.079,0.0,2026084622,3,300,3000,5,0.5,0.1,0.05,mixed,0.8
naive_panel_cp,0.9676666666666667,0.8967066845735502,2.978,0.103,0.0,2026084622,3,300,3000,5,0.5,0.1,0.05,mixed,0.8
majority_cp,0.9593333333333334,0.8691144185548507,2.818,0.15133333333333332,0.0,2026084623,3,300,3000,5,0.5,0.1,0.05,mixed,0.8
random_rater_cp,0.9723333333333334,0.8974380823208967,2.9836666666666667,0.106,0.0,2026084623,3,300,3000,5,0.5,0.1,0.05,mixed,0.8
naive_panel_cp,0.9436666666666667,0.8458898543179315,2.7173333333333334,0.16233333333333333,0.0,2026084623,3,300,3000,5,0.5,0.1,0.05,mixed,0.8
majority_cp,0.979,0.9140749561991197,3.1176666666666666,0.081,0.0,2026084624,3,300,3000,5,0.5,0.1,0.05,mixed,0.8
random_rater_cp,0.9843333333333333,0.9261920309184916,3.232,0.05733333333333333,0.0,2026084624,3,300,3000,5,0.5,0.1,0.05,mixed,0.8
naive_panel_cp,0.9526666666666667,0.8725375274548448,2.8713333333333333,0.12766666666666668,0.0,2026084624,3,300,3000,5,0.5,0.1,0.05,mixed,0.8
majority_cp,0.9596666666666667,0.8837303874184174,2.92,0.11433333333333333,0.0,2026084625,3,300,3000,5,0.5,0.1,0.05,mixed,0.8
random_rater_cp,0.9526666666666667,0.8696003450452322,2.838,0.13366666666666666,0.0,2026084625,3,300,3000,5,0.5,0.1,0.05,mixed,0.8
naive_panel_cp,0.9376666666666666,0.8460601927064233,2.722,0.153,0.0,2026084625,3,300,3000,5,0.5,0.1,0.05,mixed,0.8
majority_cp,0.9663333333333334,0.8969350613252792,2.9796666666666667,0.10133333333333333,0.0,2026084626,3,300,3000,5,0.5,0.1,0.05,mixed,0.8
random_rater_cp,0.9833333333333333,0.9248907308216794,3.183,0.057,0.0,2026084626,3,300,3000,5,0.5,0.1,0.05,mixed,0.8
naive_panel_cp,0.9436666666666667,0.8565088905164412,2.744666666666667,0.14766666666666667,0.0,2026084626,3,300,3000,5,0.5,0.1,0.05,mixed,0.8
majority_cp,0.959,0.8758152187691709,2.853,0.13333333333333333,0.0,2026084627,3,300,3000,5,0.5,0.1,0.05,mixed,0.8
random_rater_cp,0.9746666666666667,0.9056159220763167,3.0283333333333333,0.09333333333333334,0.0,2026084627,3,300,3000,5,0.5,0.1,0.05,mixed,0.8
naive_panel_cp,0.944,0.8490924186153679,2.706,0.167,0.0,2026084627,3,300,3000,5,0.5,0.1,0.05,mixed,0.8
majority_cp,0.946,0.8560296765979122,2.804,0.147,0.0,2026084628,3,300,3000,5,0.5,0.1,0.05,mixed,0.8
random_rater_cp,0.9676666666666667,0.8922233053722867,3.002,0.104,0.0,2026084628,3,300,3000,5,0.5,0.1,0.05,mixed,0.8
naive_panel_cp,0.9386666666666666,0.8450756202556813,2.7483333333333335,0.155,0.0,2026084628,3,300,3000,5,0.5,0.1,0.05,mixed,0.8
majority_cp,0.964,0.8803820329760397,2.8846666666666665,0.127,0.0,2026084629,3,300,3000,5,0.5,0.1,0.05,mixed,0.8
random_rater_cp,0.9926666666666667,0.9357454840203236,3.280666666666667,0.043,0.0,2026084629,3,300,3000,5,0.5,0.1,0.05,mixed,0.8
naive_panel_cp,0.9443333333333334,0.8511406114597475,2.751,0.148,0.0,2026084629,3,300,3000,5,0.5,0.1,0.05,mixed,0.8
majority_cp,0.9706666666666667,0.8936142703358528,3.001333333333333,0.10633333333333334,0.0,2026084630,3,300,3000,5,0.5,0.1,0.05,mixed,0.8
random_rater_cp,0.9833333333333333,0.9164277489070549,3.1506666666666665,0.07466666666666667,0.0,2026084630,3,300,3000,5,0.5,0.1,0.05,mixed,0.8
naive_panel_cp,0.9326666666666666,0.8276181896438844,2.6563333333333334,0.15966666666666668,0.0,2026084630,3,300,3000,5,0.5,0.1,0.05,mixed,0.8
majority_cp,0.953,0.8667607483216481,2.815,0.141,0.0,2026084631,3,300,3000,5,0.5,0.1,0.05,mixed,0.8
random_rater_cp,0.9656666666666667,0.8905269468242564,2.9476666666666667,0.113,0.0,2026084631,3,300,3000,5,0.5,0.1,0.05,mixed,0.8
naive_panel_cp,0.932,0.8313806337328551,2.6496666666666666,0.165,0.0,2026084631,3,300,3000,5,0.5,0.1,0.05,mixed,0.8
majority_cp,0.9616666666666667,0.8840671219528398,2.913,0.12266666666666666,0.0,2026084632,3,300,3000,5,0.5,0.1,0.05,mixed,0.8
random_rater_cp,0.9793333333333333,0.9142413121549418,3.1026666666666665,0.08566666666666667,0.0,2026084632,3,300,3000,5,0.5,0.1,0.05,mixed,0.8
naive_panel_cp,0.9493333333333334,0.8640427537700789,2.804666666666667,0.13866666666666666,0.0,2026084632,3,300,3000,5,0.5,0.1,0.05,mixed,0.8
majority_cp,0.974,0.9012086326973464,2.964,0.10833333333333334,0.0,2026084633,3,300,3000,5,0.5,0.1,0.05,mixed,0.8
random_rater_cp,0.976,0.9059031864403551,2.9983333333333335,0.10233333333333333,0.0,2026084633,3,300,3000,5,0.5,0.1,0.05,mixed,0.8
naive_panel_cp,0.9483333333333334,0.8591755674904382,2.724666666666667,0.15166666666666667,0.0,2026084633,3,300,3000,5,0.5,0.1,0.05,mixed,0.8
majority_cp,0.9473333333333334,0.8595803631661992,2.7956666666666665,0.13833333333333334,0.0,2026084634,3,300,3000,5,0.5,0.1,0.05,mixed,0.8
random_rater_cp,0.9616666666666667,0.8853165717831935,2.9483333333333333,0.10733333333333334,0.0,2026084634,3,300,3000,5,0.5,0.1,0.05,mixed,0.8
naive_panel_cp,0.9396666666666667,0.8462055158441567,2.726,0.15133333333333332,0.0,2026084634,3,300,3000,5,0.5,0.1,0.05,mixed,0.8
majority_cp,0.9636666666666667,0.8828730486979972,2.911,0.11633333333333333,0.0,2026084635,3,300,3000,5,0.5,0.1,0.05,mixed,0.8
random_rater_cp,0.9713333333333334,0.8989109355994909,3.010666666666667,0.09833333333333333,0.0,2026084635,3,300,3000,5,0.5,0.1,0.05,mixed,0.8
naive_panel_cp,0.9553333333333334,0.86556223625045,2.812333333333333,0.13766666666666666,0.0,2026084635,3,300,3000,5,0.5,0.1,0.05,mixed,0.8
majority_cp,0.9456666666666667,0.8510889557107344,2.759333333333333,0.14266666666666666,0.0,2026084636,3,300,3000,5,0.5,0.1,0.05,mixed,0.8
random_rater_cp,0.962,0.8812794282446348,2.922,0.10966666666666666,0.0,2026084636,3,300,3000,5,0.5,0.1,0.05,mixed,0.8
naive_panel_cp,0.9356666666666666,0.8326709577883907,2.659,0.156,0.0,2026084636,3,300,3000,5,0.5,0.1,0.05,mixed,0.8
majority_cp,0.968,0.8906114792127792,2.961333333333333,0.11066666666666666,0.0,2026084637,3,300,3000,5,0.5,0.1,0.05,mixed,0.8
random_rater_cp,0.9806666666666667,0.916341034664673,3.141,0.07,0.0,2026084637,3,300,3000,5,0.5,0.1,0.05,mixed,0.8
naive_panel_cp,0.9536666666666667,0.866375053007344,2.826,0.137,0.0,2026084637,3,300,3000,5,0.5,0.1,0.05,mixed,0.8
majority_cp,0.945,0.8536307190543918,2.764,0.148,0.0,2026084638,3,300,3000,5,0.5,0.1,0.05,mixed,0.8
random_rater_cp,0.976,0.906120544852591,3.0433333333333334,0.09466666666666666,0.0,2026084638,3,300,3000,5,0.5,0.1,0.05,mixed,0.8
naive_panel_cp,0.9293333333333333,0.8253960004790345,2.6203333333333334,0.173,0.0,2026084638,3,300,3000,5,0.5,0.1,0.05,mixed,0.8
majority_cp,0.9706666666666667,0.9027056276429215,3.0563333333333333,0.08766666666666667,0.0,2026084639,3,300,3000,5,0.5,0.1,0.05,mixed,0.8
random_rater_cp,0.985,0.9282864230145311,3.269,0.047,0.0,2026084639,3,300,3000,5,0.5,0.1,0.05,mixed,0.8
naive_panel_cp,0.9596666666666667,0.8854971010938146,2.9486666666666665,0.10733333333333334,0.0,2026084639,3,300,3000,5,0.5,0.1,0.05,mixed,0.8
majority_cp,0.9633333333333334,0.8861657752903473,2.9146666666666667,0.12066666666666667,0.0,2026084640,3,300,3000,5,0.5,0.1,0.05,mixed,0.8
random_rater_cp,0.9816666666666667,0.9188089619123321,3.1106666666666665,0.08166666666666667,0.0,2026084640,3,300,3000,5,0.5,0.1,0.05,mixed,0.8
naive_panel_cp,0.944,0.8527656335306676,2.7396666666666665,0.15233333333333332,0.0,2026084640,3,300,3000,5,0.5,0.1,0.05,mixed,0.8
majority_cp,0.97,0.8988058074322204,2.982666666666667,0.104,0.0,2026084641,3,300,3000,5,0.5,0.1,0.05,mixed,0.8
random_rater_cp,0.975,0.9072756056522265,3.037333333333333,0.09566666666666666,0.0,2026084641,3,300,3000,5,0.5,0.1,0.05,mixed,0.8
naive_panel_cp,0.954,0.8720471421121624,2.824,0.14033333333333334,0.0,2026084641,3,300,3000,5,0.5,0.1,0.05,mixed,0.8
majority_cp,0.9676666666666667,0.894263241533944,2.9916666666666667,0.10133333333333333,0.0,2026084642,3,300,3000,5,0.5,0.1,0.05,mixed,0.8
random_rater_cp,0.9836666666666667,0.9235896987542204,3.2046666666666668,0.056666666666666664,0.0,2026084642,3,300,3000,5,0.5,0.1,0.05,mixed,0.8
naive_panel_cp,0.9426666666666667,0.8489431305694519,2.7403333333333335,0.14933333333333335,0.0,2026084642,3,300,3000,5,0.5,0.1,0.05,mixed,0.8
majority_cp,0.9533333333333334,0.8722817734315722,2.8556666666666666,0.13866666666666666,0.0,2026084643,3,300,3000,5,0.5,0.1,0.05,mixed,0.8
random_rater_cp,0.983,0.9214950054937499,3.1653333333333333,0.06866666666666667,0.0,2026084643,3,300,3000,5,0.5,0.1,0.05,mixed,0.8
naive_panel_cp,0.9423333333333334,0.8543859721332611,2.7596666666666665,0.156,0.0,2026084643,3,300,3000,5,0.5,0.1,0.05,mixed,0.8
majority_cp,0.9396666666666667,0.8456114978675676,2.7216666666666667,0.15466666666666667,0.0,2026084644,3,300,3000,5,0.5,0.1,0.05,mixed,0.8
random_rater_cp,0.9636666666666667,0.8869897836278157,2.938,0.112,0.0,2026084644,3,300,3000,5,0.5,0.1,0.05,mixed,0.8
naive_panel_cp,0.9256666666666666,0.821388675687347,2.6056666666666666,0.17366666666666666,0.0,2026084644,3,300,3000,5,0.5,0.1,0.05,mixed,0.8
majority_cp,0.936,0.838354305007326,2.7453333333333334,0.14566666666666667,0.0,2026084645,3,300,3000,5,0.5,0.1,0.05,mixed,0.8
random_rater_cp,0.9536666666666667,0.8681980724821157,2.8933333333333335,0.12633333333333333,0.0,2026084645,3,300,3000,5,0.5,0.1,0.05,mixed,0.8
naive_panel_cp,0.9323333333333333,0.8318793210690271,2.711,0.15066666666666667,0.0,2026084645,3,300,3000,5,0.5,0.1,0.05,mixed,0.8
majority_cp,0.942,0.8378232260460646,2.667333333333333,0.164,0.0,2026084646,3,300,3000,5,0.5,0.1,0.05,mixed,0.8
random_rater_cp,0.9666666666666667,0.8835423878003731,2.906,0.121,0.0,2026084646,3,300,3000,5,0.5,0.1,0.05,mixed,0.8
naive_panel_cp,0.938,0.8308011685111906,2.638333333333333,0.16866666666666666,0.0,2026084646,3,300,3000,5,0.5,0.1,0.05,mixed,0.8
majority_cp,0.9646666666666667,0.8847577888645589,2.902,0.121,0.0,2026084647,3,300,3000,5,0.5,0.1,0.05,mixed,0.8
random_rater_cp,0.965,0.8857075875290902,2.9086666666666665,0.11966666666666667,0.0,2026084647,3,300,3000,5,0.5,0.1,0.05,mixed,0.8
naive_panel_cp,0.943,0.8445547940162916,2.6933333333333334,0.159,0.0,2026084647,3,300,3000,5,0.5,0.1,0.05,mixed,0.8
majority_cp,0.9723333333333334,0.9021397426598411,3.0236666666666667,0.10033333333333333,0.0,2026084648,3,300,3000,5,0.5,0.1,0.05,mixed,0.8
random_rater_cp,0.9863333333333333,0.923899889163438,3.175,0.06833333333333333,0.0,2026084648,3,300,3000,5,0.5,0.1,0.05,mixed,0.8
naive_panel_cp,0.9553333333333334,0.8731890618119236,2.8513333333333333,0.137,0.0,2026084648,3,300,3000,5,0.5,0.1,0.05,mixed,0.8
majority_cp,0.9663333333333334,0.8929234299737131,2.9583333333333335,0.113,0.0,2026084649,3,300,3000,5,0.5,0.1,0.05,mixed,0.8
random_rater_cp,0.9846666666666667,0.9255699899725014,3.18,0.069,0.0,2026084649,3,300,3000,5,0.5,0.1,0.05,mixed,0.8
naive_panel_cp,0.941,0.8516079160970431,2.74,0.14766666666666667,0.0,2026084649,3,300,3000,5,0.5,0.1,0.05,mixed,0.8
majority_cp,0.969,0.8919498943224936,2.945666666666667,0.113,0.0,2026084650,3,300,3000,5,0.5,0.1,0.05,mixed,0.8
random_rater_cp,0.9713333333333334,0.8983865388018922,3.0,0.102,0.0,2026084650,3,300,3000,5,0.5,0.1,0.05,mixed,0.8
naive_panel_cp,0.9506666666666667,0.8586306841739156,2.759,0.14766666666666667,0.0,2026084650,3,300,3000,5,0.5,0.1,0.05,mixed,0.8
majority_cp,0.9743333333333334,0.909635654855133,3.0416666666666665,0.09066666666666667,0.0,2026084651,3,300,3000,5,0.5,0.1,0.05,mixed,0.8
random_rater_cp,0.9696666666666667,0.9027389363492915,2.9976666666666665,0.10033333333333333,0.0,2026084651,3,300,3000,5,0.5,0.1,0.05,mixed,0.8
naive_panel_cp,0.96,0.8875120250101414,2.91,0.11966666666666667,0.0,2026084651,3,300,3000,5,0.5,0.1,0.05,mixed,0.8
majority_cp,0.9686666666666667,0.893093298234311,2.957,0.121,0.0,2026084652,3,300,3000,5,0.5,0.1,0.05,mixed,0.8
random_rater_cp,0.9706666666666667,0.897344243874556,2.9846666666666666,0.11466666666666667,0.0,2026084652,3,300,3000,5,0.5,0.1,0.05,mixed,0.8
naive_panel_cp,0.951,0.8640952301192117,2.808333333333333,0.15233333333333332,0.0,2026084652,3,300,3000,5,0.5,0.1,0.05,mixed,0.8
majority_cp,0.9616666666666667,0.8844035109431725,2.9343333333333335,0.119,0.0,2026084653,3,300,3000,5,0.5,0.1,0.05,mixed,0.8
random_rater_cp,0.9643333333333334,0.8910397897061905,2.970666666666667,0.11166666666666666,0.0,2026084653,3,300,3000,5,0.5,0.1,0.05,mixed,0.8
naive_panel_cp,0.9386666666666666,0.8432163064107627,2.7253333333333334,0.15166666666666667,0.0,2026084653,3,300,3000,5,0.5,0.1,0.05,mixed,0.8
majority_cp,0.9346666666666666,0.8407465609749627,2.704,0.16233333333333333,0.0,2026084654,3,300,3000,5,0.5,0.1,0.05,mixed,0.8
random_rater_cp,0.9626666666666667,0.8816315203304833,2.898,0.129,0.0,2026084654,3,300,3000,5,0.5,0.1,0.05,mixed,0.8
naive_panel_cp,0.9036666666666666,0.7934439081014972,2.5006666666666666,0.194,0.0,2026084654,3,300,3000,5,0.5,0.1,0.05,mixed,0.8
majority_cp,0.9703333333333334,0.902380401441423,3.0243333333333333,0.098,0.0,2026084655,3,300,3000,5,0.5,0.1,0.05,mixed,0.8
random_rater_cp,0.9736666666666667,0.9090025409313003,3.073,0.08966666666666667,0.0,2026084655,3,300,3000,5,0.5,0.1,0.05,mixed,0.8
naive_panel_cp,0.952,0.8653630750450875,2.787333333333333,0.154,0.0,2026084655,3,300,3000,5,0.5,0.1,0.05,mixed,0.8
majority_cp,0.9466666666666667,0.8526660457918334,2.7663333333333333,0.14366666666666666,0.0,2026084656,3,300,3000,5,0.5,0.1,0.05,mixed,0.8
random_rater_cp,0.9776666666666667,0.9078759709866738,3.078333333333333,0.08033333333333334,0.0,2026084656,3,300,3000,5,0.5,0.1,0.05,mixed,0.8
naive_panel_cp,0.918,0.8056954214364865,2.5403333333333333,0.18266666666666667,0.0,2026084656,3,300,3000,5,0.5,0.1,0.05,mixed,0.8
majority_cp,0.983,0.9187255016870665,3.122,0.08466666666666667,0.0,2026084657,3,300,3000,5,0.5,0.1,0.05,mixed,0.8
random_rater_cp,0.9783333333333334,0.9109092739494132,3.0593333333333335,0.09766666666666667,0.0,2026084657,3,300,3000,5,0.5,0.1,0.05,mixed,0.8
naive_panel_cp,0.955,0.8695413017817503,2.823,0.14666666666666667,0.0,2026084657,3,300,3000,5,0.5,0.1,0.05,mixed,0.8
majority_cp,0.9613333333333334,0.8886832605384425,2.969333333333333,0.10933333333333334,0.0,2026084658,3,300,3000,5,0.5,0.1,0.05,mixed,0.8
random_rater_cp,0.945,0.8583674212464417,2.7986666666666666,0.137,0.0,2026084658,3,300,3000,5,0.5,0.1,0.05,mixed,0.8
naive_panel_cp,0.9433333333333334,0.8548652761572479,2.7773333333333334,0.141,0.0,2026084658,3,300,3000,5,0.5,0.1,0.05,mixed,0.8
majority_cp,0.9736666666666667,0.8964070658002417,2.978,0.10533333333333333,0.0,2026084659,3,300,3000,5,0.5,0.1,0.05,mixed,0.8
random_rater_cp,0.9796666666666667,0.9085929577462698,3.0556666666666668,0.09033333333333333,0.0,2026084659,3,300,3000,5,0.5,0.1,0.05,mixed,0.8
naive_panel_cp,0.955,0.8609061830560395,2.791,0.13833333333333334,0.0,2026084659,3,300,3000,5,0.5,0.1,0.05,mixed,0.8
majority_cp,0.9656666666666667,0.8850077538217561,2.894,0.12666666666666668,0.0,2026084660,3,300,3000,5,0.5,0.1,0.05,mixed,0.8
random_rater_cp,0.974,0.899507681450979,2.9823333333333335,0.10766666666666666,0.0,2026084660,3,300,3000,5,0.5,0.1,0.05,mixed,0.8
naive_panel_cp,0.955,0.8681053193574025,2.808333333333333,0.14166666666666666,0.0,2026084660,3,300,3000,5,0.5,0.1,0.05,mixed,0.8
majority_cp,0.9706666666666667,0.8994934071038521,3.0,0.102,0.0,2026084661,3,300,3000,5,0.5,0.1,0.05,mixed,0.8
random_rater_cp,0.9796666666666667,0.9153862219999045,3.119,0.07933333333333334,0.0,2026084661,3,300,3000,5,0.5,0.1,0.05,mixed,0.8
naive_panel_cp,0.9656666666666667,0.8921031050674404,2.9633333333333334,0.11033333333333334,0.0,2026084661,3,300,3000,5,0.5,0.1,0.05,mixed,0.8
majority_cp,0.9643333333333334,0.8876971278583572,2.961,0.11,0.0,2026084662,3,300,3000,5,0.5,0.1,0.05,mixed,0.8
random_rater_cp,0.968,0.8943654018455428,2.9936666666666665,0.10366666666666667,0.0,2026084662,3,300,3000,5,0.5,0.1,0.05,mixed,0.8
naive_panel_cp,0.941,0.8505066383638652,2.772666666666667,0.146,0.0,2026084662,3,300,3000,5,0.5,0.1,0.05,mixed,0.8
majority_cp,0.966,0.885597683960679,2.9433333333333334,0.11533333333333333,0.0,2026084663,3,300,3000,5,0.5,0.1,0.05,mixed,0.8
random_rater_cp,0.9686666666666667,0.8894575776281032,2.958,0.11366666666666667,0.0,2026084663,3,300,3000,5,0.5,0.1,0.05,mixed,0.8
naive_panel_cp,0.9493333333333334,0.8547690186430931,2.7803333333333335,0.148,0.0,2026084663,3,300,3000,5,0.5,0.1,0.05,mixed,0.8
majority_cp,0.9426666666666667,0.8415293369582948,2.7386666666666666,0.149,0.0,2026084664,3,300,3000,5,0.5,0.1,0.05,mixed,0.8
random_rater_cp,0.9686666666666667,0.8886940787333747,2.9793333333333334,0.10633333333333334,0.0,2026084664,3,300,3000,5,0.5,0.1,0.05,mixed,0.8
naive_panel_cp,0.934,0.8265122652979165,2.666333333333333,0.159,0.0,2026084664,3,300,3000,5,0.5,0.1,0.05,mixed,0.8
majority_cp,0.9543333333333334,0.8686403380154987,2.859,0.136,0.0,2026084665,3,300,3000,5,0.5,0.1,0.05,mixed,0.8
random_rater_cp,0.9693333333333334,0.8926727935434704,2.984,0.10766666666666666,0.0,2026084665,3,300,3000,5,0.5,0.1,0.05,mixed,0.8
naive_panel_cp,0.9353333333333333,0.8373346338115747,2.696,0.16466666666666666,0.0,2026084665,3,300,3000,5,0.5,0.1,0.05,mixed,0.8
majority_cp,0.9826666666666667,0.917100489259381,3.1243333333333334,0.07833333333333334,0.0,2026084666,3,300,3000,5,0.5,0.1,0.05,mixed,0.8
random_rater_cp,0.9843333333333333,0.9197773564144518,3.1403333333333334,0.07533333333333334,0.0,2026084666,3,300,3000,5,0.5,0.1,0.05,mixed,0.8
naive_panel_cp,0.957,0.8728829268846184,2.8746666666666667,0.12866666666666668,0.0,2026084666,3,300,3000,5,0.5,0.1,0.05,mixed,0.8
majority_cp,0.9426666666666667,0.8454626596502388,2.7096666666666667,0.15866666666666668,0.0,2026084667,3,300,3000,5,0.5,0.1,0.05,mixed,0.8
random_rater_cp,0.9683333333333334,0.8929688587807905,2.9636666666666667,0.111,0.0,2026084667,3,300,3000,5,0.5,0.1,0.05,mixed,0.8
naive_panel_cp,0.9246666666666666,0.8109643287866102,2.533,0.18466666666666667,0.0,2026084667,3,300,3000,5,0.5,0.1,0.05,mixed,0.8
majority_cp,0.9433333333333334,0.8549350395717179,2.7746666666666666,0.13933333333333334,0.0,2026084668,3,300,3000,5,0.5,0.1,0.05,mixed,0.8
random_rater_cp,0.9643333333333334,0.8922738415006952,2.974,0.10433333333333333,0.0,2026084668,3,300,3000,5,0.5,0.1,0.05,mixed,0.8
naive_panel_cp,0.9236666666666666,0.8219664960030673,2.6123333333333334,0.17466666666666666,0.0,2026084668,3,300,3000,5,0.5,0.1,0.05,mixed,0.8
majority_cp,0.936,0.8458726865046947,2.7466666666666666,0.15366666666666667,0.0,2026084669,3,300,3000,5,0.5,0.1,0.05,mixed,0.8
random_rater_cp,0.954,0.8779934556170613,2.9036666666666666,0.12566666666666668,0.0,2026084669,3,300,3000,5,0.5,0.1,0.05,mixed,0.8
naive_panel_cp,0.931,0.834882820653178,2.6893333333333334,0.16533333333333333,0.0,2026084669,3,300,3000,5,0.5,0.1,0.05,mixed,0.8
majority_cp,0.9603333333333334,0.8783890195126944,2.9066666666666667,0.11833333333333333,0.0,2026084670,3,300,3000,5,0.5,0.1,0.05,mixed,0.8
random_rater_cp,0.9756666666666667,0.9043678695917755,3.062,0.09233333333333334,0.0,2026084670,3,300,3000,5,0.5,0.1,0.05,mixed,0.8
naive_panel_cp,0.9506666666666667,0.8599382626540799,2.8026666666666666,0.13733333333333334,0.0,2026084670,3,300,3000,5,0.5,0.1,0.05,mixed,0.8
majority_cp,0.9626666666666667,0.8874444848932951,2.9483333333333333,0.11166666666666666,0.0,2026084671,3,300,3000,5,0.5,0.1,0.05,mixed,0.8
random_rater_cp,0.9663333333333334,0.8932534725138422,2.981333333333333,0.10533333333333333,0.0,2026084671,3,300,3000,5,0.5,0.1,0.05,mixed,0.8
naive_panel_cp,0.9526666666666667,0.8713279925239702,2.8726666666666665,0.12266666666666666,0.0,2026084671,3,300,3000,5,0.5,0.1,0.05,mixed,0.8
majority_cp,0.9693333333333334,0.8932661235030223,2.984,0.099,0.0,2026084672,3,300,3000,5,0.5,0.1,0.05,mixed,0.8
random_rater_cp,0.9813333333333333,0.9186285949809161,3.1573333333333333,0.066,0.0,2026084672,3,300,3000,5,0.5,0.1,0.05,mixed,0.8
naive_panel_cp,0.9573333333333334,0.872284423219063,2.8626666666666667,0.12733333333333333,0.0,2026084672,3,300,3000,5,0.5,0.1,0.05,mixed,0.8
majority_cp,0.9696666666666667,0.8923861169791192,2.997,0.10233333333333333,0.0,2026084673,3,300,3000,5,0.5,0.1,0.05,mixed,0.8
random_rater_cp,0.979,0.9133161676227393,3.1483333333333334,0.07166666666666667,0.0,2026084673,3,300,3000,5,0.5,0.1,0.05,mixed,0.8
naive_panel_cp,0.9423333333333334,0.8423615779523856,2.725,0.14633333333333334,0.0,2026084673,3,300,3000,5,0.5,0.1,0.05,mixed,0.8
majority_cp,0.9546666666666667,0.8733707876702322,2.8366666666666664,0.141,0.0,2026084674,3,300,3000,5,0.5,0.1,0.05,mixed,0.8
random_rater_cp,0.975,0.9054822227401561,3.0156666666666667,0.10133333333333333,0.0,2026084674,3,300,3000,5,0.5,0.1,0.05,mixed,0.8
naive_panel_cp,0.927,0.8280071508676659,2.611,0.182,0.0,2026084674,3,300,3000,5,0.5,0.1,0.05,mixed,0.8
majority_cp,0.972,0.897807812123854,3.0343333333333335,0.108,0.0,2026084675,3,300,3000,5,0.5,0.1,0.05,mixed,0.8
random_rater_cp,0.987,0.9240026031734085,3.2133333333333334,0.06566666666666666,0.0,2026084675,3,300,3000,5,0.5,0.1,0.05,mixed,0.8
naive_panel_cp,0.9526666666666667,0.8634227787624953,2.848,0.14066666666666666,0.0,2026084675,3,300,3000,5,0.5,0.1,0.05,mixed,0.8
majority_cp,0.9513333333333334,0.8567822203184239,2.7616666666666667,0.13666666666666666,0.0,2026084676,3,300,3000,5,0.5,0.1,0.05,mixed,0.8
random_rater_cp,0.9723333333333334,0.8986277902377008,3.0,0.09733333333333333,0.0,2026084676,3,300,3000,5,0.5,0.1,0.05,mixed,0.8
naive_panel_cp,0.9343333333333333,0.8313370734741069,2.6416666666666666,0.15433333333333332,0.0,2026084676,3,300,3000,5,0.5,0.1,0.05,mixed,0.8
majority_cp,0.9696666666666667,0.8942583586077286,2.987,0.103,0.0,2026084677,3,300,3000,5,0.5,0.1,0.05,mixed,0.8
random_rater_cp,0.9476666666666667,0.8570797392013701,2.789,0.14666666666666667,0.0,2026084677,3,300,3000,5,0.5,0.1,0.05,mixed,0.8
naive_panel_cp,0.9356666666666666,0.8356459395453603,2.679333333333333,0.165,0.0,2026084677,3,300,3000,5,0.5,0.1,0.05,mixed,0.8
majority_cp,0.946,0.8488403661364673,2.7163333333333335,0.16066666666666668,0.0,2026084678,3,300,3000,5,0.5,0.1,0.05,mixed,0.8
random_rater_cp,0.9563333333333334,0.8702298984458533,2.836,0.133,0.0,2026084678,3,300,3000,5,0.5,0.1,0.05,mixed,0.8
naive_panel_cp,0.94,0.839599380902882,2.675666666666667,0.16866666666666666,0.0,2026084678,3,300,3000,5,0.5,0.1,0.05,mixed,0.8
majority_cp,0.9563333333333334,0.8760597338892657,2.8983333333333334,0.12066666666666667,0.0,2026084679,3,300,3000,5,0.5,0.1,0.05,mixed,0.8
random_rater_cp,0.9563333333333334,0.8763357130682322,2.9,0.12033333333333333,0.0,2026084679,3,300,3000,5,0.5,0.1,0.05,mixed,0.8
naive_panel_cp,0.929,0.8306821475025037,2.6746666666666665,0.159,0.0,2026084679,3,300,3000,5,0.5,0.1,0.05,mixed,0.8
majority_cp,0.9586666666666667,0.8760543744693773,2.849,0.133,0.0,2026084680,3,300,3000,5,0.5,0.1,0.05,mixed,0.8
random_rater_cp,0.9673333333333334,0.8929915970092137,2.9513333333333334,0.118,0.0,2026084680,3,300,3000,5,0.5,0.1,0.05,mixed,0.8
naive_panel_cp,0.9353333333333333,0.8408772205018161,2.69,0.159,0.0,2026084680,3,300,3000,5,0.5,0.1,0.05,mixed,0.8
majority_cp,0.966,0.8928536396302581,2.976,0.11233333333333333,0.0,2026084681,3,300,3000,5,0.5,0.1,0.05,mixed,0.8
random_rater_cp,0.9633333333333334,0.8893685530905701,2.962666666666667,0.114,0.0,2026084681,3,300,3000,5,0.5,0.1,0.05,mixed,0.8
naive_panel_cp,0.954,0.8704382917875573,2.857666666666667,0.139,0.0,2026084681,3,300,3000,5,0.5,0.1,0.05,mixed,0.8
majority_cp,0.9643333333333334,0.8895906818057122,2.938,0.12,0.0,2026084682,3,300,3000,5,0.5,0.1,0.05,mixed,0.8
random_rater_cp,0.973,0.9045630073661144,3.0233333333333334,0.10066666666666667,0.0,2026084682,3,300,3000,5,0.5,0.1,0.05,mixed,0.8
naive_panel_cp,0.9353333333333333,0.8404935071474884,2.708,0.153,0.0,2026084682,3,300,3000,5,0.5,0.1,0.05,mixed,0.8
majority_cp,0.971,0.896366550042112,2.99,0.11266666666666666,0.0,2026084683,3,300,3000,5,0.5,0.1,0.05,mixed,0.8
random_rater_cp,0.9483333333333334,0.8556835899279437,2.7676666666666665,0.15033333333333335,0.0,2026084683,3,300,3000,5,0.5,0.1,0.05,mixed,0.8
naive_panel_cp,0.9293333333333333,0.8235645395750614,2.618,0.17466666666666666,0.0,2026084683,3,300,3000,5,0.5,0.1,0.05,mixed,0.8
majority_cp,0.979,0.9148984198167902,3.153,0.071,0.0,2026084684,3,300,3000,5,0.5,0.1,0.05,mixed,0.8
random_rater_cp,0.991,0.9396266149939908,3.3946666666666667,0.03133333333333333,0.0,2026084684,3,300,3000,5,0.5,0.1,0.05,mixed,0.8
naive_panel_cp,0.9633333333333334,0.8862162767773496,2.9433333333333334,0.11466666666666667,0.0,2026084684,3,300,3000,5,0.5,0.1,0.05,mixed,0.8
majority_cp,0.9473333333333334,0.8631955593477957,2.759,0.14766666666666667,0.0,2026084685,3,300,3000,5,0.5,0.1,0.05,mixed,0.8
random_rater_cp,0.9403333333333334,0.8505457383673621,2.6926666666666668,0.159,0.0,2026084685,3,300,3000,5,0.5,0.1,0.05,mixed,0.8
naive_panel_cp,0.927,0.8293411627272849,2.603666666666667,0.17333333333333334,0.0,2026084685,3,300,3000,5,0.5,0.1,0.05,mixed,0.8
majority_cp,0.9573333333333334,0.870794230211187,2.844,0.135,0.0,2026084686,3,300,3000,5,0.5,0.1,0.05,mixed,0.8
random_rater_cp,0.9763333333333334,0.9085449939970889,3.0576666666666665,0.09433333333333334,0.0,2026084686,3,300,3000,5,0.5,0.1,0.05,mixed,0.8
naive_panel_cp,0.9516666666666667,0.8603812301629569,2.7853333333333334,0.14666666666666667,0.0,2026084686,3,300,3000,5,0.5,0.1,0.05,mixed,0.8
majority_cp,0.9526666666666667,0.870743888526672,2.83,0.13866666666666666,0.0,2026084687,3,300,3000,5,0.5,0.1,0.05,mixed,0.8
random_rater_cp,0.947,0.8622671426380399,2.788,0.145,0.0,2026084687,3,300,3000,5,0.5,0.1,0.05,mixed,0.8
naive_panel_cp,0.9426666666666667,0.8535483248655975,2.744,0.154,0.0,2026084687,3,300,3000,5,0.5,0.1,0.05,mixed,0.8
majority_cp,0.9513333333333334,0.8655101489729841,2.823,0.13466666666666666,0.0,2026084688,3,300,3000,5,0.5,0.1,0.05,mixed,0.8
random_rater_cp,0.9863333333333333,0.9262681057617663,3.201,0.056666666666666664,0.0,2026084688,3,300,3000,5,0.5,0.1,0.05,mixed,0.8
naive_panel_cp,0.9433333333333334,0.8498885088697182,2.732666666666667,0.15433333333333332,0.0,2026084688,3,300,3000,5,0.5,0.1,0.05,mixed,0.8
majority_cp,0.98,0.9095819678003093,3.067,0.083,0.0,2026084689,3,300,3000,5,0.5,0.1,0.05,mixed,0.8
random_rater_cp,0.9823333333333333,0.9166650503883823,3.129,0.07366666666666667,0.0,2026084689,3,300,3000,5,0.5,0.1,0.05,mixed,0.8
naive_panel_cp,0.9553333333333334,0.8635084451654107,2.788666666666667,0.136,0.0,2026084689,3,300,3000,5,0.5,0.1,0.05,mixed,0.8
majority_cp,0.9693333333333334,0.89842473820754,2.9883333333333333,0.09933333333333333,0.0,2026084690,3,300,3000,5,0.5,0.1,0.05,mixed,0.8
random_rater_cp,0.9813333333333333,0.9180437832256877,3.127,0.07033333333333333,0.0,2026084690,3,300,3000,5,0.5,0.1,0.05,mixed,0.8
naive_panel_cp,0.9443333333333334,0.8511322519538675,2.716,0.16233333333333333,0.0,2026084690,3,300,3000,5,0.5,0.1,0.05,mixed,0.8
majority_cp,0.9563333333333334,0.8680743946698886,2.818,0.141,0.0,2026084691,3,300,3000,5,0.5,0.1,0.05,mixed,0.8
random_rater_cp,0.957,0.8691499186948328,2.8226666666666667,0.14066666666666666,0.0,2026084691,3,300,3000,5,0.5,0.1,0.05,mixed,0.8
naive_panel_cp,0.9376666666666666,0.8323178976170311,2.6346666666666665,0.17533333333333334,0.0,2026084691,3,300,3000,5,0.5,0.1,0.05,mixed,0.8
majority_cp,0.948,0.8515270282269274,2.744666666666667,0.15533333333333332,0.0,2026084692,3,300,3000,5,0.5,0.1,0.05,mixed,0.8
random_rater_cp,0.969,0.8885006021729038,2.9433333333333334,0.11733333333333333,0.0,2026084692,3,300,3000,5,0.5,0.1,0.05,mixed,0.8
naive_panel_cp,0.933,0.8219538502803413,2.5993333333333335,0.17933333333333334,0.0,2026084692,3,300,3000,5,0.5,0.1,0.05,mixed,0.8
majority_cp,0.969,0.8952981085807481,2.968,0.10833333333333334,0.0,2026084693,3,300,3000,5,0.5,0.1,0.05,mixed,0.8
random_rater_cp,0.9903333333333333,0.9346055214490804,3.2773333333333334,0.043,0.0,2026084693,3,300,3000,5,0.5,0.1,0.05,mixed,0.8
naive_panel_cp,0.9553333333333334,0.8736090104076192,2.856,0.13433333333333333,0.0,2026084693,3,300,3000,5,0.5,0.1,0.05,mixed,0.8
majority_cp,0.9476666666666667,0.8636380112267439,2.7853333333333334,0.14433333333333334,0.0,2026084694,3,300,3000,5,0.5,0.1,0.05,mixed,0.8
random_rater_cp,0.9523333333333334,0.8721363975732047,2.8316666666666666,0.13033333333333333,0.0,2026084694,3,300,3000,5,0.5,0.1,0.05,mixed,0.8
naive_panel_cp,0.9276666666666666,0.8325689696815328,2.6493333333333333,0.164,0.0,2026084694,3,300,3000,5,0.5,0.1,0.05,mixed,0.8
majority_cp,0.958,0.8745334407801535,2.8636666666666666,0.126,0.0,2026084695,3,300,3000,5,0.5,0.1,0.05,mixed,0.8
random_rater_cp,0.9726666666666667,0.9021057397355418,3.026,0.08833333333333333,0.0,2026084695,3,300,3000,5,0.5,0.1,0.05,mixed,0.8
naive_panel_cp,0.9426666666666667,0.8460004279165463,2.7173333333333334,0.14966666666666667,0.0,2026084695,3,300,3000,5,0.5,0.1,0.05,mixed,0.8
majority_cp,0.9563333333333334,0.8806902694322192,2.9026666666666667,0.121,0.0,2026084696,3,300,3000,5,0.5,0.1,0.05,mixed,0.8
random_rater_cp,0.964,0.8918611519163803,2.9606666666666666,0.10833333333333334,0.0,2026084696,3,300,3000,5,0.5,0.1,0.05,mixed,0.8
naive_panel_cp,0.936,0.8430361303878254,2.7026666666666666,0.159,0.0,2026084696,3,300,3000,5,0.5,0.1,0.05,mixed,0.8
majority_cp,0.9583333333333334,0.8736759011385723,2.8486666666666665,0.12466666666666666,0.0,2026084697,3,300,3000,5,0.5,0.1,0.05,mixed,0.8
random_rater_cp,0.965,0.8845704934928631,2.902,0.11533333333333333,0.0,2026084697,3,300,3000,5,0.5,0.1,0.05,mixed,0.8
naive_panel_cp,0.9493333333333334,0.8554968352163784,2.7426666666666666,0.14966666666666667,0.0,2026084697,3,300,3000,5,0.5,0.1,0.05,mixed,0.8
majority_cp,0.966,0.892550536557775,2.9596666666666667,0.115,0.0,2026084698,3,300,3000,5,0.5,0.1,0.05,mixed,0.8
random_rater_cp,0.986,0.9296253571749632,3.2576666666666667,0.05366666666666667,0.0,2026084698,3,300,3000,5,0.5,0.1,0.05,mixed,0.8
naive_panel_cp,0.932,0.8419393584296646,2.713,0.159,0.0,2026084698,3,300,3000,5,0.5,0.1,0.05,mixed,0.8
majority_cp,0.9673333333333334,0.8933916279983587,2.965333333333333,0.10833333333333334,0.0,2026084699,3,300,3000,5,0.5,0.1,0.05,mixed,0.8
random_rater_cp,0.9753333333333334,0.9097973287558883,3.0933333333333333,0.08166666666666667,0.0,2026084699,3,300,3000,5,0.5,0.1,0.05,mixed,0.8
naive_panel_cp,0.953,0.8704194202054438,2.845,0.13366666666666666,0.0,2026084699,3,300,3000,5,0.5,0.1,0.05,mixed,0.8
majority_cp,0.948,0.8609738941917949,2.7493333333333334,0.146,0.0,2026086500,5,300,3000,5,0.5,0.1,0.05,mixed,0.8
random_rater_cp,0.978,0.9149286629690099,3.083666666666667,0.077,0.0,2026086500,5,300,3000,5,0.5,0.1,0.05,mixed,0.8
naive_panel_cp,0.941,0.848349744769252,2.679666666666667,0.15866666666666668,0.0,2026086500,5,300,3000,5,0.5,0.1,0.05,mixed,0.8
ptcp,1.0,0.9952778703608589,4.860333333333333,0.0,0.8603333333333333,2026086500,5,300,3000,5,0.5,0.1,0.05,mixed,0.8
ptcp_randomized,1.0,0.9952778703608589,4.860333333333333,0.0,0.8603333333333333,2026086500,5,300,3000,5,0.5,0.1,0.05,mixed,0.8
majority_cp,0.9506666666666667,0.8615282805148475,2.784666666666667,0.13766666666666666,0.0,2026086501,5,300,3000,5,0.5,0.1,0.05,mixed,0.8
random_rater_cp,0.9726666666666667,0.9011861691285373,3.014,0.10166666666666667,0.0,2026086501,5,300,3000,5,0.5,0.1,0.05,mixed,0.8
naive_panel_cp,0.9426666666666667,0.8469232982554235,2.7046666666666668,0.15733333333333333,0.0,2026086501,5,300,3000,5,0.5,0.1,0.05,mixed,0.8
ptcp,1.0,0.9953626933015212,4.857,0.0,0.857,2026086501,5,300,3000,5,0.5,0.1,0.05,mixed,0.8
ptcp_randomized,1.0,0.9953626933015212,4.857,0.0,0.857,2026086501,5,300,3000,5,0.5,0.1,0.05,mixed,0.8
majority_cp,0.9676666666666667,0.8836987076792302,2.909,0.11633333333333333,0.0,2026086502,5,300,3000,5,0.5,0.1,0.05,mixed,0.8
random_rater_cp,0.976,0.896628026693454,2.971,0.11066666666666666,0.0,2026086502,5,300,3000,5,0.5,0.1,0.05,mixed,0.8
naive_panel_cp,0.9356666666666666,0.8212786033093048,2.59,0.16966666666666666,0.0,2026086502,5,300,3000,5,0.5,0.1,0.05,mixed,0.8
ptcp,1.0,0.9951505067108997,4.867333333333334,0.0,0.8673333333333333,2026086502,5,300,3000,5,0.5,0.1,0.05,mixed,0.8
ptcp_randomized,1.0,0.9951505067108997,4.867333333333334,0.0,0.8673333333333333,2026086502,5,300,3000,5,0.5,0.1,0.05,mixed,0.8
majority_cp,0.954,0.8727451494969862,2.8726666666666665,0.12133333333333333,0.0,2026086503,5,300,3000,5,0.5,0.1,0.05,mixed,0.8
random_rater_cp,0.9556666666666667,0.8748400475380422,2.88,0.121,0.0,2026086503,5,300,3000,5,0.5,0.1,0.05,mixed,0.8
naive_panel_cp,0.9213333333333333,0.8124604838159939,2.574333333333333,0.176,0.0,2026086503,5,300,3000,5,0.5,0.1,0.05,mixed,0.8
ptcp,1.0,0.9953258100306984,4.863,0.0,0.863,2026086503,5,300,3000,5,0.5,0.1,0.05,mixed,0.8
ptcp_randomized,1.0,0.9953258100306984,4.863,0.0,0.863,2026086503,5,300,3000,5,0.5,0.1,0.05,mixed,0.8
majority_cp,0.9506666666666667,0.858518649060001,2.779,0.142,0.0,2026086504,5,300,3000,5,0.5,0.1,0.05,mixed,0.8
random_rater_cp,0.9656666666666667,0.8845685725023974,2.928,0.116,0.0,2026086504,5,300,3000,5,0.5,0.1,0.05,mixed,0.8
naive_panel_cp,0.9276666666666666,0.818035217433061,2.584,0.17333333333333334,0.0,2026086504,5,300,3000,5,0.5,0.1,0.05,mixed,0.8
ptcp,1.0,0.9953068391739275,4.853,0.0,0.853,2026086504,5,300,3000,5,0.5,0.1,0.05,mixed,0.8
ptcp_randomized,1.0,0.9953068391739275,4.853,0.0,0.853,2026086504,5,300,3000,5,0.5,0.1,0.05,mixed,0.8
majority_cp,0.9673333333333334,0.8869306403124371,2.95,0.10666666666666667,0.0,2026086505,5,300,3000,5,0.5,0.1,0.05,mixed,0.8
random_rater_cp,0.9836666666666667,0.9198251559073677,3.187,0.06266666666666666,0.0,2026086505,5,300,3000,5,0.5,0.1,0.05,mixed,0.8
naive_panel_cp,0.961,0.8764762399593373,2.893666666666667,0.117,0.0,2026086505,5,300,3000,5,0.5,0.1,0.05,mixed,0.8
ptcp,1.0,0.9946208995733756,4.8646666666666665,0.0,0.8646666666666667,2026086505,5,300,3000,5,0.5,0.1,0.05,mixed,0.8
ptcp_randomized,1.0,0.9946208995733756,4.8646666666666665,0.0,0.8646666666666667,2026086505,5,300,3000,5,0.5,0.1,0.05,mixed,0.8
majority_cp,0.9463333333333334,0.8543433948046553,2.7716666666666665,0.14233333333333334,0.0,2026086506,5,300,3000,5,0.5,0.1,0.05,mixed,0.8
random_rater_cp,0.9626666666666667,0.8867830354978575,2.9506666666666668,0.111,0.0,2026086506,5,300,3000,5,0.5,0.1,0.05,mixed,0.8
naive_panel_cp,0.9176666666666666,0.8022545509083299,2.5196666666666667,0.17833333333333334,0.0,2026086506,5,300,3000,5,0.5,0.1,0.05,mixed,0.8
ptcp,1.0,0.9952186386620097,4.859666666666667,0.0,0.8596666666666667,2026086506,5,300,3000,5,0.5,0.1,0.05,mixed,0.8
ptcp_randomized,1.0,0.9952186386620097,4.859666666666667,0.0,0.8596666666666667,2026086506,5,300,3000,5,0.5,0.1,0.05,mixed,0.8
majority_cp,0.957,0.873975607501447,2.854,0.12666666666666668,0.0,2026086507,5,300,3000,5,0.5,0.1,0.05,mixed,0.8
random_rater_cp,0.957,0.873975607501447,2.854,0.12666666666666668,0.0,2026086507,5,300,3000,5,0.5,0.1,0.05,mixed,0.8
naive_panel_cp,0.9346666666666666,0.8327793340353004,2.638333333333333,0.164,0.0,2026086507,5,300,3000,5,0.5,0.1,0.05,mixed,0.8
ptcp,1.0,0.995152586801262,4.857333333333333,0.0,0.8573333333333333,2026086507,5,300,3000,5,0.5,0.1,0.05,mixed,0.8
ptcp_randomized,1.0,0.995152586801262,4.857333333333333,0.0,0.8573333333333333,2026086507,5,300,3000,5,0.5,0.1,0.05,mixed,0.8
majority_cp,0.947,0.8544312343039708,2.7803333333333335,0.14166666666666666,0.0,2026086508,5,300,3000,5,0.5,0.1,0.05,mixed,0.8
random_rater_cp,0.98,0.9157676588325553,3.1363333333333334,0.07933333333333334,0.0,2026086508,5,300,3000,5,0.5,0.1,0.05,mixed,0.8
naive_panel_cp,0.9263333333333333,0.8202931223676087,2.624,0.168,0.0,2026086508,5,300,3000,5,0.5,0.1,0.05,mixed,0.8
ptcp,1.0,0.9946659112811758,4.8533333333333335,0.0,0.8533333333333334,2026086508,5,300,3000,5,0.5,0.1,0.05,mixed,0.8
ptcp_randomized,1.0,0.9946659112811758,4.8533333333333335,0.0,0.8533333333333334,2026086508,5,300,3000,5,0.5,0.1,0.05,mixed,0.8
majority_cp,0.94,0.8409337178632875,2.6693333333333333,0.17133333333333334,0.0,2026086509,5,300,3000,5,0.5,0.1,0.05,mixed,0.8
random_rater_cp,0.969,0.8906172920511387,2.925666666666667,0.114,0.0,2026086509,5,300,3000,5,0.5,0.1,0.05,mixed,0.8
naive_panel_cp,0.9176666666666666,0.8044961915280086,2.506,0.19433333333333333,0.0,2026086509,5,300,3000,5,0.5,0.1,0.05,mixed,0.8
ptcp,1.0,0.9954450024730982,4.860666666666667,0.0,0.8606666666666667,2026086509,5,300,3000,5,0.5,0.1,0.05,mixed,0.8
ptcp_randomized,1.0,0.9954450024730982,4.860666666666667,0.0,0.8606666666666667,2026086509,5,300,3000,5,0.5,0.1,0.05,mixed,0.8
majority_cp,0.9426666666666667,0.849275829001965,2.7176666666666667,0.157,0.0,2026086510,5,300,3000,5,0.5,0.1,0.05,mixed,0.8
random_rater_cp,0.961,0.8822292835055968,2.8853333333333335,0.13066666666666665,0.0,2026086510,5,300,3000,5,0.5,0.1,0.05,mixed,0.8
naive_panel_cp,0.922,0.8172163932025653,2.5756666666666668,0.18233333333333332,0.0,2026086510,5,300,3000,5,0.5,0.1,0.05,mixed,0.8
ptcp,1.0,0.9953604379706857,4.8613333333333335,0.0,0.8613333333333333,2026086510,5,300,3000,5,0.5,0.1,0.05,mixed,0.8
ptcp_randomized,1.0,0.9953604379706857,4.8613333333333335,0.0,0.8613333333333333,2026086510,5,300,3000,5,0.5,0.1,0.05,mixed,0.8
majority_cp,0.9383333333333334,0.8440351284223069,2.7213333333333334,0.14833333333333334,0.0,2026086511,5,300,3000,5,0.5,0.1,0.05,mixed,0.8
random_rater_cp,0.966,0.892171466798025,2.977333333333333,0.10466666666666667,0.0,2026086511,5,300,3000,5,0.5,0.1,0.05,mixed,0.8
naive_panel_cp,0.9356666666666666,0.8396539456540258,2.701,0.15133333333333332,0.0,2026086511,5,300,3000,5,0.5,0.1,0.05,mixed,0.8
ptcp,1.0,0.9946729114837882,4.856333333333334,0.0,0.8563333333333333,2026086511,5,300,3000,5,0.5,0.1,0.05,mixed,0.8
ptcp_randomized,1.0,0.9946729114837882,4.856333333333334,0.0,0.8563333333333333,2026086511,5,300,3000,5,0.5,0.1,0.05,mixed,0.8
majority_cp,0.957,0.8727219554043979,2.824333333333333,0.14233333333333334,0.0,2026086512,5,300,3000,5,0.5,0.1,0.05,mixed,0.8
random_rater_cp,0.9753333333333334,0.9062920325281213,3.0396666666666667,0.092,0.0,2026086512,5,300,3000,5,0.5,0.1,0.05,mixed,0.8
naive_panel_cp,0.9216666666666666,0.8094292032310362,2.530666666666667,0.18733333333333332,0.0,2026086512,5,300,3000,5,0.5,0.1,0.05,mixed,0.8
ptcp,1.0,0.9955141124185566,4.865333333333333,0.0,0.8653333333333333,2026086512,5,300,3000,5,0.5,0.1,0.05,mixed,0.8
ptcp_randomized,1.0,0.9955141124185566,4.865333333333333,0.0,0.8653333333333333,2026086512,5,300,3000,5,0.5,0.1,0.05,mixed,0.8
majority_cp,0.943,0.8491117637615001,2.7636666666666665,0.166,0.0,2026086513,5,300,3000,5,0.5,0.1,0.05,mixed,0.8
random_rater_cp,0.9783333333333334,0.9112746349132943,3.1213333333333333,0.083,0.0,2026086513,5,300,3000,5,0.5,0.1,0.05,mixed,0.8
naive_panel_cp,0.9296666666666666,0.8247159449906959,2.647666666666667,0.18033333333333335,0.0,2026086513,5,300,3000,5,0.5,0.1,0.05,mixed,0.8
ptcp,1.0,0.9946489332183722,4.861,0.0,0.861,2026086513,5,300,3000,5,0.5,0.1,0.05,mixed,0.8
ptcp_randomized,1.0,0.9946489332183722,4.861,0.0,0.861,2026086513,5,300,3000,5,0.5,0.1,0.05,mixed,0.8
majority_cp,0.959,0.881569724537807,2.8893333333333335,0.11966666666666667,0.0,2026086514,5,300,3000,5,0.5,0.1,0.05,mixed,0.8
random_rater_cp,0.9746666666666667,0.9081436021073321,3.0536666666666665,0.089,0.0,2026086514,5,300,3000,5,0.5,0.1,0.05,mixed,0.8
naive_panel_cp,0.9413333333333334,0.8498636685474931,2.723,0.15333333333333332,0.0,2026086514,5,300,3000,5,0.5,0.1,0.05,mixed,0.8
ptcp,1.0,0.9954508615235363,4.858,0.0,0.858,2026086514,5,300,3000,5,0.5,0.1,0.05,mixed,0.8
ptcp_randomized,1.0,0.9954508615235363,4.858,0.0,0.858,2026086514,5,300,3000,5,0.5,0.1,0.05,mixed,0.8
majority_cp,0.957,0.8660793009250058,2.8266666666666667,0.13733333333333334,0.0,2026086515,5,300,3000,5,0.5,0.1,0.05,mixed,0.8
random_rater_cp,0.9726666666666667,0.8906534123312811,2.9503333333333335,0.11566666666666667,0.0,2026086515,5,300,3000,5,0.5,0.1,0.05,mixed,0.8
naive_panel_cp,0.9523333333333334,0.8572080990443888,2.7823333333333333,0.14666666666666667,0.0,2026086515,5,300,3000,5,0.5,0.1,0.05,mixed,0.8
ptcp,1.0,0.9954427503422242,4.856333333333334,0.0,0.8563333333333333,2026086515,5,300,3000,5,0.5,0.1,0.05,mixed,0.8
ptcp_randomized,1.0,0.9954427503422242,4.856333333333334,0.0,0.8563333333333333,2026086515,5,300,3000,5,0.5,0.1,0.05,mixed,0.8
majority_cp,0.9563333333333334,0.8770578899513045,2.905666666666667,0.12133333333333333,0.0,2026086516,5,300,3000,5,0.5,0.1,0.05,mixed,0.8
random_rater_cp,0.9766666666666667,0.9169267639723979,3.167,0.06633333333333333,0.0,2026086516,5,300,3000,5,0.5,0.1,0.05,mixed,0.8
naive_panel_cp,0.93,0.8320359749769377,2.6853333333333333,0.15666666666666668,0.0,2026086516,5,300,3000,5,0.5,0.1,0.05,mixed,0.8
ptcp,1.0,0.9947463975413223,4.8566666666666665,0.0,0.8566666666666667,2026086516,5,300,3000,5,0.5,0.1,0.05,mixed,0.8
ptcp_randomized,1.0,0.9947463975413223,4.8566666666666665,0.0,0.8566666666666667,2026086516,5,300,3000,5,0.5,0.1,0.05,mixed,0.8
majority_cp,0.939,0.8455369609136865,2.7196666666666665,0.147,0.0,2026086517,5,300,3000,5,0.5,0.1,0.05,mixed,0.8
random_rater_cp,0.97,0.9037087251269853,3.030666666666667,0.099,0.0,2026086517,5,300,3000,5,0.5,0.1,0.05,mixed,0.8
naive_panel_cp,0.9163333333333333,0.8067171618931122,2.5263333333333335,0.18566666666666667,0.0,2026086517,5,300,3000,5,0.5,0.1,0.05,mixed,0.8
ptcp,1.0,0.9949614165690688,4.865666666666667,0.0,0.8656666666666667,2026086517,5,300,3000,5,0.5,0.1,0.05,mixed,0.8
ptcp_randomized,1.0,0.9949614165690688,4.865666666666667,0.0,0.8656666666666667,2026086517,5,300,3000,5,0.5,0.1,0.05,mixed,0.8
majority_cp,0.9813333333333333,0.9110699093975898,3.090333333333333,0.08366666666666667,0.0,2026086518,5,300,3000,5,0.5,0.1,0.05,mixed,0.8
random_rater_cp,0.9893333333333333,0.9235731675588562,3.181,0.06633333333333333,0.0,2026086518,5,300,3000,5,0.5,0.1,0.05,mixed,0.8
naive_panel_cp,0.947,0.850763674771371,2.752666666666667,0.14166666666666666,0.0,2026086518,5,300,3000,5,0.5,0.1,0.05,mixed,0.8
ptcp,1.0,0.9949706698340091,4.855,0.0,0.855,2026086518,5,300,3000,5,0.5,0.1,0.05,mixed,0.8
ptcp_randomized,1.0,0.9949706698340091,4.855,0.0,0.855,2026086518,5,300,3000,5,0.5,0.1,0.05,mixed,0.8
majority_cp,0.955,0.874982925490308,2.8946666666666667,0.119,0.0,2026086519,5,300,3000,5,0.5,0.1,0.05,mixed,0.8
random_rater_cp,0.974,0.9043299083736406,3.0453333333333332,0.094,0.0,2026086519,5,300,3000,5,0.5,0.1,0.05,mixed,0.8
naive_panel_cp,0.9376666666666666,0.849607772948812,2.763,0.14566666666666667,0.0,2026086519,5,300,3000,5,0.5,0.1,0.05,mixed,0.8
ptcp,1.0,0.994675838407039,4.863333333333333,0.0,0.8633333333333333,2026086519,5,300,3000,5,0.5,0.1,0.05,mixed,0.8
ptcp_randomized,1.0,0.994675838407039,4.863333333333333,0.0,0.8633333333333333,2026086519,5,300,3000,5,0.5,0.1,0.05,mixed,0.8
majority_cp,0.9403333333333334,0.8476192386941287,2.732,0.151,0.0,2026086520,5,300,3000,5,0.5,0.1,0.05,mixed,0.8
random_rater_cp,0.9483333333333334,0.8613299088801987,2.7973333333333334,0.14,0.0,2026086520,5,300,3000,5,0.5,0.1,0.05,mixed,0.8
naive_panel_cp,0.925,0.8209783654743273,2.6043333333333334,0.17133333333333334,0.0,2026086520,5,300,3000,5,0.5,0.1,0.05,mixed,0.8
ptcp,1.0,0.9957518633652496,4.866666666666666,0.0,0.8666666666666667,2026086520,5,300,3000,5,0.5,0.1,0.05,mixed,0.8
ptcp_randomized,1.0,0.9957518633652496,4.866666666666666,0.0,0.8666666666666667,2026086520,5,300,3000,5,0.5,0.1,0.05,mixed,0.8
majority_cp,0.955,0.8720395024805642,2.8366666666666664,0.13433333333333333,0.0,2026086521,5,300,3000,5,0.5,0.1,0.05,mixed,0.8
random_rater_cp,0.9836666666666667,0.92223518998064,3.16,0.07366666666666667,0.0,2026086521,5,300,3000,5,0.5,0.1,0.05,mixed,0.8
naive_panel_cp,0.938,0.8450740880884507,2.7093333333333334,0.15966666666666668,0.0,2026086521,5,300,3000,5,0.5,0.1,0.05,mixed,0.8
ptcp,1.0,0.9954077730159997,4.856333333333334,0.0,0.8563333333333333,2026086521,5,300,3000,5,0.5,0.1,0.05,mixed,0.8
ptcp_randomized,1.0,0.9954077730159997,4.856333333333334,0.0,0.8563333333333333,2026086521,5,300,3000,5,0.5,0.1,0.05,mixed,0.8
majority_cp,0.938,0.8432131798772025,2.696,0.157,0.0,2026086522,5,300,3000,5,0.5,0.1,0.05,mixed,0.8
random_rater_cp,0.9633333333333334,0.8889066012215753,2.928,0.11266666666666666,0.0,2026086522,5,300,3000,5,0.5,0.1,0.05,mixed,0.8
naive_panel_cp,0.9293333333333333,0.8282036464274606,2.6256666666666666,0.17,0.0,2026086522,5,300,3000,5,0.5,0.1,0.05,mixed,0.8
ptcp,1.0,0.9955573111655612,4.857333333333333,0.0,0.8573333333333333,2026086522,5,300,3000,5,0.5,0.1,0.05,mixed,0.8
ptcp_randomized,1.0,0.9955573111655612,4.857333333333333,0.0,0.8573333333333333,2026086522,5,300,3000,5,0.5,0.1,0.05,mixed,0.8
majority_cp,0.967,0.8875340873548548,2.962666666666667,0.10966666666666666,0.0,2026086523,5,300,3000,5,0.5,0.1,0.05,mixed,0.8
random_rater_cp,0.987,0.9251940184210716,3.222,0.056666666666666664,0.0,2026086523,5,300,3000,5,0.5,0.1,0.05,mixed,0.8
naive_panel_cp,0.935,0.8331862188986461,2.695333333333333,0.16466666666666666,0.0,2026086523,5,300,3000,5,0.5,0.1,0.05,mixed,0.8
ptcp,1.0,0.9947592181836212,4.865666666666667,0.0,0.8656666666666667,2026086523,5,300,3000,5,0.5,0.1,0.05,mixed,0.8
ptcp_randomized,1.0,0.9947592181836212,4.865666666666667,0.0,0.8656666666666667,2026086523,5,300,3000,5,0.5,0.1,0.05,mixed,0.8
majority_cp,0.9616666666666667,0.8773253222177424,2.902,0.11766666666666667,0.0,2026086524,5,300,3000,5,0.5,0.1,0.05,mixed,0.8
random_rater_cp,0.987,0.9253470251643321,3.231333333333333,0.060333333333333336,0.0,2026086524,5,300,3000,5,0.5,0.1,0.05,mixed,0.8
naive_panel_cp,0.9413333333333334,0.8437691540987268,2.7283333333333335,0.14633333333333334,0.0,2026086524,5,300,3000,5,0.5,0.1,0.05,mixed,0.8
ptcp,1.0,0.9948729630523688,4.853666666666666,0.0,0.8536666666666667,2026086524,5,300,3000,5,0.5,0.1,0.05,mixed,0.8
ptcp_randomized,1.0,0.9948729630523688,4.853666666666666,0.0,0.8536666666666667,2026086524,5,300,3000,5,0.5,0.1,0.05,mixed,0.8
majority_cp,0.9546666666666667,0.8688796432673687,2.848,0.13066666666666665,0.0,2026086525,5,300,3000,5,0.5,0.1,0.05,mixed,0.8
random_rater_cp,0.983,0.9202272587428039,3.167,0.06933333333333333,0.0,2026086525,5,300,3000,5,0.5,0.1,0.05,mixed,0.8
naive_panel_cp,0.944,0.8523575703266287,2.763,0.14733333333333334,0.0,2026086525,5,300,3000,5,0.5,0.1,0.05,mixed,0.8
ptcp,1.0,0.9949702832255434,4.868333333333333,0.0,0.8683333333333333,2026086525,5,300,3000,5,0.5,0.1,0.05,mixed,0.8
ptcp_randomized,1.0,0.9949702832255434,4.868333333333333,0.0,0.8683333333333333,2026086525,5,300,3000,5,0.5,0.1,0.05,mixed,0.8
majority_cp,0.954,0.8713990867916118,2.8703333333333334,0.12466666666666666,0.0,2026086526,5,300,3000,5,0.5,0.1,0.05,mixed,0.8
random_rater_cp,0.9796666666666667,0.9129144217482023,3.122333333333333,0.08166666666666667,0.0,2026086526,5,300,3000,5,0.5,0.1,0.05,mixed,0.8
naive_panel_cp,0.9303333333333333,0.8351748804738452,2.695333333333333,0.158,0.0,2026086526,5,300,3000,5,0.5,0.1,0.05,mixed,0.8
ptcp,1.0,0.9955207201518633,4.860666666666667,0.0,0.8606666666666667,2026086526,5,300,3000,5,0.5,0.1,0.05,mixed,0.8
ptcp_randomized,1.0,0.9955207201518633,4.860666666666667,0.0,0.8606666666666667,2026086526,5,300,3000,5,0.5,0.1,0.05,mixed,0.8
majority_cp,0.9476666666666667,0.8630422214757265,2.820333333333333,0.143,0.0,2026086527,5,300,3000,5,0.5,0.1,0.05,mixed,0.8
random_rater_cp,0.9603333333333334,0.8840456659753084,2.9313333333333333,0.12166666666666667,0.0,2026086527,5,300,3000,5,0.5,0.1,0.05,mixed,0.8
naive_panel_cp,0.8973333333333333,0.7790368179640721,2.432,0.20633333333333334,0.0,2026086527,5,300,3000,5,0.5,0.1,0.05,mixed,0.8
ptcp,1.0,0.9944774525545098,4.857666666666667,0.0,0.8576666666666667,2026086527,5,300,3000,5,0.5,0.1,0.05,mixed,0.8
ptcp_randomized,1.0,0.9944774525545098,4.857666666666667,0.0,0.8576666666666667,2026086527,5,300,3000,5,0.5,0.1,0.05,mixed,0.8
majority_cp,0.9613333333333334,0.8777398687280616,2.8543333333333334,0.12933333333333333,0.0,2026086528,5,300,3000,5,0.5,0.1,0.05,mixed,0.8
random_rater_cp,0.99,0.9321634362266646,3.2743333333333333,0.04933333333333333,0.0,2026086528,5,300,3000,5,0.5,0.1,0.05,mixed,0.8
naive_panel_cp,0.9513333333333334,0.8602434597188312,2.763333333333333,0.14833333333333334,0.0,2026086528,5,300,3000,5,0.5,0.1,0.05,mixed,0.8
ptcp,1.0,0.995592314560882,4.859333333333334,0.0,0.8593333333333333,2026086528,5,300,3000,5,0.5,0.1,0.05,mixed,0.8
ptcp_randomized,1.0,0.995592314560882,4.859333333333334,0.0,0.8593333333333333,2026086528,5,300,3000,5,0.5,0.1,0.05,mixed,0.8
majority_cp,0.9586666666666667,0.8771347240380826,2.866,0.12833333333333333,0.0,2026086529,5,300,3000,5,0.5,0.1,0.05,mixed,0.8
random_rater_cp,0.9686666666666667,0.8951254735974459,2.967,0.10833333333333334,0.0,2026086529,5,300,3000,5,0.5,0.1,0.05,mixed,0.8
naive_panel_cp,0.9446666666666667,0.8501554220866339,2.711,0.16366666666666665,0.0,2026086529,5,300,3000,5,0.5,0.1,0.05,mixed,0.8
ptcp,1.0,0.995478239586634,4.855333333333333,0.0,0.8553333333333333,2026086529,5,300,3000,5,0.5,0.1,0.05,mixed,0.8
ptcp_randomized,1.0,0.995478239586634,4.855333333333333,0.0,0.8553333333333333,2026086529,5,300,3000,5,0.5,0.1,0.05,mixed,0.8
majority_cp,0.9416666666666667,0.8538033456548038,2.7636666666666665,0.148,0.0,2026086530,5,300,3000,5,0.5,0.1,0.05,mixed,0.8
random_rater_cp,0.9663333333333334,0.8936275830352174,2.9713333333333334,0.109,0.0,2026086530,5,300,3000,5,0.5,0.1,0.05,mixed,0.8
naive_panel_cp,0.925,0.8253790817458985,2.6286666666666667,0.17633333333333334,0.0,2026086530,5,300,3000,5,0.5,0.1,0.05,mixed,0.8
ptcp,1.0,0.9947627393777769,4.854333333333333,0.0,0.8543333333333333,2026086530,5,300,3000,5,0.5,0.1,0.05,mixed,0.8
ptcp_randomized,1.0,0.9947627393777769,4.854333333333333,0.0,0.8543333333333333,2026086530,5,300,3000,5,0.5,0.1,0.05,mixed,0.8
majority_cp,0.9353333333333333,0.8293082158843618,2.614333333333333,0.17,0.0,2026086531,5,300,3000,5,0.5,0.1,0.05,mixed,0.8
random_rater_cp,0.97,0.8936506422259561,2.9436666666666667,0.11,0.0,2026086531,5,300,3000,5,0.5,0.1,0.05,mixed,0.8
naive_panel_cp,0.9203333333333333,0.804242691280115,2.498666666666667,0.19166666666666668,0.0,2026086531,5,300,3000,5,0.5,0.1,0.05,mixed,0.8
ptcp,1.0,0.9953576360162698,4.859,0.0,0.859,2026086531,5,300,3000,5,0.5,0.1,0.05,mixed,0.8
ptcp_randomized,1.0,0.9953576360162698,4.859,0.0,0.859,2026086531,5,300,3000,5,0.5,0.1,0.05,mixed,0.8
majority_cp,0.9706666666666667,0.8941456768395332,2.987,0.10466666666666667,0.0,2026086532,5,300,3000,5,0.5,0.1,0.05,mixed,0.8
random_rater_cp,0.9873333333333333,0.9259642876306186,3.2256666666666667,0.06,0.0,2026086532,5,300,3000,5,0.5,0.1,0.05,mixed,0.8
naive_panel_cp,0.9526666666666667,0.8631503045779386,2.8173333333333335,0.12733333333333333,0.0,2026086532,5,300,3000,5,0.5,0.1,0.05,mixed,0.8
ptcp,1.0,0.9944281506519594,4.855,0.0,0.855,2026086532,5,300,3000,5,0.5,0.1,0.05,mixed,0.8
ptcp_randomized,1.0,0.9944281506519594,4.855,0.0,0.855,2026086532,5,300,3000,5,0.5,0.1,0.05,mixed,0.8
majority_cp,0.963,0.8902232271285556,2.938,0.12166666666666667,0.0,2026086533,5,300,3000,5,0.5,0.1,0.05,mixed,0.8
random_rater_cp,0.9733333333333334,0.9084572844315083,3.0556666666666668,0.09633333333333334,0.0,2026086533,5,300,3000,5,0.5,0.1,0.05,mixed,0.8
naive_panel_cp,0.9476666666666667,0.8635125046267146,2.7946666666666666,0.14466666666666667,0.0,2026086533,5,300,3000,5,0.5,0.1,0.05,mixed,0.8
ptcp,1.0,0.9941405799641094,4.844666666666667,0.0,0.8446666666666667,2026086533,5,300,3000,5,0.5,0.1,0.05,mixed,0.8
ptcp_randomized,1.0,0.9941405799641094,4.844666666666667,0.0,0.8446666666666667,2026086533,5,300,3000,5,0.5,0.1,0.05,mixed,0.8
majority_cp,0.9413333333333334,0.8393919206037869,2.705,0.151,0.0,2026086534,5,300,3000,5,0.5,0.1,0.05,mixed,0.8
random_rater_cp,0.98,0.9089851025069162,3.087,0.083,0.0,2026086534,5,300,3000,5,0.5,0.1,0.05,mixed,0.8
naive_panel_cp,0.9266666666666666,0.8129374448735903,2.578666666666667,0.17166666666666666,0.0,2026086534,5,300,3000,5,0.5,0.1,0.05,mixed,0.8
ptcp,1.0,0.9950681101088794,4.858333333333333,0.0,0.8583333333333333,2026086534,5,300,3000,5,0.5,0.1,0.05,mixed,0.8
ptcp_randomized,1.0,0.9950681101088794,4.858333333333333,0.0,0.8583333333333333,2026086534,5,300,3000,5,0.5,0.1,0.05,mixed,0.8
majority_cp,0.9493333333333334,0.8559630385006941,2.7836666666666665,0.147,0.0,2026086535,5,300,3000,5,0.5,0.1,0.05,mixed,0.8
random_rater_cp,0.985,0.9220046163406292,3.1963333333333335,0.06366666666666666,0.0,2026086535,5,300,3000,5,0.5,0.1,0.05,mixed,0.8
naive_panel_cp,0.93,0.8216074779396966,2.598333333333333,0.18266666666666667,0.0,2026086535,5,300,3000,5,0.5,0.1,0.05,mixed,0.8
ptcp,1.0,0.995281257362664,4.853666666666666,0.0,0.8536666666666667,2026086535,5,300,3000,5,0.5,0.1,0.05,mixed,0.8
ptcp_randomized,1.0,0.995281257362664,4.853666666666666,0.0,0.8536666666666667,2026086535,5,300,3000,5,0.5,0.1,0.05,mixed,0.8
majority_cp,0.9486666666666667,0.8663783422138176,2.8676666666666666,0.12466666666666666,0.0,2026086536,5,300,3000,5,0.5,0.1,0.05,mixed,0.8
random_rater_cp,0.969,0.901690929714258,3.066,0.08433333333333333,0.0,2026086536,5,300,3000,5,0.5,0.1,0.05,mixed,0.8
naive_panel_cp,0.937,0.8456243533606803,2.753,0.14533333333333334,0.0,2026086536,5,300,3000,5,0.5,0.1,0.05,mixed,0.8
ptcp,1.0,0.9943892861968289,4.8613333333333335,0.0,0.8613333333333333,2026086536,5,300,3000,5,0.5,0.1,0.05,mixed,0.8
ptcp_randomized,1.0,0.9943892861968289,4.8613333333333335,0.0,0.8613333333333333,2026086536,5,300,3000,5,0.5,0.1,0.05,mixed,0.8
majority_cp,0.9543333333333334,0.8691563549924843,2.84,0.144,0.0,2026086537,5,300,3000,5,0.5,0.1,0.05,mixed,0.8
random_rater_cp,0.963,0.8858685150075295,2.9403333333333332,0.125,0.0,2026086537,5,300,3000,5,0.5,0.1,0.05,mixed,0.8
naive_panel_cp,0.9396666666666667,0.8454224035808535,2.7346666666666666,0.16033333333333333,0.0,2026086537,5,300,3000,5,0.5,0.1,0.05,mixed,0.8
ptcp,1.0,0.9950521015864436,4.863666666666667,0.0,0.8636666666666667,2026086537,5,300,3000,5,0.5,0.1,0.05,mixed,0.8
ptcp_randomized,1.0,0.9950521015864436,4.863666666666667,0.0,0.8636666666666667,2026086537,5,300,3000,5,0.5,0.1,0.05,mixed,0.8
majority_cp,0.9673333333333334,0.8892080022730388,2.9103333333333334,0.11766666666666667,0.0,2026086538,5,300,3000,5,0.5,0.1,0.05,mixed,0.8
random_rater_cp,0.9833333333333333,0.9217811960036103,3.1336666666666666,0.07066666666666667,0.0,2026086538,5,300,3000,5,0.5,0.1,0.05,mixed,0.8
naive_panel_cp,0.952,0.8617024062670168,2.75,0.155,0.0,2026086538,5,300,3000,5,0.5,0.1,0.05,mixed,0.8
ptcp,1.0,0.9951938297524358,4.855333333333333,0.0,0.8553333333333333,2026086538,5,300,3000,5,0.5,0.1,0.05,mixed,0.8
ptcp_randomized,1.0,0.9951938297524358,4.855333333333333,0.0,0.8553333333333333,2026086538,5,300,3000,5,0.5,0.1,0.05,mixed,0.8
majority_cp,0.953,0.867030732247039,2.82,0.142,0.0,2026086539,5,300,3000,5,0.5,0.1,0.05,mixed,0.8
random_rater_cp,0.953,0.867090326630779,2.821,0.14166666666666666,0.0,2026086539,5,300,3000,5,0.5,0.1,0.05,mixed,0.8
naive_panel_cp,0.93,0.8231771017060062,2.5973333333333333,0.18166666666666667,0.0,2026086539,5,300,3000,5,0.5,0.1,0.05,mixed,0.8
ptcp,1.0,0.9945852513114937,4.855666666666667,0.0,0.8556666666666667,2026086539,5,300,3000,5,0.5,0.1,0.05,mixed,0.8
ptcp_randomized,1.0,0.9945852513114937,4.855666666666667,0.0,0.8556666666666667,2026086539,5,300,3000,5,0.5,0.1,0.05,mixed,0.8
majority_cp,0.9336666666666666,0.8358043107553964,2.6726666666666667,0.16,0.0,2026086540,5,300,3000,5,0.5,0.1,0.05,mixed,0.8
random_rater_cp,0.9566666666666667,0.8764369671931377,2.8813333333333335,0.12033333333333333,0.0,2026086540,5,300,3000,5,0.5,0.1,0.05,mixed,0.8
naive_panel_cp,0.9256666666666666,0.8216179274455416,2.6083333333333334,0.16966666666666666,0.0,2026086540,5,300,3000,5,0.5,0.1,0.05,mixed,0.8
ptcp,1.0,0.9951233960238564,4.866333333333333,0.0,0.8663333333333333,2026086540,5,300,3000,5,0.5,0.1,0.05,mixed,0.8
ptcp_randomized,1.0,0.9951233960238564,4.866333333333333,0.0,0.8663333333333333,2026086540,5,300,3000,5,0.5,0.1,0.05,mixed,0.8
majority_cp,0.9403333333333334,0.8460126492469038,2.6923333333333335,0.167,0.0,2026086541,5,300,3000,5,0.5,0.1,0.05,mixed,0.8
random_rater_cp,0.967,0.8917894429268471,2.937333333333333,0.11866666666666667,0.0,2026086541,5,300,3000,5,0.5,0.1,0.05,mixed,0.8
naive_panel_cp,0.9133333333333333,0.8038266536726629,2.510666666666667,0.18833333333333332,0.0,2026086541,5,300,3000,5,0.5,0.1,0.05,mixed,0.8
ptcp,1.0,0.9943344972099343,4.851666666666667,0.0,0.8516666666666667,2026086541,5,300,3000,5,0.5,0.1,0.05,mixed,0.8
ptcp_randomized,1.0,0.9943344972099343,4.851666666666667,0.0,0.8516666666666667,2026086541,5,300,3000,5,0.5,0.1,0.05,mixed,0.8
majority_cp,0.947,0.8584377981123965,2.791333333333333,0.13733333333333334,0.0,2026086542,5,300,3000,5,0.5,0.1,0.05,mixed,0.8
random_rater_cp,0.9733333333333334,0.9060580928596288,3.078,0.083,0.0,2026086542,5,300,3000,5,0.5,0.1,0.05,mixed,0.8
naive_panel_cp,0.9403333333333334,0.8468317187052546,2.736,0.147,0.0,2026086542,5,300,3000,5,0.5,0.1,0.05,mixed,0.8
ptcp,0.9996666666666667,0.9952779379919254,4.863,0.0,0.863,2026086542,5,300,3000,5,0.5,0.1,0.05,mixed,0.8
ptcp_randomized,0.9996666666666667,0.9952779379919254,4.863,0.0,0.863,2026086542,5,300,3000,5,0.5,0.1,0.05,mixed,0.8
majority_cp,0.9396666666666667,0.8458213632755124,2.731333333333333,0.15833333333333333,0.0,2026086543,5,300,3000,5,0.5,0.1,0.05,mixed,0.8
random_rater_cp,0.9666666666666667,0.8899226523065177,2.9606666666666666,0.11366666666666667,0.0,2026086543,5,300,3000,5,0.5,0.1,0.05,mixed,0.8
naive_panel_cp,0.9176666666666666,0.8069997346559923,2.5496666666666665,0.184,0.0,2026086543,5,300,3000,5,0.5,0.1,0.05,mixed,0.8
ptcp,1.0,0.9956303019856402,4.873333333333333,0.0,0.8733333333333333,2026086543,5,300,3000,5,0.5,0.1,0.05,mixed,0.8
ptcp_randomized,1.0,0.9956303019856402,4.873333333333333,0.0,0.8733333333333333,2026086543,5,300,3000,5,0.5,0.1,0.05,mixed,0.8
majority_cp,0.933,0.8393002356350482,2.689,0.16333333333333333,0.0,2026086544,5,300,3000,5,0.5,0.1,0.05,mixed,0.8
random_rater_cp,0.967,0.8975567631484633,3.0033333333333334,0.101,0.0,2026086544,5,300,3000,5,0.5,0.1,0.05,mixed,0.8
naive_panel_cp,0.9276666666666666,0.8303262236837248,2.6473333333333335,0.17133333333333334,0.0,2026086544,5,300,3000,5,0.5,0.1,0.05,mixed,0.8
ptcp,1.0,0.995489450438739,4.855666666666667,0.0,0.8556666666666667,2026086544,5,300,3000,5,0.5,0.1,0.05,mixed,0.8
ptcp_randomized,1.0,0.995489450438739,4.855666666666667,0.0,0.8556666666666667,2026086544,5,300,3000,5,0.5,0.1,0.05,mixed,0.8
majority_cp,0.9666666666666667,0.8934089170414703,2.973333333333333,0.10433333333333333,0.0,2026086545,5,300,3000,5,0.5,0.1,0.05,mixed,0.8
random_rater_cp,0.9743333333333334,0.9061611225153151,3.0496666666666665,0.08633333333333333,0.0,2026086545,5,300,3000,5,0.5,0.1,0.05,mixed,0.8
naive_panel_cp,0.947,0.8586445002512608,2.7826666666666666,0.13966666666666666,0.0,2026086545,5,300,3000,5,0.5,0.1,0.05,mixed,0.8
ptcp,1.0,0.9949285435429944,4.856,0.0,0.856,2026086545,5,300,3000,5,0.5,0.1,0.05,mixed,0.8
ptcp_randomized,1.0,0.9949285435429944,4.856,0.0,0.856,2026086545,5,300,3000,5,0.5,0.1,0.05,mixed,0.8
majority_cp,0.97,0.8934073367066163,2.9303333333333335,0.11366666666666667,0.0,2026086546,5,300,3000,5,0.5,0.1,0.05,mixed,0.8
random_rater_cp,0.9826666666666667,0.9175150684343701,3.0813333333333333,0.08466666666666667,0.0,2026086546,5,300,3000,5,0.5,0.1,0.05,mixed,0.8
naive_panel_cp,0.955,0.8671911064633527,2.7933333333333334,0.139,0.0,2026086546,5,300,3000,5,0.5,0.1,0.05,mixed,0.8
ptcp,1.0,0.9952328994364822,4.86,0.0,0.86,2026086546,5,300,3000,5,0.5,0.1,0.05,mixed,0.8
ptcp_randomized,1.0,0.9952328994364822,4.86,0.0,0.86,2026086546,5,300,3000,5,0.5,0.1,0.05,mixed,0.8
majority_cp,0.9396666666666667,0.8481576227961577,2.743333333333333,0.14933333333333335,0.0,2026086547,5,300,3000,5,0.5,0.1,0.05,mixed,0.8
random_rater_cp,0.9653333333333334,0.8900787750911467,2.9646666666666666,0.105,0.0,2026086547,5,300,3000,5,0.5,0.1,0.05,mixed,0.8
naive_panel_cp,0.9276666666666666,0.8269158638839297,2.639666666666667,0.164,0.0,2026086547,5,300,3000,5,0.5,0.1,0.05,mixed,0.8
ptcp,1.0,0.9958590207606712,4.8566666666666665,0.0,0.8566666666666667,2026086547,5,300,3000,5,0.5,0.1,0.05,mixed,0.8
ptcp_randomized,1.0,0.9958590207606712,4.8566666666666665,0.0,0.8566666666666667,2026086547,5,300,3000,5,0.5,0.1,0.05,mixed,0.8
majority_cp,0.9473333333333334,0.851870439784692,2.771,0.13966666666666666,0.0,2026086548,5,300,3000,5,0.5,0.1,0.05,mixed,0.8
random_rater_cp,0.9633333333333334,0.8802759324974795,2.9183333333333334,0.11633333333333333,0.0,2026086548,5,300,3000,5,0.5,0.1,0.05,mixed,0.8
naive_panel_cp,0.933,0.825604607638362,2.6293333333333333,0.16133333333333333,0.0,2026086548,5,300,3000,5,0.5,0.1,0.05,mixed,0.8
ptcp,1.0,0.9945977779608702,4.853666666666666,0.0,0.8536666666666667,2026086548,5,300,3000,5,0.5,0.1,0.05,mixed,0.8
ptcp_randomized,1.0,0.9945977779608702,4.853666666666666,0.0,0.8536666666666667,2026086548,5,300,3000,5,0.5,0.1,0.05,mixed,0.8
majority_cp,0.9553333333333334,0.8669019883504409,2.802,0.14966666666666667,0.0,2026086549,5,300,3000,5,0.5,0.1,0.05,mixed,0.8
random_rater_cp,0.9646666666666667,0.8850946513808379,2.9126666666666665,0.125,0.0,2026086549,5,300,3000,5,0.5,0.1,0.05,mixed,0.8
naive_panel_cp,0.9373333333333334,0.8361256934436496,2.646,0.17933333333333334,0.0,2026086549,5,300,3000,5,0.5,0.1,0.05,mixed,0.8
ptcp,1.0,0.9955199788133872,4.862,0.0,0.862,2026086549,5,300,3000,5,0.5,0.1,0.05,mixed,0.8
ptcp_randomized,1.0,0.9955199788133872,4.862,0.0,0.862,2026086549,5,300,3000,5,0.5,0.1,0.05,mixed,0.8
majority_cp,0.9526666666666667,0.8731081287854977,2.8853333333333335,0.116,0.0,2026086550,5,300,3000,5,0.5,0.1,0.05,mixed,0.8
random_rater_cp,0.9836666666666667,0.9231877542995823,3.161,0.071,0.0,2026086550,5,300,3000,5,0.5,0.1,0.05,mixed,0.8
naive_panel_cp,0.937,0.8472181076825479,2.7453333333333334,0.137,0.0,2026086550,5,300,3000,5,0.5,0.1,0.05,mixed,0.8
ptcp,1.0,0.9955141006936027,4.863333333333333,0.0,0.8633333333333333,2026086550,5,300,3000,5,0.5,0.1,0.05,mixed,0.8
ptcp_randomized,1.0,0.9955141006936027,4.863333333333333,0.0,0.8633333333333333,2026086550,5,300,3000,5,0.5,0.1,0.05,mixed,0.8
majority_cp,0.935,0.83278992137427,2.695666666666667,0.155,0.0,2026086551,5,300,3000,5,0.5,0.1,0.05,mixed,0.8
random_rater_cp,0.9806666666666667,0.9149800157565326,3.137,0.07966666666666666,0.0,2026086551,5,300,3000,5,0.5,0.1,0.05,mixed,0.8
naive_panel_cp,0.9196666666666666,0.8058713986440692,2.571,0.172,0.0,2026086551,5,300,3000,5,0.5,0.1,0.05,mixed,0.8
ptcp,1.0,0.9945230657803699,4.868,0.0,0.868,2026086551,5,300,3000,5,0.5,0.1,0.05,mixed,0.8
ptcp_randomized,1.0,0.9945230657803699,4.868,0.0,0.868,2026086551,5,300,3000,5,0.5,0.1,0.05,mixed,0.8
majority_cp,0.952,0.860304640339032,2.7986666666666666,0.14366666666666666,0.0,2026086552,5,300,3000,5,0.5,0.1,0.05,mixed,0.8
random_rater_cp,0.9806666666666667,0.9164676780586891,3.1293333333333333,0.08033333333333334,0.0,2026086552,5,300,3000,5,0.5,0.1,0.05,mixed,0.8
naive_panel_cp,0.9463333333333334,0.8489641479885386,2.735,0.153,0.0,2026086552,5,300,3000,5,0.5,0.1,0.05,mixed,0.8
ptcp,1.0,0.9953715696055907,4.859666666666667,0.0,0.8596666666666667,2026086552,5,300,3000,5,0.5,0.1,0.05,mixed,0.8
ptcp_randomized,1.0,0.9953715696055907,4.859666666666667,0.0,0.8596666666666667,2026086552,5,300,3000,5,0.5,0.1,0.05,mixed,0.8
majority_cp,0.9593333333333334,0.876388900228747,2.8956666666666666,0.12733333333333333,0.0,2026086553,5,300,3000,5,0.5,0.1,0.05,mixed,0.8
random_rater_cp,0.98,0.9172350154419879,3.173,0.071,0.0,2026086553,5,300,3000,5,0.5,0.1,0.05,mixed,0.8
naive_panel_cp,0.947,0.8535285632529123,2.783333333333333,0.15233333333333332,0.0,2026086553,5,300,3000,5,0.5,0.1,0.05,mixed,0.8
ptcp,1.0,0.9954463181784786,4.865666666666667,0.0,0.8656666666666667,2026086553,5,300,3000,5,0.5,0.1,0.05,mixed,0.8
ptcp_randomized,1.0,0.9954463181784786,4.865666666666667,0.0,0.8656666666666667,2026086553,5,300,3000,5,0.5,0.1,0.05,mixed,0.8
majority_cp,0.967,0.8944689831299948,2.9723333333333333,0.106,0.0,2026086554,5,300,3000,5,0.5,0.1,0.05,mixed,0.8
random_rater_cp,0.982,0.9217843174297575,3.1763333333333335,0.06233333333333333,0.0,2026086554,5,300,3000,5,0.5,0.1,0.05,mixed,0.8
naive_panel_cp,0.9413333333333334,0.8517481972945447,2.738,0.15366666666666667,0.0,2026086554,5,300,3000,5,0.5,0.1,0.05,mixed,0.8
ptcp,1.0,0.9955907622740894,4.862,0.0,0.862,2026086554,5,300,3000,5,0.5,0.1,0.05,mixed,0.8
ptcp_randomized,1.0,0.9955907622740894,4.862,0.0,0.862,2026086554,5,300,3000,5,0.5,0.1,0.05,mixed,0.8
majority_cp,0.9403333333333334,0.844192510349973,2.7173333333333334,0.15466666666666667,0.0,2026086555,5,300,3000,5,0.5,0.1,0.05,mixed,0.8
random_rater_cp,0.9686666666666667,0.8975744960915143,3.0123333333333333,0.10133333333333333,0.0,2026086555,5,300,3000,5,0.5,0.1,0.05,mixed,0.8
naive_panel_cp,0.9346666666666666,0.8361408189004775,2.683333333333333,0.16033333333333333,0.0,2026086555,5,300,3000,5,0.5,0.1,0.05,mixed,0.8
ptcp,1.0,0.9951586372581328,4.851,0.0,0.851,2026086555,5,300,3000,5,0.5,0.1,0.05,mixed,0.8
ptcp_randomized,1.0,0.9951586372581328,4.851,0.0,0.851,2026086555,5,300,3000,5,0.5,0.1,0.05,mixed,0.8
majority_cp,0.9656666666666667,0.8933115259282967,2.9623333333333335,0.10966666666666666,0.0,2026086556,5,300,3000,5,0.5,0.1,0.05,mixed,0.8
random_rater_cp,0.978,0.9193583009681765,3.158,0.069,0.0,2026086556,5,300,3000,5,0.5,0.1,0.05,mixed,0.8
naive_panel_cp,0.9376666666666666,0.8463220882051616,2.7253333333333334,0.15166666666666667,0.0,2026086556,5,300,3000,5,0.5,0.1,0.05,mixed,0.8
ptcp,1.0,0.9955543773749008,4.858,0.0,0.858,2026086556,5,300,3000,5,0.5,0.1,0.05,mixed,0.8
ptcp_randomized,1.0,0.9955543773749008,4.858,0.0,0.858,2026086556,5,300,3000,5,0.5,0.1,0.05,mixed,0.8
majority_cp,0.952,0.8660565758763901,2.812666666666667,0.133,0.0,2026086557,5,300,3000,5,0.5,0.1,0.05,mixed,0.8
random_rater_cp,0.972,0.904434054826999,3.0416666666666665,0.08866666666666667,0.0,2026086557,5,300,3000,5,0.5,0.1,0.05,mixed,0.8
naive_panel_cp,0.9473333333333334,0.8582454739576366,2.7756666666666665,0.14066666666666666,0.0,2026086557,5,300,3000,5,0.5,0.1,0.05,mixed,0.8
ptcp,1.0,0.9958065610884541,4.87,0.0,0.87,2026086557,5,300,3000,5,0.5,0.1,0.05,mixed,0.8
ptcp_randomized,1.0,0.9958065610884541,4.87,0.0,0.87,2026086557,5,300,3000,5,0.5,0.1,0.05,mixed,0.8
majority_cp,0.9573333333333334,0.873067893437722,2.8566666666666665,0.122,0.0,2026086558,5,300,3000,5,0.5,0.1,0.05,mixed,0.8
random_rater_cp,0.977,0.908285471320818,3.0763333333333334,0.08566666666666667,0.0,2026086558,5,300,3000,5,0.5,0.1,0.05,mixed,0.8
naive_panel_cp,0.9486666666666667,0.8586174765594099,2.7856666666666667,0.13966666666666666,0.0,2026086558,5,300,3000,5,0.5,0.1,0.05,mixed,0.8
ptcp,1.0,0.9949612683829461,4.859,0.0,0.859,2026086558,5,300,3000,5,0.5,0.1,0.05,mixed,0.8
ptcp_randomized,1.0,0.9949612683829461,4.859,0.0,0.859,2026086558,5,300,3000,5,0.5,0.1,0.05,mixed,0.8
majority_cp,0.9686666666666667,0.8975815604221111,3.021,0.10333333333333333,0.0,2026086559,5,300,3000,5,0.5,0.1,0.05,mixed,0.8
random_rater_cp,0.9733333333333334,0.9064198312882891,3.0803333333333334,0.089,0.0,2026086559,5,300,3000,5,0.5,0.1,0.05,mixed,0.8
naive_panel_cp,0.9443333333333334,0.8562342638938738,2.7946666666666666,0.153,0.0,2026086559,5,300,3000,5,0.5,0.1,0.05,mixed,0.8
ptcp,1.0,0.9951487047136691,4.853,0.0,0.853,2026086559,5,300,3000,5,0.5,0.1,0.05,mixed,0.8
ptcp_randomized,1.0,0.9951487047136691,4.853,0.0,0.853,2026086559,5,300,3000,5,0.5,0.1,0.05,mixed,0.8
majority_cp,0.9363333333333334,0.8338799523087455,2.6706666666666665,0.15666666666666668,0.0,2026086560,5,300,3000,5,0.5,0.1,0.05,mixed,0.8
random_rater_cp,0.9636666666666667,0.8809258666052007,2.9143333333333334,0.10933333333333334,0.0,2026086560,5,300,3000,5,0.5,0.1,0.05,mixed,0.8
naive_panel_cp,0.912,0.7892164634072151,2.4583333333333335,0.19333333333333333,0.0,2026086560,5,300,3000,5,0.5,0.1,0.05,mixed,0.8
ptcp,1.0,0.9949049732361956,4.856333333333334,0.0,0.8563333333333333,2026086560,5,300,3000,5,0.5,0.1,0.05,mixed,0.8
ptcp_randomized,1.0,0.9949049732361956,4.856333333333334,0.0,0.8563333333333333,2026086560,5,300,3000,5,0.5,0.1,0.05,mixed,0.8
majority_cp,0.9506666666666667,0.8602380086311829,2.7723333333333335,0.141,0.0,2026086561,5,300,3000,5,0.5,0.1,0.05,mixed,0.8
random_rater_cp,0.9813333333333333,0.9189777311794607,3.1496666666666666,0.07666666666666666,0.0,2026086561,5,300,3000,5,0.5,0.1,0.05,mixed,0.8
naive_panel_cp,0.943,0.8474808390085944,2.7066666666666666,0.15533333333333332,0.0,2026086561,5,300,3000,5,0.5,0.1,0.05,mixed,0.8
ptcp,1.0,0.9955234987736357,4.846333333333333,0.0,0.8463333333333334,2026086561,5,300,3000,5,0.5,0.1,0.05,mixed,0.8
ptcp_randomized,1.0,0.9955234987736357,4.846333333333333,0.0,0.8463333333333334,2026086561,5,300,3000,5,0.5,0.1,0.05,mixed,0.8
majority_cp,0.9503333333333334,0.8575165404040781,2.7453333333333334,0.14966666666666667,0.0,2026086562,5,300,3000,5,0.5,0.1,0.05,mixed,0.8
random_rater_cp,0.9696666666666667,0.8915334020035751,2.921,0.11733333333333333,0.0,2026086562,5,300,3000,5,0.5,0.1,0.05,mixed,0.8
naive_panel_cp,0.928,0.8217493536674453,2.5806666666666667,0.17833333333333334,0.0,2026086562,5,300,3000,5,0.5,0.1,0.05,mixed,0.8
ptcp,1.0,0.99616941743317,4.864333333333334,0.0,0.8643333333333333,2026086562,5,300,3000,5,0.5,0.1,0.05,mixed,0.8
ptcp_randomized,1.0,0.99616941743317,4.864333333333334,0.0,0.8643333333333333,2026086562,5,300,3000,5,0.5,0.1,0.05,mixed,0.8
majority_cp,0.95,0.8644279975184938,2.8306666666666667,0.13133333333333333,0.0,2026086563,5,300,3000,5,0.5,0.1,0.05,mixed,0.8
random_rater_cp,0.9556666666666667,0.8757296631164742,2.893,0.118,0.0,2026086563,5,300,3000,5,0.5,0.1,0.05,mixed,0.8
naive_panel_cp,0.9283333333333333,0.8263366605338115,2.6473333333333335,0.16533333333333333,0.0,2026086563,5,300,3000,5,0.5,0.1,0.05,mixed,0.8
ptcp,1.0,0.9954330052763416,4.857,0.0,0.857,2026086563,5,300,3000,5,0.5,0.1,0.05,mixed,0.8
ptcp_randomized,1.0,0.9954330052763416,4.857,0.0,0.857,2026086563,5,300,3000,5,0.5,0.1,0.05,mixed,0.8
majority_cp,0.9646666666666667,0.8917245147777622,2.941666666666667,0.11233333333333333,0.0,2026086564,5,300,3000,5,0.5,0.1,0.05,mixed,0.8
random_rater_cp,0.9656666666666667,0.8928558226983208,2.9506666666666668,0.11033333333333334,0.0,2026086564,5,300,3000,5,0.5,0.1,0.05,mixed,0.8
naive_panel_cp,0.947,0.8584553727799751,2.766,0.14066666666666666,0.0,2026086564,5,300,3000,5,0.5,0.1,0.05,mixed,0.8
ptcp,1.0,0.9951596730814154,4.8613333333333335,0.0,0.8613333333333333,2026086564,5,300,3000,5,0.5,0.1,0.05,mixed,0.8
ptcp_randomized,1.0,0.9951596730814154,4.8613333333333335,0.0,0.8613333333333333,2026086564,5,300,3000,5,0.5,0.1,0.05,mixed,0.8
majority_cp,0.96,0.8808393690927715,2.946,0.11666666666666667,0.0,2026086565,5,300,3000,5,0.5,0.1,0.05,mixed,0.8
random_rater_cp,0.9863333333333333,0.9273171409877669,3.2416666666666667,0.058,0.0,2026086565,5,300,3000,5,0.5,0.1,0.05,mixed,0.8
naive_panel_cp,0.9356666666666666,0.8370887737706092,2.7186666666666666,0.15333333333333332,0.0,2026086565,5,300,3000,5,0.5,0.1,0.05,mixed,0.8
ptcp,1.0,0.9955379020830336,4.8693333333333335,0.0,0.8693333333333333,2026086565,5,300,3000,5,0.5,0.1,0.05,mixed,0.8
ptcp_randomized,1.0,0.9955379020830336,4.8693333333333335,0.0,0.8693333333333333,2026086565,5,300,3000,5,0.5,0.1,0.05,mixed,0.8
majority_cp,0.9496666666666667,0.8658886715540355,2.796666666666667,0.13633333333333333,0.0,2026086566,5,300,3000,5,0.5,0.1,0.05,mixed,0.8
random_rater_cp,0.9713333333333334,0.9010094756881488,2.985,0.09933333333333333,0.0,2026086566,5,300,3000,5,0.5,0.1,0.05,mixed,0.8
naive_panel_cp,0.935,0.8373589731927695,2.6506666666666665,0.16366666666666665,0.0,2026086566,5,300,3000,5,0.5,0.1,0.05,mixed,0.8
ptcp,1.0,0.9949641385505686,4.850666666666666,0.0,0.8506666666666667,2026086566,5,300,3000,5,0.5,0.1,0.05,mixed,0.8
ptcp_randomized,1.0,0.9949641385505686,4.850666666666666,0.0,0.8506666666666667,2026086566,5,300,3000,5,0.5,0.1,0.05,mixed,0.8
majority_cp,0.968,0.8987763621352779,2.985,0.10433333333333333,0.0,2026086567,5,300,3000,5,0.5,0.1,0.05,mixed,0.8
random_rater_cp,0.967,0.8971195653285365,2.975,0.10633333333333334,0.0,2026086567,5,300,3000,5,0.5,0.1,0.05,mixed,0.8
naive_panel_cp,0.9466666666666667,0.8581161312373445,2.735333333333333,0.158,0.0,2026086567,5,300,3000,5,0.5,0.1,0.05,mixed,0.8
ptcp,1.0,0.9944759408229918,4.844333333333333,0.0,0.8443333333333334,2026086567,5,300,3000,5,0.5,0.1,0.05,mixed,0.8
ptcp_randomized,1.0,0.9944759408229918,4.844333333333333,0.0,0.8443333333333334,2026086567,5,300,3000,5,0.5,0.1,0.05,mixed,0.8
majority_cp,0.9513333333333334,0.865971224966292,2.8583333333333334,0.127,0.0,2026086568,5,300,3000,5,0.5,0.1,0.05,mixed,0.8
random_rater_cp,0.9756666666666667,0.9077103772995803,3.102,0.084,0.0,2026086568,5,300,3000,5,0.5,0.1,0.05,mixed,0.8
naive_panel_cp,0.9353333333333333,0.8366048052357075,2.7006666666666668,0.165,0.0,2026086568,5,300,3000,5,0.5,0.1,0.05,mixed,0.8
ptcp,1.0,0.9947839879380773,4.859,0.0,0.859,2026086568,5,300,3000,5,0.5,0.1,0.05,mixed,0.8
ptcp_randomized,1.0,0.9947839879380773,4.859,0.0,0.859,2026086568,5,300,3000,5,0.5,0.1,0.05,mixed,0.8
majority_cp,0.941,0.8503549169319061,2.708666666666667,0.16566666666666666,0.0,2026086569,5,300,3000,5,0.5,0.1,0.05,mixed,0.8
random_rater_cp,0.9826666666666667,0.919659921540119,3.0973333333333333,0.08466666666666667,0.0,2026086569,5,300,3000,5,0.5,0.1,0.05,mixed,0.8
naive_panel_cp,0.931,0.8338578045554547,2.626333333333333,0.179,0.0,2026086569,5,300,3000,5,0.5,0.1,0.05,mixed,0.8
ptcp,1.0,0.9952287184935515,4.861,0.0,0.861,2026086569,5,300,3000,5,0.5,0.1,0.05,mixed,0.8
ptcp_randomized,1.0,0.9952287184935515,4.861,0.0,0.861,2026086569,5,300,3000,5,0.5,0.1,0.05,mixed,0.8
majority_cp,0.9336666666666666,0.8301361385298363,2.6426666666666665,0.172,0.0,2026086570,5,300,3000,5,0.5,0.1,0.05,mixed,0.8
random_rater_cp,0.9736666666666667,0.9043436169597553,3.046666666666667,0.09566666666666666,0.0,2026086570,5,300,3000,5,0.5,0.1,0.05,mixed,0.8
naive_panel_cp,0.926,0.816571931106538,2.572,0.188,0.0,2026086570,5,300,3000,5,0.5,0.1,0.05,mixed,0.8
ptcp,1.0,0.9961696189157466,4.873,0.0,0.873,2026086570,5,300,3000,5,0.5,0.1,0.05,mixed,0.8
ptcp_randomized,1.0,0.9961696189157466,4.873,0.0,0.873,2026086570,5,300,3000,5,0.5,0.1,0.05,mixed,0.8
majority_cp,0.9276666666666666,0.8240613528273686,2.6416666666666666,0.17366666666666666,0.0,2026086571,5,300,3000,5,0.5,0.1,0.05,mixed,0.8
random_rater_cp,0.952,0.86689614660371,2.8613333333333335,0.13066666666666665,0.0,2026086571,5,300,3000,5,0.5,0.1,0.05,mixed,0.8
naive_panel_cp,0.9136666666666666,0.8022037524438517,2.542666666666667,0.18733333333333332,0.0,2026086571,5,300,3000,5,0.5,0.1,0.05,mixed,0.8
ptcp,1.0,0.994990327733819,4.853,0.0,0.853,2026086571,5,300,3000,5,0.5,0.1,0.05,mixed,0.8
ptcp_randomized,1.0,0.994990327733819,4.853,0.0,0.853,2026086571,5,300,3000,5,0.5,0.1,0.05,mixed,0.8
majority_cp,0.9563333333333334,0.870139907751908,2.8593333333333333,0.12766666666666668,0.0,2026086572,5,300,3000,5,0.5,0.1,0.05,mixed,0.8
random_rater_cp,0.9846666666666667,0.9196058437249576,3.19,0.067,0.0,2026086572,5,300,3000,5,0.5,0.1,0.05,mixed,0.8
naive_panel_cp,0.9453333333333334,0.8509588692928067,2.7723333333333335,0.139,0.0,2026086572,5,300,3000,5,0.5,0.1,0.05,mixed,0.8
ptcp,1.0,0.9950013547132515,4.87,0.0,0.87,2026086572,5,300,3000,5,0.5,0.1,0.05,mixed,0.8
ptcp_randomized,1.0,0.9950013547132515,4.87,0.0,0.87,2026086572,5,300,3000,5,0.5,0.1,0.05,mixed,0.8
majority_cp,0.959,0.8785673919423406,2.8793333333333333,0.128,0.0,2026086573,5,300,3000,5,0.5,0.1,0.05,mixed,0.8
random_rater_cp,0.9663333333333334,0.8907940637248452,2.9486666666666665,0.111,0.0,2026086573,5,300,3000,5,0.5,0.1,0.05,mixed,0.8
naive_panel_cp,0.9316666666666666,0.8353481307707655,2.673,0.161,0.0,2026086573,5,300,3000,5,0.5,0.1,0.05,mixed,0.8
ptcp,1.0,0.9945706328330968,4.846,0.0,0.846,2026086573,5,300,3000,5,0.5,0.1,0.05,mixed,0.8
ptcp_randomized,1.0,0.9945706328330968,4.846,0.0,0.846,2026086573,5,300,3000,5,0.5,0.1,0.05,mixed,0.8
majority_cp,0.9473333333333334,0.8583213481267318,2.7516666666666665,0.15833333333333333,0.0,2026086574,5,300,3000,5,0.5,0.1,0.05,mixed,0.8
random_rater_cp,0.9823333333333333,0.923225516399623,3.149,0.076,0.0,2026086574,5,300,3000,5,0.5,0.1,0.05,mixed,0.8
naive_panel_cp,0.923,0.8188051681969476,2.5793333333333335,0.17333333333333334,0.0,2026086574,5,300,3000,5,0.5,0.1,0.05,mixed,0.8
ptcp,1.0,0.9948793194147202,4.851,0.0,0.851,2026086574,5,300,3000,5,0.5,0.1,0.05,mixed,0.8
ptcp_randomized,1.0,0.9948793194147202,4.851,0.0,0.851,2026086574,5,300,3000,5,0.5,0.1,0.05,mixed,0.8
majority_cp,0.95,0.8569068756460955,2.791,0.136,0.0,2026086575,5,300,3000,5,0.5,0.1,0.05,mixed,0.8
random_rater_cp,0.978,0.9104579003477381,3.1066666666666665,0.08566666666666667,0.0,2026086575,5,300,3000,5,0.5,0.1,0.05,mixed,0.8
naive_panel_cp,0.929,0.819081507448948,2.615,0.15866666666666668,0.0,2026086575,5,300,3000,5,0.5,0.1,0.05,mixed,0.8
ptcp,1.0,0.9944756949555834,4.8486666666666665,0.0,0.8486666666666667,2026086575,5,300,3000,5,0.5,0.1,0.05,mixed,0.8
ptcp_randomized,1.0,0.9944756949555834,4.8486666666666665,0.0,0.8486666666666667,2026086575,5,300,3000,5,0.5,0.1,0.05,mixed,0.8
majority_cp,0.963,0.8838283637247626,2.917,0.12366666666666666,0.0,2026086576,5,300,3000,5,0.5,0.1,0.05,mixed,0.8
random_rater_cp,0.973,0.9034349560525706,3.038666666666667,0.097,0.0,2026086576,5,300,3000,5,0.5,0.1,0.05,mixed,0.8
naive_panel_cp,0.9376666666666666,0.8369378922693459,2.659666666666667,0.16566666666666666,0.0,2026086576,5,300,3000,5,0.5,0.1,0.05,mixed,0.8
ptcp,1.0,0.9949189917374746,4.856333333333334,0.0,0.8563333333333333,2026086576,5,300,3000,5,0.5,0.1,0.05,mixed,0.8
ptcp_randomized,1.0,0.9949189917374746,4.856333333333334,0.0,0.8563333333333333,2026086576,5,300,3000,5,0.5,0.1,0.05,mixed,0.8
majority_cp,0.9486666666666667,0.8577721488808705,2.767333333333333,0.15166666666666667,0.0,2026086577,5,300,3000,5,0.5,0.1,0.05,mixed,0.8
random_rater_cp,0.9716666666666667,0.9023110668898932,3.0296666666666665,0.10066666666666667,0.0,2026086577,5,300,3000,5,0.5,0.1,0.05,mixed,0.8
naive_panel_cp,0.9153333333333333,0.8023534507179814,2.5176666666666665,0.19733333333333333,0.0,2026086577,5,300,3000,5,0.5,0.1,0.05,mixed,0.8
ptcp,1.0,0.9950350378593541,4.850333333333333,0.0,0.8503333333333334,2026086577,5,300,3000,5,0.5,0.1,0.05,mixed,0.8
ptcp_randomized,1.0,0.9950350378593541,4.850333333333333,0.0,0.8503333333333334,2026086577,5,300,3000,5,0.5,0.1,0.05,mixed,0.8
majority_cp,0.9463333333333334,0.8535793366585861,2.755,0.15266666666666667,0.0,2026086578,5,300,3000,5,0.5,0.1,0.05,mixed,0.8
random_rater_cp,0.967,0.8939070492569787,2.9856666666666665,0.104,0.0,2026086578,5,300,3000,5,0.5,0.1,0.05,mixed,0.8
naive_panel_cp,0.9276666666666666,0.8202054426435939,2.5936666666666666,0.177,0.0,2026086578,5,300,3000,5,0.5,0.1,0.05,mixed,0.8
ptcp,1.0,0.9957046577451466,4.867333333333334,0.0,0.8673333333333333,2026086578,5,300,3000,5,0.5,0.1,0.05,mixed,0.8
ptcp_randomized,1.0,0.9957046577451466,4.867333333333334,0.0,0.8673333333333333,2026086578,5,300,3000,5,0.5,0.1,0.05,mixed,0.8
majority_cp,0.9686666666666667,0.8933009942967449,2.998,0.098,0.0,2026086579,5,300,3000,5,0.5,0.1,0.05,mixed,0.8
random_rater_cp,0.9846666666666667,0.9205113241145245,3.187333333333333,0.059666666666666666,0.0,2026086579,5,300,3000,5,0.5,0.1,0.05,mixed,0.8
naive_panel_cp,0.947,0.852317773832557,2.7703333333333333,0.14166666666666666,0.0,2026086579,5,300,3000,5,0.5,0.1,0.05,mixed,0.8
ptcp,1.0,0.9956049977450363,4.866666666666666,0.0,0.8666666666666667,2026086579,5,300,3000,5,0.5,0.1,0.05,mixed,0.8
ptcp_randomized,1.0,0.9956049977450363,4.866666666666666,0.0,0.8666666666666667,2026086579,5,300,3000,5,0.5,0.1,0.05,mixed,0.8
majority_cp,0.9573333333333334,0.8762496431088466,2.869,0.13433333333333333,0.0,2026086580,5,300,3000,5,0.5,0.1,0.05,mixed,0.8
random_rater_cp,0.9866666666666667,0.9281019451640317,3.231333333333333,0.052333333333333336,0.0,2026086580,5,300,3000,5,0.5,0.1,0.05,mixed,0.8
naive_panel_cp,0.941,0.8450463047080614,2.715,0.15833333333333333,0.0,2026086580,5,300,3000,5,0.5,0.1,0.05,mixed,0.8
ptcp,1.0,0.9951669263099493,4.857333333333333,0.0,0.8573333333333333,2026086580,5,300,3000,5,0.5,0.1,0.05,mixed,0.8
ptcp_randomized,1.0,0.9951669263099493,4.857333333333333,0.0,0.8573333333333333,2026086580,5,300,3000,5,0.5,0.1,0.05,mixed,0.8
majority_cp,0.926,0.8140646120181855,2.5606666666666666,0.183,0.0,2026086581,5,300,3000,5,0.5,0.1,0.05,mixed,0.8
random_rater_cp,0.9603333333333334,0.8742667448980267,2.8583333333333334,0.13766666666666666,0.0,2026086581,5,300,3000,5,0.5,0.1,0.05,mixed,0.8
naive_panel_cp,0.9133333333333333,0.7950509152018412,2.4776666666666665,0.19533333333333333,0.0,2026086581,5,300,3000,5,0.5,0.1,0.05,mixed,0.8
ptcp,1.0,0.994768339597956,4.858666666666666,0.0,0.8586666666666667,2026086581,5,300,3000,5,0.5,0.1,0.05,mixed,0.8
ptcp_randomized,1.0,0.994768339597956,4.858666666666666,0.0,0.8586666666666667,2026086581,5,300,3000,5,0.5,0.1,0.05,mixed,0.8
majority_cp,0.9486666666666667,0.8530511570009885,2.768666666666667,0.14366666666666666,0.0,2026086582,5,300,3000,5,0.5,0.1,0.05,mixed,0.8
random_rater_cp,0.9583333333333334,0.8742812809479792,2.896,0.11833333333333333,0.0,2026086582,5,300,3000,5,0.5,0.1,0.05,mixed,0.8
naive_panel_cp,0.9303333333333333,0.8178214564263901,2.591666666666667,0.175,0.0,2026086582,5,300,3000,5,0.5,0.1,0.05,mixed,0.8
ptcp,1.0,0.9953009890574255,4.858333333333333,0.0,0.8583333333333333,2026086582,5,300,3000,5,0.5,0.1,0.05,mixed,0.8
ptcp_randomized,1.0,0.9953009890574255,4.858333333333333,0.0,0.8583333333333333,2026086582,5,300,3000,5,0.5,0.1,0.05,mixed,0.8
majority_cp,0.9356666666666666,0.8418449481304764,2.6983333333333333,0.152,0.0,2026086583,5,300,3000,5,0.5,0.1,0.05,mixed,0.8
random_rater_cp,0.9796666666666667,0.9152324637376287,3.0976666666666666,0.083,0.0,2026086583,5,300,3000,5,0.5,0.1,0.05,mixed,0.8
naive_panel_cp,0.924,0.8214548539186148,2.599666666666667,0.168,0.0,2026086583,5,300,3000,5,0.5,0.1,0.05,mixed,0.8
ptcp,1.0,0.9949029676566042,4.852666666666667,0.0,0.8526666666666667,2026086583,5,300,3000,5,0.5,0.1,0.05,mixed,0.8
ptcp_randomized,1.0,0.9949029676566042,4.852666666666667,0.0,0.8526666666666667,2026086583,5,300,3000,5,0.5,0.1,0.05,mixed,0.8
majority_cp,0.944,0.851605992888822,2.715333333333333,0.152,0.0,2026086584,5,300,3000,5,0.5,0.1,0.05,mixed,0.8
random_rater_cp,0.961,0.882421752400642,2.888333333333333,0.11933333333333333,0.0,2026086584,5,300,3000,5,0.5,0.1,0.05,mixed,0.8
naive_panel_cp,0.9176666666666666,0.8072733685849894,2.494666666666667,0.194,0.0,2026086584,5,300,3000,5,0.5,0.1,0.05,mixed,0.8
ptcp,1.0,0.9953159857340733,4.846333333333333,0.0,0.8463333333333334,2026086584,5,300,3000,5,0.5,0.1,0.05,mixed,0.8
ptcp_randomized,1.0,0.9953159857340733,4.846333333333333,0.0,0.8463333333333334,2026086584,5,300,3000,5,0.5,0.1,0.05,mixed,0.8
majority_cp,0.957,0.8740923324512717,2.849666666666667,0.131,0.0,2026086585,5,300,3000,5,0.5,0.1,0.05,mixed,0.8
random_rater_cp,0.9606666666666667,0.879854057542772,2.8766666666666665,0.128,0.0,2026086585,5,300,3000,5,0.5,0.1,0.05,mixed,0.8
naive_panel_cp,0.935,0.8382845871967869,2.691666666666667,0.15866666666666668,0.0,2026086585,5,300,3000,5,0.5,0.1,0.05,mixed,0.8
ptcp,0.9996666666666667,0.9951204041904776,4.864333333333334,0.0,0.8643333333333333,2026086585,5,300,3000,5,0.5,0.1,0.05,mixed,0.8
ptcp_randomized,0.9996666666666667,0.9951204041904776,4.864333333333334,0.0,0.8643333333333333,2026086585,5,300,3000,5,0.5,0.1,0.05,mixed,0.8
majority_cp,0.924,0.8179413239020175,2.568,0.176,0.0,2026086586,5,300,3000,5,0.5,0.1,0.05,mixed,0.8
random_rater_cp,0.972,0.8997456411266264,2.995,0.1,0.0,2026086586,5,300,3000,5,0.5,0.1,0.05,mixed,0.8
naive_panel_cp,0.9203333333333333,0.8117300646856007,2.5326666666666666,0.18466666666666667,0.0,2026086586,5,300,3000,5,0.5,0.1,0.05,mixed,0.8
ptcp,1.0,0.9956302246804868,4.865,0.0,0.865,2026086586,5,300,3000,5,0.5,0.1,0.05,mixed,0.8
ptcp_randomized,1.0,0.9956302246804868,4.865,0.0,0.865,2026086586,5,300,3000,5,0.5,0.1,0.05,mixed,0.8
majority_cp,0.947,0.8536616995545164,2.7336666666666667,0.15466666666666667,0.0,2026086587,5,300,3000,5,0.5,0.1,0.05,mixed,0.8
random_rater_cp,0.984,0.924329383029694,3.185,0.06666666666666667,0.0,2026086587,5,300,3000,5,0.5,0.1,0.05,mixed,0.8
naive_panel_cp,0.9346666666666666,0.831652503178269,2.616,0.17633333333333334,0.0,2026086587,5,300,3000,5,0.5,0.1,0.05,mixed,0.8
ptcp,1.0,0.9947199233168126,4.854333333333333,0.0,0.8543333333333333,2026086587,5,300,3000,5,0.5,0.1,0.05,mixed,0.8
ptcp_randomized,1.0,0.9947199233168126,4.854333333333333,0.0,0.8543333333333333,2026086587,5,300,3000,5,0.5,0.1,0.05,mixed,0.8
majority_cp,0.943,0.852502997882774,2.715,0.156,0.0,2026086588,5,300,3000,5,0.5,0.1,0.05,mixed,0.8
random_rater_cp,0.97,0.9012756535402066,2.9993333333333334,0.09866666666666667,0.0,2026086588,5,300,3000,5,0.5,0.1,0.05,mixed,0.8
naive_panel_cp,0.9293333333333333,0.8313455909369638,2.623666666666667,0.17366666666666666,0.0,2026086588,5,300,3000,5,0.5,0.1,0.05,mixed,0.8
ptcp,1.0,0.9954807770834944,4.863333333333333,0.0,0.8633333333333333,2026086588,5,300,3000,5,0.5,0.1,0.05,mixed,0.8
ptcp_randomized,1.0,0.9954807770834944,4.863333333333333,0.0,0.8633333333333333,2026086588,5,300,3000,5,0.5,0.1,0.05,mixed,0.8
majority_cp,0.9463333333333334,0.8576805146528912,2.746,0.14966666666666667,0.0,2026086589,5,300,3000,5,0.5,0.1,0.05,mixed,0.8
random_rater_cp,0.9743333333333334,0.9092805593528879,3.0553333333333335,0.08966666666666667,0.0,2026086589,5,300,3000,5,0.5,0.1,0.05,mixed,0.8
naive_panel_cp,0.917,0.8036273384361483,2.488,0.19133333333333333,0.0,2026086589,5,300,3000,5,0.5,0.1,0.05,mixed,0.8
ptcp,1.0,0.9956209205093453,4.860333333333333,0.0,0.8603333333333333,2026086589,5,300,3000,5,0.5,0.1,0.05,mixed,0.8
ptcp_randomized,1.0,0.9956209205093453,4.860333333333333,0.0,0.8603333333333333,2026086589,5,300,3000,5,0.5,0.1,0.05,mixed,0.8
majority_cp,0.951,0.8631190925831532,2.7986666666666666,0.14666666666666667,0.0,2026086590,5,300,3000,5,0.5,0.1,0.05,mixed,0.8
random_rater_cp,0.9586666666666667,0.8793061690104044,2.8916666666666666,0.12566666666666668,0.0,2026086590,5,300,3000,5,0.5,0.1,0.05,mixed,0.8
naive_panel_cp,0.9233333333333333,0.8180844325836615,2.587666666666667,0.17166666666666666,0.0,2026086590,5,300,3000,5,0.5,0.1,0.05,mixed,0.8
ptcp,1.0,0.9956951995803193,4.861666666666666,0.0,0.8616666666666667,2026086590,5,300,3000,5,0.5,0.1,0.05,mixed,0.8
ptcp_randomized,1.0,0.9956951995803193,4.861666666666666,0.0,0.8616666666666667,2026086590,5,300,3000,5,0.5,0.1,0.05,mixed,0.8
majority_cp,0.9343333333333333,0.8460534112163932,2.7463333333333333,0.14966666666666667,0.0,2026086591,5,300,3000,5,0.5,0.1,0.05,mixed,0.8
random_rater_cp,0.9536666666666667,0.8755748701504518,2.8826666666666667,0.12733333333333333,0.0,2026086591,5,300,3000,5,0.5,0.1,0.05,mixed,0.8
naive_panel_cp,0.9173333333333333,0.8158713062773043,2.5913333333333335,0.17666666666666667,0.0,2026086591,5,300,3000,5,0.5,0.1,0.05,mixed,0.8
ptcp,1.0,0.9960362192804365,4.860666666666667,0.0,0.8606666666666667,2026086591,5,300,3000,5,0.5,0.1,0.05,mixed,0.8
ptcp_randomized,1.0,0.9960362192804365,4.860666666666667,0.0,0.8606666666666667,2026086591,5,300,3000,5,0.5,0.1,0.05,mixed,0.8
majority_cp,0.955,0.8704341555657508,2.8686666666666665,0.12666666666666668,0.0,2026086592,5,300,3000,5,0.5,0.1,0.05,mixed,0.8
random_rater_cp,0.9693333333333334,0.8942076796467135,2.9993333333333334,0.10333333333333333,0.0,2026086592,5,300,3000,5,0.5,0.1,0.05,mixed,0.8
naive_panel_cp,0.9263333333333333,0.8197090245101862,2.6066666666666665,0.173,0.0,2026086592,5,300,3000,5,0.5,0.1,0.05,mixed,0.8
ptcp,1.0,0.9949103989129636,4.855666666666667,0.0,0.8556666666666667,2026086592,5,300,3000,5,0.5,0.1,0.05,mixed,0.8
ptcp_randomized,1.0,0.9949103989129636,4.855666666666667,0.0,0.8556666666666667,2026086592,5,300,3000,5,0.5,0.1,0.05,mixed,0.8
majority_cp,0.9693333333333334,0.8946639277377854,3.0176666666666665,0.09866666666666667,0.0,2026086593,5,300,3000,5,0.5,0.1,0.05,mixed,0.8
random_rater_cp,0.9906666666666667,0.93278581851741,3.332,0.043333333333333335,0.0,2026086593,5,300,3000,5,0.5,0.1,0.05,mixed,0.8
naive_panel_cp,0.9383333333333334,0.8411610914742392,2.739,0.14266666666666666,0.0,2026086593,5,300,3000,5,0.5,0.1,0.05,mixed,0.8
ptcp,1.0,0.9949402249137455,4.872333333333334,0.0,0.8723333333333333,2026086593,5,300,3000,5,0.5,0.1,0.05,mixed,0.8
ptcp_randomized,1.0,0.9949402249137455,4.872333333333334,0.0,0.8723333333333333,2026086593,5,300,3000,5,0.5,0.1,0.05,mixed,0.8
majority_cp,0.9336666666666666,0.8305880530252099,2.6466666666666665,0.18033333333333335,0.0,2026086594,5,300,3000,5,0.5,0.1,0.05,mixed,0.8
random_rater_cp,0.9846666666666667,0.9174564243330072,3.1283333333333334,0.08033333333333334,0.0,2026086594,5,300,3000,5,0.5,0.1,0.05,mixed,0.8
naive_panel_cp,0.9116666666666666,0.7940151472512352,2.485333333333333,0.20333333333333334,0.0,2026086594,5,300,3000,5,0.5,0.1,0.05,mixed,0.8
ptcp,1.0,0.9951599336737239,4.86,0.0,0.86,2026086594,5,300,3000,5,0.5,0.1,0.05,mixed,0.8
ptcp_randomized,1.0,0.9951599336737239,4.86,0.0,0.86,2026086594,5,300,3000,5,0.5,0.1,0.05,mixed,0.8
majority_cp,0.9486666666666667,0.85724400051189,2.822,0.13733333333333334,0.0,2026086595,5,300,3000,5,0.5,0.1,0.05,mixed,0.8
random_rater_cp,0.9593333333333334,0.8756846564305488,2.912333333333333,0.12166666666666667,0.0,2026086595,5,300,3000,5,0.5,0.1,0.05,mixed,0.8
naive_panel_cp,0.943,0.8453210835297053,2.756,0.14966666666666667,0.0,2026086595,5,300,3000,5,0.5,0.1,0.05,mixed,0.8
ptcp,1.0,0.9942390211372728,4.8533333333333335,0.0,0.8533333333333334,2026086595,5,300,3000,5,0.5,0.1,0.05,mixed,0.8
ptcp_randomized,1.0,0.9942390211372728,4.8533333333333335,0.0,0.8533333333333334,2026086595,5,300,3000,5,0.5,0.1,0.05,mixed,0.8
majority_cp,0.961,0.8835650701542618,2.926,0.11333333333333333,0.0,2026086596,5,300,3000,5,0.5,0.1,0.05,mixed,0.8
random_rater_cp,0.969,0.89935794089098,3.025333333333333,0.093,0.0,2026086596,5,300,3000,5,0.5,0.1,0.05,mixed,0.8
naive_panel_cp,0.9566666666666667,0.874073863070664,2.8663333333333334,0.12866666666666668,0.0,2026086596,5,300,3000,5,0.5,0.1,0.05,mixed,0.8
ptcp,1.0,0.995659048139498,4.865,0.0,0.865,2026086596,5,300,3000,5,0.5,0.1,0.05,mixed,0.8
ptcp_randomized,1.0,0.995659048139498,4.865,0.0,0.865,2026086596,5,300,3000,5,0.5,0.1,0.05,mixed,0.8
majority_cp,0.942,0.8448346258560476,2.731333333333333,0.14433333333333334,0.0,2026086597,5,300,3000,5,0.5,0.1,0.05,mixed,0.8
random_rater_cp,0.9686666666666667,0.8932985379388662,2.9966666666666666,0.101,0.0,2026086597,5,300,3000,5,0.5,0.1,0.05,mixed,0.8
naive_panel_cp,0.934,0.8310069779230529,2.673,0.15333333333333332,0.0,2026086597,5,300,3000,5,0.5,0.1,0.05,mixed,0.8
ptcp,1.0,0.9942322748035519,4.860333333333333,0.0,0.8603333333333333,2026086597,5,300,3000,5,0.5,0.1,0.05,mixed,0.8
ptcp_randomized,1.0,0.9942322748035519,4.860333333333333,0.0,0.8603333333333333,2026086597,5,300,3000,5,0.5,0.1,0.05,mixed,0.8
majority_cp,0.9536666666666667,0.8674206170382055,2.824666666666667,0.14166666666666666,0.0,2026086598,5,300,3000,5,0.5,0.1,0.05,mixed,0.8
random_rater_cp,0.9646666666666667,0.8877087274958376,2.934,0.116,0.0,2026086598,5,300,3000,5,0.5,0.1,0.05,mixed,0.8
naive_panel_cp,0.9236666666666666,0.8158629274287656,2.572,0.19033333333333333,0.0,2026086598,5,300,3000,5,0.5,0.1,0.05,mixed,0.8
ptcp,1.0,0.9949982781657893,4.850333333333333,0.0,0.8503333333333334,2026086598,5,300,3000,5,0.5,0.1,0.05,mixed,0.8
ptcp_randomized,1.0,0.9949982781657893,4.850333333333333,0.0,0.8503333333333334,2026086598,5,300,3000,5,0.5,0.1,0.05,mixed,0.8
majority_cp,0.953,0.8630774495571547,2.826,0.13,0.0,2026086599,5,300,3000,5,0.5,0.1,0.05,mixed,0.8
random_rater_cp,0.9713333333333334,0.8975110288959631,3.036,0.1,0.0,2026086599,5,300,3000,5,0.5,0.1,0.05,mixed,0.8
naive_panel_cp,0.9393333333333334,0.8341163788567421,2.673,0.16033333333333333,0.0,2026086599,5,300,3000,5,0.5,0.1,0.05,mixed,0.8
ptcp,1.0,0.9949018705381014,4.859,0.0,0.859,2026086599,5,300,3000,5,0.5,0.1,0.05,mixed,0.8
ptcp_randomized,1.0,0.9949018705381014,4.859,0.0,0.859,2026086599,5,300,3000,5,0.5,0.1,0.05,mixed,0.8
majority_cp,0.951,0.8631753172701544,2.821,0.13433333333333333,0.0,2026086600,5,300,3000,5,0.5,0.1,0.05,mixed,0.8
random_rater_cp,0.956,0.8697996583934661,2.853,0.13166666666666665,0.0,2026086600,5,300,3000,5,0.5,0.1,0.05,mixed,0.8
naive_panel_cp,0.918,0.8036142234993052,2.5206666666666666,0.188,0.0,2026086600,5,300,3000,5,0.5,0.1,0.05,mixed,0.8
ptcp,1.0,0.9950594753625158,4.860666666666667,0.0,0.8606666666666667,2026086600,5,300,3000,5,0.5,0.1,0.05,mixed,0.8
ptcp_randomized,1.0,0.9950594753625158,4.860666666666667,0.0,0.8606666666666667,2026086600,5,300,3000,5,0.5,0.1,0.05,mixed,0.8
majority_cp,0.9546666666666667,0.8706141747544391,2.8566666666666665,0.141,0.0,2026086601,5,300,3000,5,0.5,0.1,0.05,mixed,0.8
random_rater_cp,0.9856666666666667,0.9251882926520822,3.2216666666666667,0.058666666666666666,0.0,2026086601,5,300,3000,5,0.5,0.1,0.05,mixed,0.8
naive_panel_cp,0.9376666666666666,0.8397179450241914,2.707,0.164,0.0,2026086601,5,300,3000,5,0.5,0.1,0.05,mixed,0.8
ptcp,0.9996666666666667,0.9947471934863963,4.854,0.0,0.854,2026086601,5,300,3000,5,0.5,0.1,0.05,mixed,0.8
ptcp_randomized,0.9996666666666667,0.9947471934863963,4.854,0.0,0.854,2026086601,5,300,3000,5,0.5,0.1,0.05,mixed,0.8
majority_cp,0.9593333333333334,0.8755067777750508,2.8836666666666666,0.13266666666666665,0.0,2026086602,5,300,3000,5,0.5,0.1,0.05,mixed,0.8
random_rater_cp,0.9873333333333333,0.9235322840719133,3.196,0.06566666666666666,0.0,2026086602,5,300,3000,5,0.5,0.1,0.05,mixed,0.8
naive_panel_cp,0.9363333333333334,0.8359463173870669,2.6826666666666665,0.16233333333333333,0.0,2026086602,5,300,3000,5,0.5,0.1,0.05,mixed,0.8
ptcp,1.0,0.9939888481066937,4.844,0.0,0.844,2026086602,5,300,3000,5,0.5,0.1,0.05,mixed,0.8
ptcp_randomized,1.0,0.9939888481066937,4.844,0.0,0.844,2026086602,5,300,3000,5,0.5,0.1,0.05,mixed,0.8
majority_cp,0.967,0.8843090599391737,2.917,0.11533333333333333,0.0,2026086603,5,300,3000,5,0.5,0.1,0.05,mixed,0.8
random_rater_cp,0.9843333333333333,0.9173138186591077,3.133,0.07033333333333333,0.0,2026086603,5,300,3000,5,0.5,0.1,0.05,mixed,0.8
naive_panel_cp,0.9483333333333334,0.8519217434116616,2.756666666666667,0.14866666666666667,0.0,2026086603,5,300,3000,5,0.5,0.1,0.05,mixed,0.8
ptcp,1.0,0.9942917035312181,4.854,0.0,0.854,2026086603,5,300,3000,5,0.5,0.1,0.05,mixed,0.8
ptcp_randomized,1.0,0.9942917035312181,4.854,0.0,0.854,2026086603,5,300,3000,5,0.5,0.1,0.05,mixed,0.8
majority_cp,0.9343333333333333,0.839563593272973,2.707,0.151,0.0,2026086604,5,300,3000,5,0.5,0.1,0.05,mixed,0.8
random_rater_cp,0.975,0.907805293487143,3.058666666666667,0.08766666666666667,0.0,2026086604,5,300,3000,5,0.5,0.1,0.05,mixed,0.8
naive_panel_cp,0.9236666666666666,0.819747800219312,2.6053333333333333,0.166,0.0,2026086604,5,300,3000,5,0.5,0.1,0.05,mixed,0.8
ptcp,0.9996666666666667,0.9946046787087838,4.855666666666667,0.0,0.8556666666666667,2026086604,5,300,3000,5,0.5,0.1,0.05,mixed,0.8
ptcp_randomized,0.9996666666666667,0.9946046787087838,4.855666666666667,0.0,0.8556666666666667,2026086604,5,300,3000,5,0.5,0.1,0.05,mixed,0.8
majority_cp,0.9383333333333334,0.8441400884351008,2.7176666666666667,0.15466666666666667,0.0,2026086605,5,300,3000,5,0.5,0.1,0.05,mixed,0.8
random_rater_cp,0.9646666666666667,0.8895563673263599,2.953666666666667,0.11033333333333334,0.0,2026086605,5,300,3000,5,0.5,0.1,0.05,mixed,0.8
naive_panel_cp,0.9283333333333333,0.8241849092583676,2.616,0.16933333333333334,0.0,2026086605,5,300,3000,5,0.5,0.1,0.05,mixed,0.8
ptcp,1.0,0.9947659849539511,4.842666666666666,0.0,0.8426666666666667,2026086605,5,300,3000,5,0.5,0.1,0.05,mixed,0.8
ptcp_randomized,1.0,0.9947659849539511,4.842666666666666,0.0,0.8426666666666667,2026086605,5,300,3000,5,0.5,0.1,0.05,mixed,0.8
majority_cp,0.939,0.8442283121733826,2.703333333333333,0.16066666666666668,0.0,2026086606,5,300,3000,5,0.5,0.1,0.05,mixed,0.8
random_rater_cp,0.9656666666666667,0.8900145396394226,2.939,0.11733333333333333,0.0,2026086606,5,300,3000,5,0.5,0.1,0.05,mixed,0.8
naive_panel_cp,0.93,0.8267558326535351,2.614333333333333,0.17266666666666666,0.0,2026086606,5,300,3000,5,0.5,0.1,0.05,mixed,0.8
ptcp,1.0,0.994750216414995,4.850333333333333,0.0,0.8503333333333334,2026086606,5,300,3000,5,0.5,0.1,0.05,mixed,0.8
ptcp_randomized,1.0,0.994750216414995,4.850333333333333,0.0,0.8503333333333334,2026086606,5,300,3000,5,0.5,0.1,0.05,mixed,0.8
majority_cp,0.953,0.8648574382080213,2.8013333333333335,0.13533333333333333,0.0,2026086607,5,300,3000,5,0.5,0.1,0.05,mixed,0.8
random_rater_cp,0.9643333333333334,0.886088705819133,2.921333333333333,0.11133333333333334,0.0,2026086607,5,300,3000,5,0.5,0.1,0.05,mixed,0.8
naive_panel_cp,0.9383333333333334,0.8405494109115886,2.6856666666666666,0.14933333333333335,0.0,2026086607,5,300,3000,5,0.5,0.1,0.05,mixed,0.8
ptcp,1.0,0.9938436381600209,4.847333333333333,0.0,0.8473333333333334,2026086607,5,300,3000,5,0.5,0.1,0.05,mixed,0.8
ptcp_randomized,1.0,0.9938436381600209,4.847333333333333,0.0,0.8473333333333334,2026086607,5,300,3000,5,0.5,0.1,0.05,mixed,0.8
majority_cp,0.944,0.8576485940650221,2.7666666666666666,0.14766666666666667,0.0,2026086608,5,300,3000,5,0.5,0.1,0.05,mixed,0.8
random_rater_cp,0.9653333333333334,0.8947250003088149,2.9736666666666665,0.10733333333333334,0.0,2026086608,5,300,3000,5,0.5,0.1,0.05,mixed,0.8
naive_panel_cp,0.932,0.8365600905101451,2.667333333333333,0.16466666666666666,0.0,2026086608,5,300,3000,5,0.5,0.1,0.05,mixed,0.8
ptcp,1.0,0.9955812117916136,4.871,0.0,0.871,2026086608,5,300,3000,5,0.5,0.1,0.05,mixed,0.8
ptcp_randomized,1.0,0.9955812117916136,4.871,0.0,0.871,2026086608,5,300,3000,5,0.5,0.1,0.05,mixed,0.8
majority_cp,0.9376666666666666,0.8376123503800522,2.691,0.16133333333333333,0.0,2026086609,5,300,3000,5,0.5,0.1,0.05,mixed,0.8
random_rater_cp,0.9603333333333334,0.8772386975424079,2.89,0.12433333333333334,0.0,2026086609,5,300,3000,5,0.5,0.1,0.05,mixed,0.8
naive_panel_cp,0.9213333333333333,0.8099453006251879,2.5566666666666666,0.18466666666666667,0.0,2026086609,5,300,3000,5,0.5,0.1,0.05,mixed,0.8
ptcp,1.0,0.9947387303896045,4.85,0.0,0.85,2026086609,5,300,3000,5,0.5,0.1,0.05,mixed,0.8
ptcp_randomized,1.0,0.9947387303896045,4.85,0.0,0.85,2026086609,5,300,3000,5,0.5,0.1,0.05,mixed,0.8
majority_cp,0.9613333333333334,0.8844921714362151,2.9203333333333332,0.122,0.0,2026086610,5,300,3000,5,0.5,0.1,0.05,mixed,0.8
random_rater_cp,0.9816666666666667,0.9192901523820406,3.1443333333333334,0.07666666666666666,0.0,2026086610,5,300,3000,5,0.5,0.1,0.05,mixed,0.8
naive_panel_cp,0.941,0.8477879159807283,2.731,0.156,0.0,2026086610,5,300,3000,5,0.5,0.1,0.05,mixed,0.8
ptcp,1.0,0.995636005787548,4.858333333333333,0.0,0.8583333333333333,2026086610,5,300,3000,5,0.5,0.1,0.05,mixed,0.8
ptcp_randomized,1.0,0.995636005787548,4.858333333333333,0.0,0.8583333333333333,2026086610,5,300,3000,5,0.5,0.1,0.05,mixed,0.8
majority_cp,0.9423333333333334,0.8420035311856133,2.6773333333333333,0.16133333333333333,0.0,2026086611,5,300,3000,5,0.5,0.1,0.05,mixed,0.8
random_rater_cp,0.96,0.8757722691823251,2.8453333333333335,0.132,0.0,2026086611,5,300,3000,5,0.5,0.1,0.05,mixed,0.8
naive_panel_cp,0.92,0.8079847915618744,2.5263333333333335,0.184,0.0,2026086611,5,300,3000,5,0.5,0.1,0.05,mixed,0.8
ptcp,1.0,0.9947824003838329,4.852666666666667,0.0,0.8526666666666667,2026086611,5,300,3000,5,0.5,0.1,0.05,mixed,0.8
ptcp_randomized,1.0,0.9947824003838329,4.852666666666667,0.0,0.8526666666666667,2026086611,5,300,3000,5,0.5,0.1,0.05,mixed,0.8
majority_cp,0.9463333333333334,0.8522894108153896,2.780666666666667,0.14366666666666666,0.0,2026086612,5,300,3000,5,0.5,0.1,0.05,mixed,0.8
random_rater_cp,0.9703333333333334,0.8954887119329054,3.002666666666667,0.101,0.0,2026086612,5,300,3000,5,0.5,0.1,0.05,mixed,0.8
naive_panel_cp,0.9133333333333333,0.7971620438548984,2.5183333333333335,0.18033333333333335,0.0,2026086612,5,300,3000,5,0.5,0.1,0.05,mixed,0.8
ptcp,1.0,0.9943725321416189,4.852,0.0,0.852,2026086612,5,300,3000,5,0.5,0.1,0.05,mixed,0.8
ptcp_randomized,1.0,0.9943725321416189,4.852,0.0,0.852,2026086612,5,300,3000,5,0.5,0.1,0.05,mixed,0.8
majority_cp,0.938,0.8459965097733387,2.722,0.15833333333333333,0.0,2026086613,5,300,3000,5,0.5,0.1,0.05,mixed,0.8
random_rater_cp,0.956,0.8744048513745033,2.863,0.138,0.0,2026086613,5,300,3000,5,0.5,0.1,0.05,mixed,0.8
naive_panel_cp,0.915,0.8078933178957327,2.5523333333333333,0.18166666666666667,0.0,2026086613,5,300,3000,5,0.5,0.1,0.05,mixed,0.8
ptcp,1.0,0.9952724444297846,4.862666666666667,0.0,0.8626666666666667,2026086613,5,300,3000,5,0.5,0.1,0.05,mixed,0.8
ptcp_randomized,1.0,0.9952724444297846,4.862666666666667,0.0,0.8626666666666667,2026086613,5,300,3000,5,0.5,0.1,0.05,mixed,0.8
majority_cp,0.9213333333333333,0.8168935302346457,2.554666666666667,0.18366666666666667,0.0,2026086614,5,300,3000,5,0.5,0.1,0.05,mixed,0.8
random_rater_cp,0.9646666666666667,0.8913745285953777,2.9286666666666665,0.11766666666666667,0.0,2026086614,5,300,3000,5,0.5,0.1,0.05,mixed,0.8
naive_panel_cp,0.92,0.8147409200346989,2.546333333333333,0.18366666666666667,0.0,2026086614,5,300,3000,5,0.5,0.1,0.05,mixed,0.8
ptcp,1.0,0.9952862559316027,4.861,0.0,0.861,2026086614,5,300,3000,5,0.5,0.1,0.05,mixed,0.8
ptcp_randomized,1.0,0.9952862559316027,4.861,0.0,0.861,2026086614,5,300,3000,5,0.5,0.1,0.05,mixed,0.8
majority_cp,0.9426666666666667,0.8508968064556096,2.7266666666666666,0.154,0.0,2026086615,5,300,3000,5,0.5,0.1,0.05,mixed,0.8
random_rater_cp,0.9563333333333334,0.87551621754445,2.859,0.12366666666666666,0.0,2026086615,5,300,3000,5,0.5,0.1,0.05,mixed,0.8
naive_panel_cp,0.9106666666666666,0.8018806690521542,2.5073333333333334,0.18533333333333332,0.0,2026086615,5,300,3000,5,0.5,0.1,0.05,mixed,0.8
ptcp,1.0,0.995398073930414,4.873,0.0,0.873,2026086615,5,300,3000,5,0.5,0.1,0.05,mixed,0.8
ptcp_randomized,1.0,0.995398073930414,4.873,0.0,0.873,2026086615,5,300,3000,5,0.5,0.1,0.05,mixed,0.8
majority_cp,0.9426666666666667,0.8529250786332101,2.7936666666666667,0.14066666666666666,0.0,2026086616,5,300,3000,5,0.5,0.1,0.05,mixed,0.8
random_rater_cp,0.9683333333333334,0.896826017663405,3.033333333333333,0.102,0.0,2026086616,5,300,3000,5,0.5,0.1,0.05,mixed,0.8
naive_panel_cp,0.9193333333333333,0.8167160699047564,2.6266666666666665,0.164,0.0,2026086616,5,300,3000,5,0.5,0.1,0.05,mixed,0.8
ptcp,1.0,0.9944635061608605,4.864,0.0,0.864,2026086616,5,300,3000,5,0.5,0.1,0.05,mixed,0.8
ptcp_randomized,1.0,0.9944635061608605,4.864,0.0,0.864,2026086616,5,300,3000,5,0.5,0.1,0.05,mixed,0.8
majority_cp,0.9533333333333334,0.8701981314801767,2.8813333333333335,0.11933333333333333,0.0,2026086617,5,300,3000,5,0.5,0.1,0.05,mixed,0.8
random_rater_cp,0.9803333333333333,0.9183797020402008,3.1986666666666665,0.06233333333333333,0.0,2026086617,5,300,3000,5,0.5,0.1,0.05,mixed,0.8
naive_panel_cp,0.9443333333333334,0.8515021330327175,2.776666666666667,0.13766666666666666,0.0,2026086617,5,300,3000,5,0.5,0.1,0.05,mixed,0.8
ptcp,1.0,0.9946469626932367,4.850666666666666,0.0,0.8506666666666667,2026086617,5,300,3000,5,0.5,0.1,0.05,mixed,0.8
ptcp_randomized,1.0,0.9946469626932367,4.850666666666666,0.0,0.8506666666666667,2026086617,5,300,3000,5,0.5,0.1,0.05,mixed,0.8
majority_cp,0.959,0.876565058321519,2.87,0.123,0.0,2026086618,5,300,3000,5,0.5,0.1,0.05,mixed,0.8
random_rater_cp,0.9786666666666667,0.9122794143107951,3.0946666666666665,0.07966666666666666,0.0,2026086618,5,300,3000,5,0.5,0.1,0.05,mixed,0.8
naive_panel_cp,0.945,0.8471089111619209,2.7093333333333334,0.15166666666666667,0.0,2026086618,5,300,3000,5,0.5,0.1,0.05,mixed,0.8
ptcp,1.0,0.9949633955247184,4.861,0.0,0.861,2026086618,5,300,3000,5,0.5,0.1,0.05,mixed,0.8
ptcp_randomized,1.0,0.9949633955247184,4.861,0.0,0.861,2026086618,5,300,3000,5,0.5,0.1,0.05,mixed,0.8
majority_cp,0.9523333333333334,0.8638569003931578,2.823,0.13966666666666666,0.0,2026086619,5,300,3000,5,0.5,0.1,0.05,mixed,0.8
random_rater_cp,0.9573333333333334,0.8720869626804606,2.8623333333333334,0.12933333333333333,0.0,2026086619,5,300,3000,5,0.5,0.1,0.05,mixed,0.8
naive_panel_cp,0.9053333333333333,0.7869955690959012,2.4696666666666665,0.18566666666666667,0.0,2026086619,5,300,3000,5,0.5,0.1,0.05,mixed,0.8
ptcp,1.0,0.9954486753332611,4.854333333333333,0.0,0.8543333333333333,2026086619,5,300,3000,5,0.5,0.1,0.05,mixed,0.8
ptcp_randomized,1.0,0.9954486753332611,4.854333333333333,0.0,0.8543333333333333,2026086619,5,300,3000,5,0.5,0.1,0.05,mixed,0.8
majority_cp,0.9593333333333334,0.8820005031711592,2.936,0.11533333333333333,0.0,2026086620,5,300,3000,5,0.5,0.1,0.05,mixed,0.8
random_rater_cp,0.965,0.891794191427247,2.9903333333333335,0.10666666666666667,0.0,2026086620,5,300,3000,5,0.5,0.1,0.05,mixed,0.8
naive_panel_cp,0.9363333333333334,0.841146570920517,2.7156666666666665,0.15133333333333332,0.0,2026086620,5,300,3000,5,0.5,0.1,0.05,mixed,0.8
ptcp,1.0,0.995334980787421,4.862333333333333,0.0,0.8623333333333333,2026086620,5,300,3000,5,0.5,0.1,0.05,mixed,0.8
ptcp_randomized,1.0,0.995334980787421,4.862333333333333,0.0,0.8623333333333333,2026086620,5,300,3000,5,0.5,0.1,0.05,mixed,0.8
majority_cp,0.9313333333333333,0.8225219637605957,2.6056666666666666,0.17833333333333334,0.0,2026086621,5,300,3000,5,0.5,0.1,0.05,mixed,0.8
random_rater_cp,0.9803333333333333,0.9089292418226553,3.0596666666666668,0.092,0.0,2026086621,5,300,3000,5,0.5,0.1,0.05,mixed,0.8
naive_panel_cp,0.9126666666666666,0.7908816053010564,2.459,0.20266666666666666,0.0,2026086621,5,300,3000,5,0.5,0.1,0.05,mixed,0.8
ptcp,1.0,0.9953075269352557,4.860333333333333,0.0,0.8603333333333333,2026086621,5,300,3000,5,0.5,0.1,0.05,mixed,0.8
ptcp_randomized,1.0,0.9953075269352557,4.860333333333333,0.0,0.8603333333333333,2026086621,5,300,3000,5,0.5,0.1,0.05,mixed,0.8
majority_cp,0.9386666666666666,0.8428522894900962,2.704,0.16433333333333333,0.0,2026086622,5,300,3000,5,0.5,0.1,0.05,mixed,0.8
random_rater_cp,0.9786666666666667,0.9076169495124382,3.0593333333333335,0.09333333333333334,0.0,2026086622,5,300,3000,5,0.5,0.1,0.05,mixed,0.8
naive_panel_cp,0.923,0.8158785410268998,2.574666666666667,0.18233333333333332,0.0,2026086622,5,300,3000,5,0.5,0.1,0.05,mixed,0.8
ptcp,1.0,0.9943093631806553,4.854,0.0,0.854,2026086622,5,300,3000,5,0.5,0.1,0.05,mixed,0.8
ptcp_randomized,1.0,0.9943093631806553,4.854,0.0,0.854,2026086622,5,300,3000,5,0.5,0.1,0.05,mixed,0.8
majority_cp,0.956,0.8740635116164956,2.8396666666666666,0.13833333333333334,0.0,2026086623,5,300,3000,5,0.5,0.1,0.05,mixed,0.8
random_rater_cp,0.9683333333333334,0.8953989547206284,2.965333333333333,0.11,0.0,2026086623,5,300,3000,5,0.5,0.1,0.05,mixed,0.8
naive_panel_cp,0.9293333333333333,0.8289316854028311,2.6176666666666666,0.17466666666666666,0.0,2026086623,5,300,3000,5,0.5,0.1,0.05,mixed,0.8
ptcp,0.9996666666666667,0.9953309710202997,4.849333333333333,0.0,0.8493333333333334,2026086623,5,300,3000,5,0.5,0.1,0.05,mixed,0.8
ptcp_randomized,0.9996666666666667,0.9953309710202997,4.849333333333333,0.0,0.8493333333333334,2026086623,5,300,3000,5,0.5,0.1,0.05,mixed,0.8
majority_cp,0.9443333333333334,0.8582270428594286,2.751,0.149,0.0,2026086624,5,300,3000,5,0.5,0.1,0.05,mixed,0.8
random_rater_cp,0.9596666666666667,0.8868716474237998,2.921333333333333,0.11266666666666666,0.0,2026086624,5,300,3000,5,0.5,0.1,0.05,mixed,0.8
naive_panel_cp,0.921,0.8162124991909391,2.5483333333333333,0.17966666666666667,0.0,2026086624,5,300,3000,5,0.5,0.1,0.05,mixed,0.8
ptcp,1.0,0.9956274697982301,4.861666666666666,0.0,0.8616666666666667,2026086624,5,300,3000,5,0.5,0.1,0.05,mixed,0.8
ptcp_randomized,1.0,0.9956274697982301,4.861666666666666,0.0,0.8616666666666667,2026086624,5,300,3000,5,0.5,0.1,0.05,mixed,0.8
majority_cp,0.9473333333333334,0.8493225232361492,2.6903333333333332,0.16033333333333333,0.0,2026086625,5,300,3000,5,0.5,0.1,0.05,mixed,0.8
random_rater_cp,0.9703333333333334,0.8912231201205112,2.913,0.11366666666666667,0.0,2026086625,5,300,3000,5,0.5,0.1,0.05,mixed,0.8
naive_panel_cp,0.9296666666666666,0.8229208145316561,2.5716666666666668,0.17966666666666667,0.0,2026086625,5,300,3000,5,0.5,0.1,0.05,mixed,0.8
ptcp,1.0,0.9950982019260401,4.852,0.0,0.852,2026086625,5,300,3000,5,0.5,0.1,0.05,mixed,0.8
ptcp_randomized,1.0,0.9950982019260401,4.852,0.0,0.852,2026086625,5,300,3000,5,0.5,0.1,0.05,mixed,0.8
majority_cp,0.9816666666666667,0.9191982232171437,3.1506666666666665,0.072,0.0,2026086626,5,300,3000,5,0.5,0.1,0.05,mixed,0.8
random_rater_cp,0.9833333333333333,0.922544607778662,3.1896666666666667,0.063,0.0,2026086626,5,300,3000,5,0.5,0.1,0.05,mixed,0.8
naive_panel_cp,0.9653333333333334,0.8867911020946305,2.9483333333333333,0.11866666666666667,0.0,2026086626,5,300,3000,5,0.5,0.1,0.05,mixed,0.8
ptcp,1.0,0.9963258722511694,4.8693333333333335,0.0,0.8693333333333333,2026086626,5,300,3000,5,0.5,0.1,0.05,mixed,0.8
ptcp_randomized,1.0,0.9963258722511694,4.8693333333333335,0.0,0.8693333333333333,2026086626,5,300,3000,5,0.5,0.1,0.05,mixed,0.8
majority_cp,0.928,0.8194705337719962,2.5993333333333335,0.175,0.0,2026086627,5,300,3000,5,0.5,0.1,0.05,mixed,0.8
random_rater_cp,0.963,0.8868739777518293,2.949333333333333,0.11,0.0,2026086627,5,300,3000,5,0.5,0.1,0.05,mixed,0.8
naive_panel_cp,0.9176666666666666,0.8034117971266042,2.526,0.183,0.0,2026086627,5,300,3000,5,0.5,0.1,0.05,mixed,0.8
ptcp,1.0,0.995397679554602,4.857666666666667,0.0,0.8576666666666667,2026086627,5,300,3000,5,0.5,0.1,0.05,mixed,0.8
ptcp_randomized,1.0,0.995397679554602,4.857666666666667,0.0,0.8576666666666667,2026086627,5,300,3000,5,0.5,0.1,0.05,mixed,0.8
majority_cp,0.9436666666666667,0.8506484121111012,2.751,0.155,0.0,2026086628,5,300,3000,5,0.5,0.1,0.05,mixed,0.8
random_rater_cp,0.9633333333333334,0.8877791441601309,2.958,0.109,0.0,2026086628,5,300,3000,5,0.5,0.1,0.05,mixed,0.8
naive_panel_cp,0.9243333333333333,0.8188194741574066,2.6033333333333335,0.17566666666666667,0.0,2026086628,5,300,3000,5,0.5,0.1,0.05,mixed,0.8
ptcp,1.0,0.9959492491952368,4.856333333333334,0.0,0.8563333333333333,2026086628,5,300,3000,5,0.5,0.1,0.05,mixed,0.8
ptcp_randomized,1.0,0.9959492491952368,4.856333333333334,0.0,0.8563333333333333,2026086628,5,300,3000,5,0.5,0.1,0.05,mixed,0.8
majority_cp,0.939,0.8539819099822628,2.7613333333333334,0.152,0.0,2026086629,5,300,3000,5,0.5,0.1,0.05,mixed,0.8
random_rater_cp,0.969,0.9020708165125567,3.0183333333333335,0.102,0.0,2026086629,5,300,3000,5,0.5,0.1,0.05,mixed,0.8
naive_panel_cp,0.9203333333333333,0.8175904061678754,2.58,0.188,0.0,2026086629,5,300,3000,5,0.5,0.1,0.05,mixed,0.8
ptcp,1.0,0.9955168276817636,4.869,0.0,0.869,2026086629,5,300,3000,5,0.5,0.1,0.05,mixed,0.8
ptcp_randomized,1.0,0.9955168276817636,4.869,0.0,0.869,2026086629,5,300,3000,5,0.5,0.1,0.05,mixed,0.8
majority_cp,0.9456666666666667,0.8625112881303263,2.796,0.13833333333333334,0.0,2026086630,5,300,3000,5,0.5,0.1,0.05,mixed,0.8
random_rater_cp,0.9646666666666667,0.8929641335702005,2.9616666666666664,0.108,0.0,2026086630,5,300,3000,5,0.5,0.1,0.05,mixed,0.8
naive_panel_cp,0.9346666666666666,0.8430914114865932,2.6943333333333332,0.159,0.0,2026086630,5,300,3000,5,0.5,0.1,0.05,mixed,0.8
ptcp,1.0,0.9958770553586652,4.859,0.0,0.859,2026086630,5,300,3000,5,0.5,0.1,0.05,mixed,0.8
ptcp_randomized,1.0,0.9958770553586652,4.859,0.0,0.859,2026086630,5,300,3000,5,0.5,0.1,0.05,mixed,0.8
majority_cp,0.939,0.8433022435321591,2.699333333333333,0.16033333333333333,0.0,2026086631,5,300,3000,5,0.5,0.1,0.05,mixed,0.8
random_rater_cp,0.9726666666666667,0.9058881993028903,3.042666666666667,0.09533333333333334,0.0,2026086631,5,300,3000,5,0.5,0.1,0.05,mixed,0.8
naive_panel_cp,0.9283333333333333,0.8225841605817004,2.5923333333333334,0.18,0.0,2026086631,5,300,3000,5,0.5,0.1,0.05,mixed,0.8
ptcp,1.0,0.9957210977169728,4.864333333333334,0.0,0.8643333333333333,2026086631,5,300,3000,5,0.5,0.1,0.05,mixed,0.8
ptcp_randomized,1.0,0.9957210977169728,4.864333333333334,0.0,0.8643333333333333,2026086631,5,300,3000,5,0.5,0.1,0.05,mixed,0.8
majority_cp,0.9716666666666667,0.8959167085302373,2.9713333333333334,0.107,0.0,2026086632,5,300,3000,5,0.5,0.1,0.05,mixed,0.8
random_rater_cp,0.98,0.9132138435313957,3.0946666666666665,0.083,0.0,2026086632,5,300,3000,5,0.5,0.1,0.05,mixed,0.8
naive_panel_cp,0.95,0.8625419386614218,2.804,0.13333333333333333,0.0,2026086632,5,300,3000,5,0.5,0.1,0.05,mixed,0.8
ptcp,1.0,0.9961214521112967,4.876666666666667,0.0,0.8766666666666667,2026086632,5,300,3000,5,0.5,0.1,0.05,mixed,0.8
ptcp_randomized,1.0,0.9961214521112967,4.876666666666667,0.0,0.8766666666666667,2026086632,5,300,3000,5,0.5,0.1,0.05,mixed,0.8
majority_cp,0.9596666666666667,0.8750445631969979,2.8686666666666665,0.13166666666666665,0.0,2026086633,5,300,3000,5,0.5,0.1,0.05,mixed,0.8
random_rater_cp,0.9686666666666667,0.8919394433534417,2.9683333333333333,0.11033333333333334,0.0,2026086633,5,300,3000,5,0.5,0.1,0.05,mixed,0.8
naive_panel_cp,0.9306666666666666,0.8236936862386137,2.602,0.17333333333333334,0.0,2026086633,5,300,3000,5,0.5,0.1,0.05,mixed,0.8
ptcp,0.9996666666666667,0.9947901178700086,4.864333333333334,0.0,0.8643333333333333,2026086633,5,300,3000,5,0.5,0.1,0.05,mixed,0.8
ptcp_randomized,0.9996666666666667,0.9947901178700086,4.864333333333334,0.0,0.8643333333333333,2026086633,5,300,3000,5,0.5,0.1,0.05,mixed,0.8
majority_cp,0.9753333333333334,0.9026518182568247,3.034,0.098,0.0,2026086634,5,300,3000,5,0.5,0.1,0.05,mixed,0.8
random_rater_cp,0.978,0.908765512751357,3.079,0.08733333333333333,0.0,2026086634,5,300,3000,5,0.5,0.1,0.05,mixed,0.8
naive_panel_cp,0.9386666666666666,0.8430192987655067,2.706,0.15466666666666667,0.0,2026086634,5,300,3000,5,0.5,0.1,0.05,mixed,0.8
ptcp,1.0,0.9956135963098605,4.864333333333334,0.0,0.8643333333333333,2026086634,5,300,3000,5,0.5,0.1,0.05,mixed,0.8
ptcp_randomized,1.0,0.9956135963098605,4.864333333333334,0.0,0.8643333333333333,2026086634,5,300,3000,5,0.5,0.1,0.05,mixed,0.8
majority_cp,0.9386666666666666,0.835436426025548,2.679,0.168,0.0,2026086635,5,300,3000,5,0.5,0.1,0.05,mixed,0.8
random_rater_cp,0.952,0.861047706885739,2.8136666666666668,0.14166666666666666,0.0,2026086635,5,300,3000,5,0.5,0.1,0.05,mixed,0.8
naive_panel_cp,0.9083333333333333,0.7860298038699884,2.453,0.20133333333333334,0.0,2026086635,5,300,3000,5,0.5,0.1,0.05,mixed,0.8
ptcp,1.0,0.9953677962521285,4.862666666666667,0.0,0.8626666666666667,2026086635,5,300,3000,5,0.5,0.1,0.05,mixed,0.8
ptcp_randomized,1.0,0.9953677962521285,4.862666666666667,0.0,0.8626666666666667,2026086635,5,300,3000,5,0.5,0.1,0.05,mixed,0.8
majority_cp,0.955,0.8740138833276281,2.8703333333333334,0.12166666666666667,0.0,2026086636,5,300,3000,5,0.5,0.1,0.05,mixed,0.8
random_rater_cp,0.976,0.9064009681070423,3.054333333333333,0.086,0.0,2026086636,5,300,3000,5,0.5,0.1,0.05,mixed,0.8
naive_panel_cp,0.931,0.8334016934971249,2.662333333333333,0.165,0.0,2026086636,5,300,3000,5,0.5,0.1,0.05,mixed,0.8
ptcp,1.0,0.9958049891209372,4.864333333333334,0.0,0.8643333333333333,2026086636,5,300,3000,5,0.5,0.1,0.05,mixed,0.8
ptcp_randomized,1.0,0.9958049891209372,4.864333333333334,0.0,0.8643333333333333,2026086636,5,300,3000,5,0.5,0.1,0.05,mixed,0.8
majority_cp,0.9436666666666667,0.8541330746817236,2.786,0.13733333333333334,0.0,2026086637,5,300,3000,5,0.5,0.1,0.05,mixed,0.8
random_rater_cp,0.9626666666666667,0.8850986643671752,2.944,0.108,0.0,2026086637,5,300,3000,5,0.5,0.1,0.05,mixed,0.8
naive_panel_cp,0.9313333333333333,0.8289124879230618,2.6513333333333335,0.16233333333333333,0.0,2026086637,5,300,3000,5,0.5,0.1,0.05,mixed,0.8
ptcp,1.0,0.9958594892378845,4.861666666666666,0.0,0.8616666666666667,2026086637,5,300,3000,5,0.5,0.1,0.05,mixed,0.8
ptcp_randomized,1.0,0.9958594892378845,4.861666666666666,0.0,0.8616666666666667,2026086637,5,300,3000,5,0.5,0.1,0.05,mixed,0.8
majority_cp,0.953,0.8602543998839336,2.8026666666666666,0.143,0.0,2026086638,5,300,3000,5,0.5,0.1,0.05,mixed,0.8
random_rater_cp,0.967,0.8841344741754933,2.933666666666667,0.11633333333333333,0.0,2026086638,5,300,3000,5,0.5,0.1,0.05,mixed,0.8
naive_panel_cp,0.937,0.8310665107818986,2.650333333333333,0.17566666666666667,0.0,2026086638,5,300,3000,5,0.5,0.1,0.05,mixed,0.8
ptcp,1.0,0.995317483194329,4.862,0.0,0.862,2026086638,5,300,3000,5,0.5,0.1,0.05,mixed,0.8
ptcp_randomized,1.0,0.995317483194329,4.862,0.0,0.862,2026086638,5,300,3000,5,0.5,0.1,0.05,mixed,0.8
majority_cp,0.926,0.8285177748940271,2.638,0.166,0.0,2026086639,5,300,3000,5,0.5,0.1,0.05,mixed,0.8
random_rater_cp,0.9723333333333334,0.9052606976586143,3.042333333333333,0.09833333333333333,0.0,2026086639,5,300,3000,5,0.5,0.1,0.05,mixed,0.8
naive_panel_cp,0.915,0.8095269125585233,2.5493333333333332,0.18133333333333335,0.0,2026086639,5,300,3000,5,0.5,0.1,0.05,mixed,0.8
ptcp,1.0,0.9943452746345356,4.852666666666667,0.0,0.8526666666666667,2026086639,5,300,3000,5,0.5,0.1,0.05,mixed,0.8
ptcp_randomized,1.0,0.9943452746345356,4.852666666666667,0.0,0.8526666666666667,2026086639,5,300,3000,5,0.5,0.1,0.05,mixed,0.8
majority_cp,0.946,0.8547672767766238,2.759,0.14633333333333334,0.0,2026086640,5,300,3000,5,0.5,0.1,0.05,mixed,0.8
random_rater_cp,0.9726666666666667,0.9036274994016736,3.0453333333333332,0.09633333333333334,0.0,2026086640,5,300,3000,5,0.5,0.1,0.05,mixed,0.8
naive_panel_cp,0.9236666666666666,0.8165289133473616,2.5756666666666668,0.182,0.0,2026086640,5,300,3000,5,0.5,0.1,0.05,mixed,0.8
ptcp,1.0,0.9955272623855499,4.853666666666666,0.0,0.8536666666666667,2026086640,5,300,3000,5,0.5,0.1,0.05,mixed,0.8
ptcp_randomized,1.0,0.9955272623855499,4.853666666666666,0.0,0.8536666666666667,2026086640,5,300,3000,5,0.5,0.1,0.05,mixed,0.8
majority_cp,0.9276666666666666,0.825942240537589,2.627666666666667,0.16933333333333334,0.0,2026086641,5,300,3000,5,0.5,0.1,0.05,mixed,0.8
random_rater_cp,0.9633333333333334,0.8874383708812797,2.9306666666666668,0.10733333333333334,0.0,2026086641,5,300,3000,5,0.5,0.1,0.05,mixed,0.8
naive_panel_cp,0.919,0.8113113649118453,2.5593333333333335,0.17733333333333334,0.0,2026086641,5,300,3000,5,0.5,0.1,0.05,mixed,0.8
ptcp,1.0,0.9948221038858934,4.8453333333333335,0.0,0.8453333333333334,2026086641,5,300,3000,5,0.5,0.1,0.05,mixed,0.8
ptcp_randomized,1.0,0.9948221038858934,4.8453333333333335,0.0,0.8453333333333334,2026086641,5,300,3000,5,0.5,0.1,0.05,mixed,0.8
majority_cp,0.945,0.8534575364195122,2.763,0.15366666666666667,0.0,2026086642,5,300,3000,5,0.5,0.1,0.05,mixed,0.8
random_rater_cp,0.9753333333333334,0.9064848895250209,3.0603333333333333,0.09066666666666667,0.0,2026086642,5,300,3000,5,0.5,0.1,0.05,mixed,0.8
naive_panel_cp,0.9253333333333333,0.8232433082084535,2.622333333333333,0.177,0.0,2026086642,5,300,3000,5,0.5,0.1,0.05,mixed,0.8
ptcp,1.0,0.9951633692664134,4.857333333333333,0.0,0.8573333333333333,2026086642,5,300,3000,5,0.5,0.1,0.05,mixed,0.8
ptcp_randomized,1.0,0.9951633692664134,4.857333333333333,0.0,0.8573333333333333,2026086642,5,300,3000,5,0.5,0.1,0.05,mixed,0.8
majority_cp,0.9593333333333334,0.8782792487710086,2.9246666666666665,0.121,0.0,2026086643,5,300,3000,5,0.5,0.1,0.05,mixed,0.8
random_rater_cp,0.9743333333333334,0.903532466419415,3.0616666666666665,0.08666666666666667,0.0,2026086643,5,300,3000,5,0.5,0.1,0.05,mixed,0.8
naive_panel_cp,0.939,0.8398713125676411,2.707666666666667,0.16166666666666665,0.0,2026086643,5,300,3000,5,0.5,0.1,0.05,mixed,0.8
ptcp,0.9996666666666667,0.9945416436723221,4.857,0.0,0.857,2026086643,5,300,3000,5,0.5,0.1,0.05,mixed,0.8
ptcp_randomized,0.9996666666666667,0.9945416436723221,4.857,0.0,0.857,2026086643,5,300,3000,5,0.5,0.1,0.05,mixed,0.8
majority_cp,0.9693333333333334,0.8972538215403875,3.013333333333333,0.096,0.0,2026086644,5,300,3000,5,0.5,0.1,0.05,mixed,0.8
random_rater_cp,0.9746666666666667,0.90796284295504,3.095,0.07933333333333334,0.0,2026086644,5,300,3000,5,0.5,0.1,0.05,mixed,0.8
naive_panel_cp,0.935,0.8355593603005952,2.678,0.161,0.0,2026086644,5,300,3000,5,0.5,0.1,0.05,mixed,0.8
ptcp,1.0,0.9949178654404204,4.859,0.0,0.859,2026086644,5,300,3000,5,0.5,0.1,0.05,mixed,0.8
ptcp_randomized,1.0,0.9949178654404204,4.859,0.0,0.859,2026086644,5,300,3000,5,0.5,0.1,0.05,mixed,0.8
majority_cp,0.957,0.8730508865455593,2.85,0.13333333333333333,0.0,2026086645,5,300,3000,5,0.5,0.1,0.05,mixed,0.8
random_rater_cp,0.962,0.8822273585629465,2.9086666666666665,0.12266666666666666,0.0,2026086645,5,300,3000,5,0.5,0.1,0.05,mixed,0.8
naive_panel_cp,0.9213333333333333,0.8125202486782637,2.5716666666666668,0.183,0.0,2026086645,5,300,3000,5,0.5,0.1,0.05,mixed,0.8
ptcp,1.0,0.9957183156629943,4.86,0.0,0.86,2026086645,5,300,3000,5,0.5,0.1,0.05,mixed,0.8
ptcp_randomized,1.0,0.9957183156629943,4.86,0.0,0.86,2026086645,5,300,3000,5,0.5,0.1,0.05,mixed,0.8
majority_cp,0.9546666666666667,0.8747484185899141,2.8633333333333333,0.13066666666666665,0.0,2026086646,5,300,3000,5,0.5,0.1,0.05,mixed,0.8
random_rater_cp,0.99,0.9359820886210485,3.2823333333333333,0.049,0.0,2026086646,5,300,3000,5,0.5,0.1,0.05,mixed,0.8
naive_panel_cp,0.932,0.8293940468741904,2.619666666666667,0.18266666666666667,0.0,2026086646,5,300,3000,5,0.5,0.1,0.05,mixed,0.8
ptcp,1.0,0.9944486262009824,4.855,0.0,0.855,2026086646,5,300,3000,5,0.5,0.1,0.05,mixed,0.8
ptcp_randomized,1.0,0.9944486262009824,4.855,0.0,0.855,2026086646,5,300,3000,5,0.5,0.1,0.05,mixed,0.8
majority_cp,0.9736666666666667,0.9007000297188433,3.0356666666666667,0.093,0.0,2026086647,5,300,3000,5,0.5,0.1,0.05,mixed,0.8
random_rater_cp,0.9763333333333334,0.9074783691927945,3.078,0.08233333333333333,0.0,2026086647,5,300,3000,5,0.5,0.1,0.05,mixed,0.8
naive_panel_cp,0.955,0.8623245014131212,2.799,0.142,0.0,2026086647,5,300,3000,5,0.5,0.1,0.05,mixed,0.8
ptcp,1.0,0.9951361659925557,4.862,0.0,0.862,2026086647,5,300,3000,5,0.5,0.1,0.05,mixed,0.8
ptcp_randomized,1.0,0.9951361659925557,4.862,0.0,0.862,2026086647,5,300,3000,5,0.5,0.1,0.05,mixed,0.8
majority_cp,0.9766666666666667,0.9051821314611186,3.0716666666666668,0.08933333333333333,0.0,2026086648,5,300,3000,5,0.5,0.1,0.05,mixed,0.8
random_rater_cp,0.9796666666666667,0.9108938031124523,3.1086666666666667,0.082,0.0,2026086648,5,300,3000,5,0.5,0.1,0.05,mixed,0.8
naive_panel_cp,0.9393333333333334,0.8454238001817727,2.7536666666666667,0.15233333333333332,0.0,2026086648,5,300,3000,5,0.5,0.1,0.05,mixed,0.8
ptcp,1.0,0.9947495135075483,4.862,0.0,0.862,2026086648,5,300,3000,5,0.5,0.1,0.05,mixed,0.8
ptcp_randomized,1.0,0.9947495135075483,4.862,0.0,0.862,2026086648,5,300,3000,5,0.5,0.1,0.05,mixed,0.8
majority_cp,0.94,0.8407645209844589,2.701,0.15833333333333333,0.0,2026086649,5,300,3000,5,0.5,0.1,0.05,mixed,0.8
random_rater_cp,0.969,0.8974353298802529,3.0143333333333335,0.09766666666666667,0.0,2026086649,5,300,3000,5,0.5,0.1,0.05,mixed,0.8
naive_panel_cp,0.9076666666666666,0.7888986146431685,2.470666666666667,0.19566666666666666,0.0,2026086649,5,300,3000,5,0.5,0.1,0.05,mixed,0.8
ptcp,1.0,0.994283632572781,4.8566666666666665,0.0,0.8566666666666667,2026086649,5,300,3000,5,0.5,0.1,0.05,mixed,0.8
ptcp_randomized,1.0,0.994283632572781,4.8566666666666665,0.0,0.8566666666666667,2026086649,5,300,3000,5,0.5,0.1,0.05,mixed,0.8
majority_cp,0.963,0.8855775703969126,2.8823333333333334,0.12666666666666668,0.0,2026086650,5,300,3000,5,0.5,0.1,0.05,mixed,0.8
random_rater_cp,0.9673333333333334,0.8952606240278631,2.957666666666667,0.11066666666666666,0.0,2026086650,5,300,3000,5,0.5,0.1,0.05,mixed,0.8
naive_panel_cp,0.9513333333333334,0.864588098669999,2.7666666666666666,0.15333333333333332,0.0,2026086650,5,300,3000,5,0.5,0.1,0.05,mixed,0.8
ptcp,1.0,0.9945862125053709,4.853666666666666,0.0,0.8536666666666667,2026086650,5,300,3000,5,0.5,0.1,0.05,mixed,0.8
ptcp_randomized,1.0,0.9945862125053709,4.853666666666666,0.0,0.8536666666666667,2026086650,5,300,3000,5,0.5,0.1,0.05,mixed,0.8
majority_cp,0.9606666666666667,0.8835532341208769,2.9283333333333332,0.11333333333333333,0.0,2026086651,5,300,3000,5,0.5,0.1,0.05,mixed,0.8
random_rater_cp,0.972,0.9078590375355843,3.0796666666666668,0.08333333333333333,0.0,2026086651,5,300,3000,5,0.5,0.1,0.05,mixed,0.8
naive_panel_cp,0.9336666666666666,0.8332655083286766,2.654333333333333,0.16533333333333333,0.0,2026086651,5,300,3000,5,0.5,0.1,0.05,mixed,0.8
ptcp,1.0,0.9948771503958921,4.863333333333333,0.0,0.8633333333333333,2026086651,5,300,3000,5,0.5,0.1,0.05,mixed,0.8
ptcp_randomized,1.0,0.9948771503958921,4.863333333333333,0.0,0.8633333333333333,2026086651,5,300,3000,5,0.5,0.1,0.05,mixed,0.8
majority_cp,0.9473333333333334,0.8537393971343575,2.751333333333333,0.152,0.0,2026086652,5,300,3000,5,0.5,0.1,0.05,mixed,0.8
random_rater_cp,0.9746666666666667,0.8991343391533854,2.9856666666666665,0.10333333333333333,0.0,2026086652,5,300,3000,5,0.5,0.1,0.05,mixed,0.8
naive_panel_cp,0.9326666666666666,0.8277695668050716,2.6206666666666667,0.179,0.0,2026086652,5,300,3000,5,0.5,0.1,0.05,mixed,0.8
ptcp,1.0,0.9948955296759644,4.866,0.0,0.866,2026086652,5,300,3000,5,0.5,0.1,0.05,mixed,0.8
ptcp_randomized,1.0,0.9948955296759644,4.866,0.0,0.866,2026086652,5,300,3000,5,0.5,0.1,0.05,mixed,0.8
majority_cp,0.9506666666666667,0.8535275095333505,2.765,0.144,0.0,2026086653,5,300,3000,5,0.5,0.1,0.05,mixed,0.8
random_rater_cp,0.9813333333333333,0.9124397366362385,3.123666666666667,0.07833333333333334,0.0,2026086653,5,300,3000,5,0.5,0.1,0.05,mixed,0.8
naive_panel_cp,0.9423333333333334,0.8407337907345744,2.7023333333333333,0.15333333333333332,0.0,2026086653,5,300,3000,5,0.5,0.1,0.05,mixed,0.8
ptcp,1.0,0.9949839802797671,4.857333333333333,0.0,0.8573333333333333,2026086653,5,300,3000,5,0.5,0.1,0.05,mixed,0.8
ptcp_randomized,1.0,0.9949839802797671,4.857333333333333,0.0,0.8573333333333333,2026086653,5,300,3000,5,0.5,0.1,0.05,mixed,0.8
majority_cp,0.9323333333333333,0.840345314762911,2.7143333333333333,0.152,0.0,2026086654,5,300,3000,5,0.5,0.1,0.05,mixed,0.8
random_rater_cp,0.9626666666666667,0.8884626671222486,2.9403333333333332,0.11566666666666667,0.0,2026086654,5,300,3000,5,0.5,0.1,0.05,mixed,0.8
naive_panel_cp,0.9213333333333333,0.8207670568116294,2.6166666666666667,0.16866666666666666,0.0,2026086654,5,300,3000,5,0.5,0.1,0.05,mixed,0.8
ptcp,1.0,0.9948438835902325,4.859,0.0,0.859,2026086654,5,300,3000,5,0.5,0.1,0.05,mixed,0.8
ptcp_randomized,1.0,0.9948438835902325,4.859,0.0,0.859,2026086654,5,300,3000,5,0.5,0.1,0.05,mixed,0.8
majority_cp,0.9506666666666667,0.869993995305474,2.8646666666666665,0.123,0.0,2026086655,5,300,3000,5,0.5,0.1,0.05,mixed,0.8
random_rater_cp,0.9683333333333334,0.8962623582085054,3.0003333333333333,0.107,0.0,2026086655,5,300,3000,5,0.5,0.1,0.05,mixed,0.8
naive_panel_cp,0.9216666666666666,0.8179709504244329,2.6083333333333334,0.17033333333333334,0.0,2026086655,5,300,3000,5,0.5,0.1,0.05,mixed,0.8
ptcp,1.0,0.9949296975573867,4.845,0.0,0.845,2026086655,5,300,3000,5,0.5,0.1,0.05,mixed,0.8
ptcp_randomized,1.0,0.9949296975573867,4.845,0.0,0.845,2026086655,5,300,3000,5,0.5,0.1,0.05,mixed,0.8
majority_cp,0.9626666666666667,0.88019622385678,2.897666666666667,0.115,0.0,2026086656,5,300,3000,5,0.5,0.1,0.05,mixed,0.8
random_rater_cp,0.9913333333333333,0.9339627107047809,3.2866666666666666,0.045,0.0,2026086656,5,300,3000,5,0.5,0.1,0.05,mixed,0.8
naive_panel_cp,0.9353333333333333,0.8267062265605052,2.603,0.172,0.0,2026086656,5,300,3000,5,0.5,0.1,0.05,mixed,0.8
ptcp,1.0,0.9950771380444308,4.844666666666667,0.0,0.8446666666666667,2026086656,5,300,3000,5,0.5,0.1,0.05,mixed,0.8
ptcp_randomized,1.0,0.9950771380444308,4.844666666666667,0.0,0.8446666666666667,2026086656,5,300,3000,5,0.5,0.1,0.05,mixed,0.8
majority_cp,0.9673333333333334,0.8922648897550643,2.9883333333333333,0.11033333333333334,0.0,2026086657,5,300,3000,5,0.5,0.1,0.05,mixed,0.8
random_rater_cp,0.9733333333333334,0.9039203410993697,3.0563333333333333,0.09366666666666666,0.0,2026086657,5,300,3000,5,0.5,0.1,0.05,mixed,0.8
naive_panel_cp,0.931,0.8330207835770028,2.69,0.16033333333333333,0.0,2026086657,5,300,3000,5,0.5,0.1,0.05,mixed,0.8
ptcp,1.0,0.9949451262995137,4.854333333333333,0.0,0.8543333333333333,2026086657,5,300,3000,5,0.5,0.1,0.05,mixed,0.8
ptcp_randomized,1.0,0.9949451262995137,4.854333333333333,0.0,0.8543333333333333,2026086657,5,300,3000,5,0.5,0.1,0.05,mixed,0.8
majority_cp,0.9643333333333334,0.8874401208638681,2.922,0.11666666666666667,0.0,2026086658,5,300,3000,5,0.5,0.1,0.05,mixed,0.8
random_rater_cp,0.972,0.9025143291310576,3.011,0.10233333333333333,0.0,2026086658,5,300,3000,5,0.5,0.1,0.05,mixed,0.8
naive_panel_cp,0.9346666666666666,0.8335752171397459,2.6443333333333334,0.16366666666666665,0.0,2026086658,5,300,3000,5,0.5,0.1,0.05,mixed,0.8
ptcp,1.0,0.9962357858117263,4.866,0.0,0.866,2026086658,5,300,3000,5,0.5,0.1,0.05,mixed,0.8
ptcp_randomized,1.0,0.9962357858117263,4.866,0.0,0.866,2026086658,5,300,3000,5,0.5,0.1,0.05,mixed,0.8
majority_cp,0.9346666666666666,0.8373959930476113,2.6633333333333336,0.173,0.0,2026086659,5,300,3000,5,0.5,0.1,0.05,mixed,0.8
random_rater_cp,0.9643333333333334,0.8829713260937759,2.888,0.12433333333333334,0.0,2026086659,5,300,3000,5,0.5,0.1,0.05,mixed,0.8
naive_panel_cp,0.9046666666666666,0.7909121604849003,2.462666666666667,0.198,0.0,2026086659,5,300,3000,5,0.5,0.1,0.05,mixed,0.8
ptcp,1.0,0.9950388862017353,4.847666666666667,0.0,0.8476666666666667,2026086659,5,300,3000,5,0.5,0.1,0.05,mixed,0.8
ptcp_randomized,1.0,0.9950388862017353,4.847666666666667,0.0,0.8476666666666667,2026086659,5,300,3000,5,0.5,0.1,0.05,mixed,0.8
majority_cp,0.9393333333333334,0.8466913807326654,2.6883333333333335,0.169,0.0,2026086660,5,300,3000,5,0.5,0.1,0.05,mixed,0.8
random_rater_cp,0.9733333333333334,0.9061862336904044,3.0193333333333334,0.10266666666666667,0.0,2026086660,5,300,3000,5,0.5,0.1,0.05,mixed,0.8
naive_panel_cp,0.9296666666666666,0.8280299042992441,2.594,0.18566666666666667,0.0,2026086660,5,300,3000,5,0.5,0.1,0.05,mixed,0.8
ptcp,1.0,0.995983067196857,4.868,0.0,0.868,2026086660,5,300,3000,5,0.5,0.1,0.05,mixed,0.8
ptcp_randomized,1.0,0.995983067196857,4.868,0.0,0.868,2026086660,5,300,3000,5,0.5,0.1,0.05,mixed,0.8
majority_cp,0.951,0.8608439858400849,2.7866666666666666,0.14733333333333334,0.0,2026086661,5,300,3000,5,0.5,0.1,0.05,mixed,0.8
random_rater_cp,0.982,0.9177196214422074,3.1133333333333333,0.084,0.0,2026086661,5,300,3000,5,0.5,0.1,0.05,mixed,0.8
naive_panel_cp,0.9406666666666667,0.8427918515545534,2.6976666666666667,0.16533333333333333,0.0,2026086661,5,300,3000,5,0.5,0.1,0.05,mixed,0.8
ptcp,1.0,0.994755834201048,4.857666666666667,0.0,0.8576666666666667,2026086661,5,300,3000,5,0.5,0.1,0.05,mixed,0.8
ptcp_randomized,1.0,0.994755834201048,4.857666666666667,0.0,0.8576666666666667,2026086661,5,300,3000,5,0.5,0.1,0.05,mixed,0.8
majority_cp,0.9473333333333334,0.8550154790290108,2.7596666666666665,0.14366666666666666,0.0,2026086662,5,300,3000,5,0.5,0.1,0.05,mixed,0.8
random_rater_cp,0.9836666666666667,0.9241837349223764,3.1946666666666665,0.061,0.0,2026086662,5,300,3000,5,0.5,0.1,0.05,mixed,0.8
naive_panel_cp,0.9326666666666666,0.8284457251381012,2.6346666666666665,0.168,0.0,2026086662,5,300,3000,5,0.5,0.1,0.05,mixed,0.8
ptcp,1.0,0.9954741631033187,4.864333333333334,0.0,0.8643333333333333,2026086662,5,300,3000,5,0.5,0.1,0.05,mixed,0.8
ptcp_randomized,1.0,0.9954741631033187,4.864333333333334,0.0,0.8643333333333333,2026086662,5,300,3000,5,0.5,0.1,0.05,mixed,0.8
majority_cp,0.944,0.857180563870574,2.781,0.13933333333333334,0.0,2026086663,5,300,3000,5,0.5,0.1,0.05,mixed,0.8
random_rater_cp,0.968,0.8964116391501193,2.988,0.10366666666666667,0.0,2026086663,5,300,3000,5,0.5,0.1,0.05,mixed,0.8
naive_panel_cp,0.9313333333333333,0.8348186696701996,2.675333333333333,0.159,0.0,2026086663,5,300,3000,5,0.5,0.1,0.05,mixed,0.8
ptcp,1.0,0.9948141148750783,4.865,0.0,0.865,2026086663,5,300,3000,5,0.5,0.1,0.05,mixed,0.8
ptcp_randomized,1.0,0.9948141148750783,4.865,0.0,0.865,2026086663,5,300,3000,5,0.5,0.1,0.05,mixed,0.8
majority_cp,0.961,0.8777395389574588,2.866,0.13133333333333333,0.0,2026086664,5,300,3000,5,0.5,0.1,0.05,mixed,0.8
random_rater_cp,0.9736666666666667,0.9057998236103667,3.0516666666666667,0.08933333333333333,0.0,2026086664,5,300,3000,5,0.5,0.1,0.05,mixed,0.8
naive_panel_cp,0.922,0.8116384654285601,2.5483333333333333,0.18333333333333332,0.0,2026086664,5,300,3000,5,0.5,0.1,0.05,mixed,0.8
ptcp,1.0,0.995060283748168,4.857333333333333,0.0,0.8573333333333333,2026086664,5,300,3000,5,0.5,0.1,0.05,mixed,0.8
ptcp_randomized,1.0,0.995060283748168,4.857333333333333,0.0,0.8573333333333333,2026086664,5,300,3000,5,0.5,0.1,0.05,mixed,0.8
majority_cp,0.967,0.8972256102165383,2.9856666666666665,0.10033333333333333,0.0,2026086665,5,300,3000,5,0.5,0.1,0.05,mixed,0.8
random_rater_cp,0.974,0.9085586334081927,3.058333333333333,0.08733333333333333,0.0,2026086665,5,300,3000,5,0.5,0.1,0.05,mixed,0.8
naive_panel_cp,0.9196666666666666,0.8162581913061584,2.583,0.16433333333333333,0.0,2026086665,5,300,3000,5,0.5,0.1,0.05,mixed,0.8
ptcp,1.0,0.9946989035229217,4.854333333333333,0.0,0.8543333333333333,2026086665,5,300,3000,5,0.5,0.1,0.05,mixed,0.8
ptcp_randomized,1.0,0.9946989035229217,4.854333333333333,0.0,0.8543333333333333,2026086665,5,300,3000,5,0.5,0.1,0.05,mixed,0.8
majority_cp,0.962,0.8805575742086367,2.9356666666666666,0.11966666666666667,0.0,2026086666,5,300,3000,5,0.5,0.1,0.05,mixed,0.8
random_rater_cp,0.9726666666666667,0.899956442409239,3.048,0.09533333333333334,0.0,2026086666,5,300,3000,5,0.5,0.1,0.05,mixed,0.8
naive_panel_cp,0.952,0.8645280552908263,2.8513333333333333,0.13433333333333333,0.0,2026086666,5,300,3000,5,0.5,0.1,0.05,mixed,0.8
ptcp,1.0,0.9952370821620916,4.8646666666666665,0.0,0.8646666666666667,2026086666,5,300,3000,5,0.5,0.1,0.05,mixed,0.8
ptcp_randomized,1.0,0.9952370821620916,4.8646666666666665,0.0,0.8646666666666667,2026086666,5,300,3000,5,0.5,0.1,0.05,mixed,0.8
majority_cp,0.9196666666666666,0.7981887873612226,2.4843333333333333,0.19066666666666668,0.0,2026086667,5,300,3000,5,0.5,0.1,0.05,mixed,0.8
random_rater_cp,0.9583333333333334,0.8703850565499706,2.8406666666666665,0.13133333333333333,0.0,2026086667,5,300,3000,5,0.5,0.1,0.05,mixed,0.8
naive_panel_cp,0.9106666666666666,0.7834092451739488,2.4196666666666666,0.20066666666666666,0.0,2026086667,5,300,3000,5,0.5,0.1,0.05,mixed,0.8
ptcp,1.0,0.9948518405184555,4.8566666666666665,0.0,0.8566666666666667,2026086667,5,300,3000,5,0.5,0.1,0.05,mixed,0.8
ptcp_randomized,1.0,0.9948518405184555,4.8566666666666665,0.0,0.8566666666666667,2026086667,5,300,3000,5,0.5,0.1,0.05,mixed,0.8
majority_cp,0.95,0.8586126760670362,2.78,0.151,0.0,2026086668,5,300,3000,5,0.5,0.1,0.05,mixed,0.8
random_rater_cp,0.9516666666666667,0.8618999718781857,2.796666666666667,0.14766666666666667,0.0,2026086668,5,300,3000,5,0.5,0.1,0.05,mixed,0.8
naive_panel_cp,0.933,0.8273881410684436,2.6216666666666666,0.181,0.0,2026086668,5,300,3000,5,0.5,0.1,0.05,mixed,0.8
ptcp,1.0,0.9952463446674986,4.859,0.0,0.859,2026086668,5,300,3000,5,0.5,0.1,0.05,mixed,0.8
ptcp_randomized,1.0,0.9952463446674986,4.859,0.0,0.859,2026086668,5,300,3000,5,0.5,0.1,0.05,mixed,0.8
majority_cp,0.9706666666666667,0.8963670911542986,3.0063333333333335,0.09733333333333333,0.0,2026086669,5,300,3000,5,0.5,0.1,0.05,mixed,0.8
random_rater_cp,0.982,0.9168606695409957,3.1353333333333335,0.06866666666666667,0.0,2026086669,5,300,3000,5,0.5,0.1,0.05,mixed,0.8
naive_panel_cp,0.9236666666666666,0.8121402448286326,2.562666666666667,0.16966666666666666,0.0,2026086669,5,300,3000,5,0.5,0.1,0.05,mixed,0.8
ptcp,1.0,0.9952790882324805,4.857,0.0,0.857,2026086669,5,300,3000,5,0.5,0.1,0.05,mixed,0.8
ptcp_randomized,1.0,0.9952790882324805,4.857,0.0,0.857,2026086669,5,300,3000,5,0.5,0.1,0.05,mixed,0.8
majority_cp,0.936,0.8415658960308243,2.7,0.15366666666666667,0.0,2026086670,5,300,3000,5,0.5,0.1,0.05,mixed,0.8
random_rater_cp,0.9683333333333334,0.895570015804401,2.974666666666667,0.11,0.0,2026086670,5,300,3000,5,0.5,0.1,0.05,mixed,0.8
naive_panel_cp,0.9333333333333333,0.8364709632933451,2.6723333333333334,0.158,0.0,2026086670,5,300,3000,5,0.5,0.1,0.05,mixed,0.8
ptcp,1.0,0.9958377931398097,4.856333333333334,0.0,0.8563333333333333,2026086670,5,300,3000,5,0.5,0.1,0.05,mixed,0.8
ptcp_randomized,1.0,0.9958377931398097,4.856333333333334,0.0,0.8563333333333333,2026086670,5,300,3000,5,0.5,0.1,0.05,mixed,0.8
majority_cp,0.976,0.9015012959658,2.9796666666666667,0.105,0.0,2026086671,5,300,3000,5,0.5,0.1,0.05,mixed,0.8
random_rater_cp,0.9893333333333333,0.9291394171580173,3.205,0.06166666666666667,0.0,2026086671,5,300,3000,5,0.5,0.1,0.05,mixed,0.8
naive_panel_cp,0.9463333333333334,0.8539155121912126,2.7236666666666665,0.153,0.0,2026086671,5,300,3000,5,0.5,0.1,0.05,mixed,0.8
ptcp,1.0,0.9955065138971864,4.868666666666667,0.0,0.8686666666666667,2026086671,5,300,3000,5,0.5,0.1,0.05,mixed,0.8
ptcp_randomized,1.0,0.9955065138971864,4.868666666666667,0.0,0.8686666666666667,2026086671,5,300,3000,5,0.5,0.1,0.05,mixed,0.8
majority_cp,0.8956666666666667,0.7719478403759282,2.3853333333333335,0.20066666666666666,0.0,2026086672,5,300,3000,5,0.5,0.1,0.05,mixed,0.8
random_rater_cp,0.9773333333333334,0.9132315878275473,3.1016666666666666,0.07466666666666667,0.0,2026086672,5,300,3000,5,0.5,0.1,0.05,mixed,0.8
naive_panel_cp,0.8743333333333333,0.7408276539647041,2.252,0.21933333333333332,0.0,2026086672,5,300,3000,5,0.5,0.1,0.05,mixed,0.8
ptcp,0.9996666666666667,0.9952224927364759,4.861666666666666,0.0,0.8616666666666667,2026086672,5,300,3000,5,0.5,0.1,0.05,mixed,0.8
ptcp_randomized,0.9996666666666667,0.9952224927364759,4.861666666666666,0.0,0.8616666666666667,2026086672,5,300,3000,5,0.5,0.1,0.05,mixed,0.8
majority_cp,0.93,0.8201918038216032,2.605,0.16666666666666666,0.0,2026086673,5,300,3000,5,0.5,0.1,0.05,mixed,0.8
random_rater_cp,0.9633333333333334,0.8771592578382703,2.8796666666666666,0.126,0.0,2026086673,5,300,3000,5,0.5,0.1,0.05,mixed,0.8
naive_panel_cp,0.9193333333333333,0.8056714705176021,2.541,0.17666666666666667,0.0,2026086673,5,300,3000,5,0.5,0.1,0.05,mixed,0.8
ptcp,1.0,0.9952951337891806,4.8693333333333335,0.0,0.8693333333333333,2026086673,5,300,3000,5,0.5,0.1,0.05,mixed,0.8
ptcp_randomized,1.0,0.9952951337891806,4.8693333333333335,0.0,0.8693333333333333,2026086673,5,300,3000,5,0.5,0.1,0.05,mixed,0.8
majority_cp,0.9706666666666667,0.8912052816766669,2.9673333333333334,0.11033333333333334,0.0,2026086674,5,300,3000,5,0.5,0.1,0.05,mixed,0.8
random_rater_cp,0.977,0.9048957433544065,3.066333333333333,0.09066666666666667,0.0,2026086674,5,300,3000,5,0.5,0.1,0.05,mixed,0.8
naive_panel_cp,0.95,0.8532663075903298,2.7623333333333333,0.14933333333333335,0.0,2026086674,5,300,3000,5,0.5,0.1,0.05,mixed,0.8
ptcp,1.0,0.9951968797981023,4.855,0.0,0.855,2026086674,5,300,3000,5,0.5,0.1,0.05,mixed,0.8
ptcp_randomized,1.0,0.9951968797981023,4.855,0.0,0.855,2026086674,5,300,3000,5,0.5,0.1,0.05,mixed,0.8
majority_cp,0.946,0.8522699751329689,2.7396666666666665,0.15033333333333335,0.0,2026086675,5,300,3000,5,0.5,0.1,0.05,mixed,0.8
random_rater_cp,0.9726666666666667,0.9017510298009509,3.0233333333333334,0.099,0.0,2026086675,5,300,3000,5,0.5,0.1,0.05,mixed,0.8
naive_panel_cp,0.9116666666666666,0.794951531223372,2.481333333333333,0.19033333333333333,0.0,2026086675,5,300,3000,5,0.5,0.1,0.05,mixed,0.8
ptcp,1.0,0.9950130308629119,4.858666666666666,0.0,0.8586666666666667,2026086675,5,300,3000,5,0.5,0.1,0.05,mixed,0.8
ptcp_randomized,1.0,0.9950130308629119,4.858666666666666,0.0,0.8586666666666667,2026086675,5,300,3000,5,0.5,0.1,0.05,mixed,0.8
majority_cp,0.959,0.8739483854965593,2.8503333333333334,0.129,0.0,2026086676,5,300,3000,5,0.5,0.1,0.05,mixed,0.8
random_rater_cp,0.9646666666666667,0.8863527256364936,2.9366666666666665,0.11066666666666666,0.0,2026086676,5,300,3000,5,0.5,0.1,0.05,mixed,0.8
naive_panel_cp,0.9476666666666667,0.8547874092799893,2.7476666666666665,0.145,0.0,2026086676,5,300,3000,5,0.5,0.1,0.05,mixed,0.8
ptcp,1.0,0.9946792539949663,4.849,0.0,0.849,2026086676,5,300,3000,5,0.5,0.1,0.05,mixed,0.8
ptcp_randomized,1.0,0.9946792539949663,4.849,0.0,0.849,2026086676,5,300,3000,5,0.5,0.1,0.05,mixed,0.8
majority_cp,0.9396666666666667,0.8508854350517997,2.773,0.144,0.0,2026086677,5,300,3000,5,0.5,0.1,0.05,mixed,0.8
random_rater_cp,0.97,0.9039985566621113,3.0683333333333334,0.08933333333333333,0.0,2026086677,5,300,3000,5,0.5,0.1,0.05,mixed,0.8
naive_panel_cp,0.929,0.829544142684515,2.6626666666666665,0.16033333333333333,0.0,2026086677,5,300,3000,5,0.5,0.1,0.05,mixed,0.8
ptcp,1.0,0.9952556861376828,4.854666666666667,0.0,0.8546666666666667,2026086677,5,300,3000,5,0.5,0.1,0.05,mixed,0.8
ptcp_randomized,1.0,0.9952556861376828,4.854666666666667,0.0,0.8546666666666667,2026086677,5,300,3000,5,0.5,0.1,0.05,mixed,0.8
majority_cp,0.959,0.8815666635881593,2.9116666666666666,0.11533333333333333,0.0,2026086678,5,300,3000,5,0.5,0.1,0.05,mixed,0.8
random_rater_cp,0.975,0.9082283157994832,3.0683333333333334,0.09,0.0,2026086678,5,300,3000,5,0.5,0.1,0.05,mixed,0.8
naive_panel_cp,0.9413333333333334,0.850015845067645,2.7426666666666666,0.15,0.0,2026086678,5,300,3000,5,0.5,0.1,0.05,mixed,0.8
ptcp,0.9996666666666667,0.9956265935414558,4.868,0.0,0.868,2026086678,5,300,3000,5,0.5,0.1,0.05,mixed,0.8
ptcp_randomized,0.9996666666666667,0.9956265935414558,4.868,0.0,0.868,2026086678,5,300,3000,5,0.5,0.1,0.05,mixed,0.8
majority_cp,0.9503333333333334,0.8680980761572822,2.841,0.12666666666666668,0.0,2026086679,5,300,3000,5,0.5,0.1,0.05,mixed,0.8
random_rater_cp,0.971,0.901736604701811,3.02,0.09466666666666666,0.0,2026086679,5,300,3000,5,0.5,0.1,0.05,mixed,0.8
naive_panel_cp,0.934,0.8440842924482439,2.731333333333333,0.15066666666666667,0.0,2026086679,5,300,3000,5,0.5,0.1,0.05,mixed,0.8
ptcp,1.0,0.9949641744808679,4.858,0.0,0.858,2026086679,5,300,3000,5,0.5,0.1,0.05,mixed,0.8
ptcp_randomized,1.0,0.9949641744808679,4.858,0.0,0.858,2026086679,5,300,3000,5,0.5,0.1,0.05,mixed,0.8
majority_cp,0.9573333333333334,0.8708016615506737,2.839,0.12933333333333333,0.0,2026086680,5,300,3000,5,0.5,0.1,0.05,mixed,0.8
random_rater_cp,0.9806666666666667,0.9127969906407337,3.1006666666666667,0.083,0.0,2026086680,5,300,3000,5,0.5,0.1,0.05,mixed,0.8
naive_panel_cp,0.9376666666666666,0.8381596696855655,2.683333333333333,0.16033333333333333,0.0,2026086680,5,300,3000,5,0.5,0.1,0.05,mixed,0.8
ptcp,1.0,0.9952889244052895,4.861,0.0,0.861,2026086680,5,300,3000,5,0.5,0.1,0.05,mixed,0.8
ptcp_randomized,1.0,0.9952889244052895,4.861,0.0,0.861,2026086680,5,300,3000,5,0.5,0.1,0.05,mixed,0.8
majority_cp,0.9553333333333334,0.862863663649486,2.792,0.14266666666666666,0.0,2026086681,5,300,3000,5,0.5,0.1,0.05,mixed,0.8
random_rater_cp,0.9556666666666667,0.8636497063427568,2.7986666666666666,0.141,0.0,2026086681,5,300,3000,5,0.5,0.1,0.05,mixed,0.8
naive_panel_cp,0.942,0.8409973464883758,2.6856666666666666,0.16333333333333333,0.0,2026086681,5,300,3000,5,0.5,0.1,0.05,mixed,0.8
ptcp,1.0,0.994949306332283,4.847333333333333,0.0,0.8473333333333334,2026086681,5,300,3000,5,0.5,0.1,0.05,mixed,0.8
ptcp_randomized,1.0,0.994949306332283,4.847333333333333,0.0,0.8473333333333334,2026086681,5,300,3000,5,0.5,0.1,0.05,mixed,0.8
majority_cp,0.9293333333333333,0.8234833480211298,2.5676666666666668,0.18233333333333332,0.0,2026086682,5,300,3000,5,0.5,0.1,0.05,mixed,0.8
random_rater_cp,0.9776666666666667,0.9076653577821784,3.0123333333333333,0.09566666666666666,0.0,2026086682,5,300,3000,5,0.5,0.1,0.05,mixed,0.8
naive_panel_cp,0.9093333333333333,0.7853969553981239,2.3953333333333333,0.20266666666666666,0.0,2026086682,5,300,3000,5,0.5,0.1,0.05,mixed,0.8
ptcp,1.0,0.9953262233698056,4.863666666666667,0.0,0.8636666666666667,2026086682,5,300,3000,5,0.5,0.1,0.05,mixed,0.8
ptcp_randomized,1.0,0.9953262233698056,4.863666666666667,0.0,0.8636666666666667,2026086682,5,300,3000,5,0.5,0.1,0.05,mixed,0.8
majority_cp,0.9593333333333334,0.8824003728457283,2.929,0.11166666666666666,0.0,2026086683,5,300,3000,5,0.5,0.1,0.05,mixed,0.8
random_rater_cp,0.979,0.9183279076319268,3.1536666666666666,0.07433333333333333,0.0,2026086683,5,300,3000,5,0.5,0.1,0.05,mixed,0.8
naive_panel_cp,0.938,0.8421869314786555,2.7123333333333335,0.15766666666666668,0.0,2026086683,5,300,3000,5,0.5,0.1,0.05,mixed,0.8
ptcp,1.0,0.9957431526857945,4.869666666666666,0.0,0.8696666666666667,2026086683,5,300,3000,5,0.5,0.1,0.05,mixed,0.8
ptcp_randomized,1.0,0.9957431526857945,4.869666666666666,0.0,0.8696666666666667,2026086683,5,300,3000,5,0.5,0.1,0.05,mixed,0.8
majority_cp,0.956,0.8712990849926922,2.8273333333333333,0.13433333333333333,0.0,2026086684,5,300,3000,5,0.5,0.1,0.05,mixed,0.8
random_rater_cp,0.977,0.9080255861907699,3.0396666666666667,0.08666666666666667,0.0,2026086684,5,300,3000,5,0.5,0.1,0.05,mixed,0.8
naive_panel_cp,0.921,0.8144503531060857,2.546333333333333,0.195,0.0,2026086684,5,300,3000,5,0.5,0.1,0.05,mixed,0.8
ptcp,1.0,0.995133685861562,4.855666666666667,0.0,0.8556666666666667,2026086684,5,300,3000,5,0.5,0.1,0.05,mixed,0.8
ptcp_randomized,1.0,0.995133685861562,4.855666666666667,0.0,0.8556666666666667,2026086684,5,300,3000,5,0.5,0.1,0.05,mixed,0.8
majority_cp,0.936,0.8381246846215596,2.6846666666666668,0.16566666666666666,0.0,2026086685,5,300,3000,5,0.5,0.1,0.05,mixed,0.8
random_rater_cp,0.9616666666666667,0.8861055487084982,2.9366666666666665,0.12166666666666667,0.0,2026086685,5,300,3000,5,0.5,0.1,0.05,mixed,0.8
naive_panel_cp,0.92,0.8057877215223025,2.5206666666666666,0.19366666666666665,0.0,2026086685,5,300,3000,5,0.5,0.1,0.05,mixed,0.8
ptcp,0.9996666666666667,0.9952188091153957,4.861666666666666,0.0,0.8616666666666667,2026086685,5,300,3000,5,0.5,0.1,0.05,mixed,0.8
ptcp_randomized,0.9996666666666667,0.9952188091153957,4.861666666666666,0.0,0.8616666666666667,2026086685,5,300,3000,5,0.5,0.1,0.05,mixed,0.8
majority_cp,0.9373333333333334,0.8414037571673898,2.7223333333333333,0.15366666666666667,0.0,2026086686,5,300,3000,5,0.5,0.1,0.05,mixed,0.8
random_rater_cp,0.981,0.9157286500484846,3.150333333333333,0.074,0.0,2026086686,5,300,3000,5,0.5,0.1,0.05,mixed,0.8
naive_panel_cp,0.9106666666666666,0.7957549079687317,2.5156666666666667,0.19466666666666665,0.0,2026086686,5,300,3000,5,0.5,0.1,0.05,mixed,0.8
ptcp,1.0,0.995024997582453,4.861,0.0,0.861,2026086686,5,300,3000,5,0.5,0.1,0.05,mixed,0.8
ptcp_randomized,1.0,0.995024997582453,4.861,0.0,0.861,2026086686,5,300,3000,5,0.5,0.1,0.05,mixed,0.8
majority_cp,0.9606666666666667,0.8763490367170601,2.912,0.11266666666666666,0.0,2026086687,5,300,3000,5,0.5,0.1,0.05,mixed,0.8
random_rater_cp,0.9746666666666667,0.9042391906553214,3.0846666666666667,0.08533333333333333,0.0,2026086687,5,300,3000,5,0.5,0.1,0.05,mixed,0.8
naive_panel_cp,0.9363333333333334,0.8310306955382633,2.683666666666667,0.16033333333333333,0.0,2026086687,5,300,3000,5,0.5,0.1,0.05,mixed,0.8
ptcp,1.0,0.9947952860038249,4.856333333333334,0.0,0.8563333333333333,2026086687,5,300,3000,5,0.5,0.1,0.05,mixed,0.8
ptcp_randomized,1.0,0.9947952860038249,4.856333333333334,0.0,0.8563333333333333,2026086687,5,300,3000,5,0.5,0.1,0.05,mixed,0.8
majority_cp,0.9496666666666667,0.8558411514998766,2.74,0.154,0.0,2026086688,5,300,3000,5,0.5,0.1,0.05,mixed,0.8
random_rater_cp,0.9516666666666667,0.8585998380334858,2.7496666666666667,0.15433333333333332,0.0,2026086688,5,300,3000,5,0.5,0.1,0.05,mixed,0.8
naive_panel_cp,0.9343333333333333,0.8295838705399543,2.618,0.17266666666666666,0.0,2026086688,5,300,3000,5,0.5,0.1,0.05,mixed,0.8
ptcp,1.0,0.9954897683528086,4.859333333333334,0.0,0.8593333333333333,2026086688,5,300,3000,5,0.5,0.1,0.05,mixed,0.8
ptcp_randomized,1.0,0.9954897683528086,4.859333333333334,0.0,0.8593333333333333,2026086688,5,300,3000,5,0.5,0.1,0.05,mixed,0.8
majority_cp,0.9566666666666667,0.8765921184778437,2.901,0.12166666666666667,0.0,2026086689,5,300,3000,5,0.5,0.1,0.05,mixed,0.8
random_rater_cp,0.9766666666666667,0.9104075179372538,3.1206666666666667,0.07566666666666666,0.0,2026086689,5,300,3000,5,0.5,0.1,0.05,mixed,0.8
naive_panel_cp,0.9106666666666666,0.7924153483908128,2.4763333333333333,0.193,0.0,2026086689,5,300,3000,5,0.5,0.1,0.05,mixed,0.8
ptcp,1.0,0.9941880661626228,4.848,0.0,0.848,2026086689,5,300,3000,5,0.5,0.1,0.05,mixed,0.8
ptcp_randomized,1.0,0.9941880661626228,4.848,0.0,0.848,2026086689,5,300,3000,5,0.5,0.1,0.05,mixed,0.8
majority_cp,0.942,0.8558171024639484,2.7783333333333333,0.14566666666666667,0.0,2026086690,5,300,3000,5,0.5,0.1,0.05,mixed,0.8
random_rater_cp,0.966,0.8964350426601411,3.0046666666666666,0.09466666666666666,0.0,2026086690,5,300,3000,5,0.5,0.1,0.05,mixed,0.8
naive_panel_cp,0.9176666666666666,0.812519480390359,2.571,0.17433333333333334,0.0,2026086690,5,300,3000,5,0.5,0.1,0.05,mixed,0.8
ptcp,1.0,0.9960326582764116,4.869666666666666,0.0,0.8696666666666667,2026086690,5,300,3000,5,0.5,0.1,0.05,mixed,0.8
ptcp_randomized,1.0,0.9960326582764116,4.869666666666666,0.0,0.8696666666666667,2026086690,5,300,3000,5,0.5,0.1,0.05,mixed,0.8
majority_cp,0.9483333333333334,0.860533523613512,2.784666666666667,0.145,0.0,2026086691,5,300,3000,5,0.5,0.1,0.05,mixed,0.8
random_rater_cp,0.9643333333333334,0.885394744287569,2.9066666666666667,0.12133333333333333,0.0,2026086691,5,300,3000,5,0.5,0.1,0.05,mixed,0.8
naive_panel_cp,0.9226666666666666,0.8130345409801365,2.554666666666667,0.17933333333333334,0.0,2026086691,5,300,3000,5,0.5,0.1,0.05,mixed,0.8
ptcp,1.0,0.995238987831827,4.849666666666667,0.0,0.8496666666666667,2026086691,5,300,3000,5,0.5,0.1,0.05,mixed,0.8
ptcp_randomized,1.0,0.995238987831827,4.849666666666667,0.0,0.8496666666666667,2026086691,5,300,3000,5,0.5,0.1,0.05,mixed,0.8
majority_cp,0.9423333333333334,0.8515251154501206,2.743,0.14833333333333334,0.0,2026086692,5,300,3000,5,0.5,0.1,0.05,mixed,0.8
random_rater_cp,0.9816666666666667,0.914822038729799,3.0933333333333333,0.08633333333333333,0.0,2026086692,5,300,3000,5,0.5,0.1,0.05,mixed,0.8
naive_panel_cp,0.9303333333333333,0.8317905757328684,2.642333333333333,0.17033333333333334,0.0,2026086692,5,300,3000,5,0.5,0.1,0.05,mixed,0.8
ptcp,0.9996666666666667,0.995200642498261,4.868666666666667,0.0,0.8686666666666667,2026086692,5,300,3000,5,0.5,0.1,0.05,mixed,0.8
ptcp_randomized,0.9996666666666667,0.995200642498261,4.868666666666667,0.0,0.8686666666666667,2026086692,5,300,3000,5,0.5,0.1,0.05,mixed,0.8
majority_cp,0.9323333333333333,0.8277766076714395,2.632,0.17533333333333334,0.0,2026086693,5,300,3000,5,0.5,0.1,0.05,mixed,0.8
random_rater_cp,0.975,0.9024421867395228,3.030666666666667,0.09966666666666667,0.0,2026086693,5,300,3000,5,0.5,0.1,0.05,mixed,0.8
naive_panel_cp,0.916,0.8013446533767637,2.5076666666666667,0.194,0.0,2026086693,5,300,3000,5,0.5,0.1,0.05,mixed,0.8
ptcp,1.0,0.9946322973143903,4.863666666666667,0.0,0.8636666666666667,2026086693,5,300,3000,5,0.5,0.1,0.05,mixed,0.8
ptcp_randomized,1.0,0.9946322973143903,4.863666666666667,0.0,0.8636666666666667,2026086693,5,300,3000,5,0.5,0.1,0.05,mixed,0.8
majority_cp,0.9316666666666666,0.8383952187169771,2.706,0.165,0.0,2026086694,5,300,3000,5,0.5,0.1,0.05,mixed,0.8
random_rater_cp,0.9446666666666667,0.8623275868061294,2.8386666666666667,0.137,0.0,2026086694,5,300,3000,5,0.5,0.1,0.05,mixed,0.8
naive_panel_cp,0.9183333333333333,0.8121373734250235,2.571,0.18733333333333332,0.0,2026086694,5,300,3000,5,0.5,0.1,0.05,mixed,0.8
ptcp,1.0,0.9953834455189259,4.868,0.0,0.868,2026086694,5,300,3000,5,0.5,0.1,0.05,mixed,0.8
ptcp_randomized,1.0,0.9953834455189259,4.868,0.0,0.868,2026086694,5,300,3000,5,0.5,0.1,0.05,mixed,0.8
majority_cp,0.952,0.8641615924911712,2.823,0.147,0.0,2026086695,5,300,3000,5,0.5,0.1,0.05,mixed,0.8
random_rater_cp,0.9763333333333334,0.9087785948267781,3.0946666666666665,0.08033333333333334,0.0,2026086695,5,300,3000,5,0.5,0.1,0.05,mixed,0.8
naive_panel_cp,0.948,0.8578620433579993,2.7933333333333334,0.14933333333333335,0.0,2026086695,5,300,3000,5,0.5,0.1,0.05,mixed,0.8
ptcp,1.0,0.9954626355009584,4.863666666666667,0.0,0.8636666666666667,2026086695,5,300,3000,5,0.5,0.1,0.05,mixed,0.8
ptcp_randomized,1.0,0.9954626355009584,4.863666666666667,0.0,0.8636666666666667,2026086695,5,300,3000,5,0.5,0.1,0.05,mixed,0.8
majority_cp,0.9606666666666667,0.8794429906768413,2.9316666666666666,0.11266666666666666,0.0,2026086696,5,300,3000,5,0.5,0.1,0.05,mixed,0.8
random_rater_cp,0.9833333333333333,0.919130801345507,3.18,0.06833333333333333,0.0,2026086696,5,300,3000,5,0.5,0.1,0.05,mixed,0.8
naive_panel_cp,0.953,0.8645704708682854,2.843,0.13,0.0,2026086696,5,300,3000,5,0.5,0.1,0.05,mixed,0.8
ptcp,1.0,0.9952270052103,4.858,0.0,0.858,2026086696,5,300,3000,5,0.5,0.1,0.05,mixed,0.8
ptcp_randomized,1.0,0.9952270052103,4.858,0.0,0.858,2026086696,5,300,3000,5,0.5,0.1,0.05,mixed,0.8
majority_cp,0.9316666666666666,0.8318011968006819,2.667666666666667,0.17233333333333334,0.0,2026086697,5,300,3000,5,0.5,0.1,0.05,mixed,0.8
random_rater_cp,0.9586666666666667,0.8798271808264266,2.901,0.12633333333333333,0.0,2026086697,5,300,3000,5,0.5,0.1,0.05,mixed,0.8
naive_panel_cp,0.9163333333333333,0.8097825328298589,2.572,0.18766666666666668,0.0,2026086697,5,300,3000,5,0.5,0.1,0.05,mixed,0.8
ptcp,1.0,0.9958289531097644,4.8646666666666665,0.0,0.8646666666666667,2026086697,5,300,3000,5,0.5,0.1,0.05,mixed,0.8
ptcp_randomized,1.0,0.9958289531097644,4.8646666666666665,0.0,0.8646666666666667,2026086697,5,300,3000,5,0.5,0.1,0.05,mixed,0.8
majority_cp,0.9513333333333334,0.8639364392431994,2.8276666666666666,0.14066666666666666,0.0,2026086698,5,300,3000,5,0.5,0.1,0.05,mixed,0.8
random_rater_cp,0.9773333333333334,0.9107318863673939,3.1013333333333333,0.08233333333333333,0.0,2026086698,5,300,3000,5,0.5,0.1,0.05,mixed,0.8
naive_panel_cp,0.942,0.8445975809303718,2.7216666666666667,0.156,0.0,2026086698,5,300,3000,5,0.5,0.1,0.05,mixed,0.8
ptcp,1.0,0.9942070685082927,4.854666666666667,0.0,0.8546666666666667,2026086698,5,300,3000,5,0.5,0.1,0.05,mixed,0.8
ptcp_randomized,1.0,0.9942070685082927,4.854666666666667,0.0,0.8546666666666667,2026086698,5,300,3000,5,0.5,0.1,0.05,mixed,0.8
majority_cp,0.9266666666666666,0.8194603757317694,2.608,0.17,0.0,2026086699,5,300,3000,5,0.5,0.1,0.05,mixed,0.8
random_rater_cp,0.9623333333333334,0.8850769338855254,2.957,0.10533333333333333,0.0,2026086699,5,300,3000,5,0.5,0.1,0.05,mixed,0.8
naive_panel_cp,0.9163333333333333,0.8037223643510467,2.5436666666666667,0.17666666666666667,0.0,2026086699,5,300,3000,5,0.5,0.1,0.05,mixed,0.8
ptcp,1.0,0.9949998001193068,4.861666666666666,0.0,0.8616666666666667,2026086699,5,300,3000,5,0.5,0.1,0.05,mixed,0.8
ptcp_randomized,1.0,0.9949998001193068,4.861666666666666,0.0,0.8616666666666667,2026086699,5,300,3000,5,0.5,0.1,0.05,mixed,0.8
majority_cp,0.9113333333333333,0.8013812145431076,2.5073333333333334,0.198,0.0,2026091500,10,300,3000,5,0.5,0.1,0.05,mixed,0.8
random_rater_cp,0.973,0.9028268891306548,3.0023333333333335,0.1,0.0,2026091500,10,300,3000,5,0.5,0.1,0.05,mixed,0.8
naive_panel_cp,0.8963333333333333,0.780560792021333,2.4226666666666667,0.20233333333333334,0.0,2026091500,10,300,3000,5,0.5,0.1,0.05,mixed,0.8
ptcp,1.0,0.9949099692536864,4.864,0.0,0.864,2026091500,10,300,3000,5,0.5,0.1,0.05,mixed,0.8
ptcp_randomized,0.9993333333333333,0.9570009059511791,3.7746666666666666,0.0026666666666666666,0.0,2026091500,10,300,3000,5,0.5,0.1,0.05,mixed,0.8
majority_cp,0.9283333333333333,0.8214492959838211,2.6413333333333333,0.15866666666666668,0.0,2026091501,10,300,3000,5,0.5,0.1,0.05,mixed,0.8
random_rater_cp,0.9726666666666667,0.8990373784473795,3.041333333333333,0.093,0.0,2026091501,10,300,3000,5,0.5,0.1,0.05,mixed,0.8
naive_panel_cp,0.879,0.7424859425093534,2.301,0.20033333333333334,0.0,2026091501,10,300,3000,5,0.5,0.1,0.05,mixed,0.8
ptcp,1.0,0.9945727362940594,4.851,0.0,0.851,2026091501,10,300,3000,5,0.5,0.1,0.05,mixed,0.8
ptcp_randomized,1.0,0.9697359277312607,4.279333333333334,0.0,0.2793333333333333,2026091501,10,300,3000,5,0.5,0.1,0.05,mixed,0.8
majority_cp,0.9303333333333333,0.8258209633245915,2.586333333333333,0.19366666666666665,0.0,2026091502,10,300,3000,5,0.5,0.1,0.05,mixed,0.8
random_rater_cp,0.9756666666666667,0.9063656014856731,3.026,0.099,0.0,2026091502,10,300,3000,5,0.5,0.1,0.05,mixed,0.8
naive_panel_cp,0.8943333333333333,0.7708652324670278,2.3503333333333334,0.22433333333333333,0.0,2026091502,10,300,3000,5,0.5,0.1,0.05,mixed,0.8
ptcp,1.0,0.9955259567607548,4.856,0.0,0.856,2026091502,10,300,3000,5,0.5,0.1,0.05,mixed,0.8
ptcp_randomized,0.9996666666666667,0.9571031193554321,3.712666666666667,0.0033333333333333335,0.0,2026091502,10,300,3000,5,0.5,0.1,0.05,mixed,0.8
majority_cp,0.922,0.8174349075867721,2.6283333333333334,0.168,0.0,2026091503,10,300,3000,5,0.5,0.1,0.05,mixed,0.8
random_rater_cp,0.9633333333333334,0.8864409381634314,2.9663333333333335,0.11533333333333333,0.0,2026091503,10,300,3000,5,0.5,0.1,0.05,mixed,0.8
naive_panel_cp,0.8773333333333333,0.7448294690225272,2.3223333333333334,0.20466666666666666,0.0,2026091503,10,300,3000,5,0.5,0.1,0.05,mixed,0.8
ptcp,1.0,0.9949789542013647,4.856,0.0,0.856,2026091503,10,300,3000,5,0.5,0.1,0.05,mixed,0.8
ptcp_randomized,1.0,0.9613021223820349,4.060333333333333,0.0,0.060333333333333336,2026091503,10,300,3000,5,0.5,0.1,0.05,mixed,0.8
majority_cp,0.9386666666666666,0.8429598862700705,2.7056666666666667,0.16433333333333333,0.0,2026091504,10,300,3000,5,0.5,0.1,0.05,mixed,0.8
random_rater_cp,0.9653333333333334,0.891285460869836,2.978666666666667,0.106,0.0,2026091504,10,300,3000,5,0.5,0.1,0.05,mixed,0.8
naive_panel_cp,0.921,0.81220188559221,2.558666666666667,0.18866666666666668,0.0,2026091504,10,300,3000,5,0.5,0.1,0.05,mixed,0.8
ptcp,1.0,0.9949523602524138,4.860333333333333,0.0,0.8603333333333333,2026091504,10,300,3000,5,0.5,0.1,0.05,mixed,0.8
ptcp_randomized,0.9923333333333333,0.938500135160115,3.376,0.03133333333333333,0.0,2026091504,10,300,3000,5,0.5,0.1,0.05,mixed,0.8
majority_cp,0.9256666666666666,0.8269518658067154,2.657,0.16266666666666665,0.0,2026091505,10,300,3000,5,0.5,0.1,0.05,mixed,0.8
random_rater_cp,0.9566666666666667,0.876283606753457,2.888,0.12633333333333333,0.0,2026091505,10,300,3000,5,0.5,0.1,0.05,mixed,0.8
naive_panel_cp,0.8683333333333333,0.7373462654126909,2.2716666666666665,0.21933333333333332,0.0,2026091505,10,300,3000,5,0.5,0.1,0.05,mixed,0.8
ptcp,1.0,0.9949250553928489,4.856333333333334,0.0,0.8563333333333333,2026091505,10,300,3000,5,0.5,0.1,0.05,mixed,0.8
ptcp_randomized,0.996,0.9478871056855854,3.5016666666666665,0.017,0.0,2026091505,10,300,3000,5,0.5,0.1,0.05,mixed,0.8
majority_cp,0.9296666666666666,0.8200682664914087,2.6006666666666667,0.17933333333333334,0.0,2026091506,10,300,3000,5,0.5,0.1,0.05,mixed,0.8
random_rater_cp,0.986,0.9215656622730373,3.166333333333333,0.07066666666666667,0.0,2026091506,10,300,3000,5,0.5,0.1,0.05,mixed,0.8
naive_panel_cp,0.9176666666666666,0.8007298840053569,2.5223333333333335,0.18966666666666668,0.0,2026091506,10,300,3000,5,0.5,0.1,0.05,mixed,0.8
ptcp,1.0,0.9950235142971051,4.857333333333333,0.0,0.8573333333333333,2026091506,10,300,3000,5,0.5,0.1,0.05,mixed,0.8
ptcp_randomized,0.994,0.9402373788288476,3.3596666666666666,0.037,0.0,2026091506,10,300,3000,5,0.5,0.1,0.05,mixed,0.8
majority_cp,0.967,0.890219747532643,2.92,0.119,0.0,2026091507,10,300,3000,5,0.5,0.1,0.05,mixed,0.8
random_rater_cp,0.974,0.9033062257311651,3.013,0.09733333333333333,0.0,2026091507,10,300,3000,5,0.5,0.1,0.05,mixed,0.8
naive_panel_cp,0.929,0.8239303002677649,2.5886666666666667,0.18366666666666667,0.0,2026091507,10,300,3000,5,0.5,0.1,0.05,mixed,0.8
ptcp,1.0,0.9950035705467256,4.859,0.0,0.859,2026091507,10,300,3000,5,0.5,0.1,0.05,mixed,0.8
ptcp_randomized,1.0,0.9717815503620453,4.285666666666667,0.0,0.2856666666666667,2026091507,10,300,3000,5,0.5,0.1,0.05,mixed,0.8
majority_cp,0.94,0.8460714073121757,2.7176666666666667,0.15966666666666668,0.0,2026091508,10,300,3000,5,0.5,0.1,0.05,mixed,0.8
random_rater_cp,0.9673333333333334,0.8941352116404668,2.9803333333333333,0.111,0.0,2026091508,10,300,3000,5,0.5,0.1,0.05,mixed,0.8
naive_panel_cp,0.9253333333333333,0.8231349911971281,2.6,0.17933333333333334,0.0,2026091508,10,300,3000,5,0.5,0.1,0.05,mixed,0.8
ptcp,1.0,0.9957621600523126,4.861666666666666,0.0,0.8616666666666667,2026091508,10,300,3000,5,0.5,0.1,0.05,mixed,0.8
ptcp_randomized,0.9993333333333333,0.9566148912284962,3.6653333333333333,0.005666666666666667,0.0,2026091508,10,300,3000,5,0.5,0.1,0.05,mixed,0.8
majority_cp,0.944,0.852576784033112,2.747333333333333,0.15433333333333332,0.0,2026091509,10,300,3000,5,0.5,0.1,0.05,mixed,0.8
random_rater_cp,0.9666666666666667,0.8926855660683505,2.9663333333333335,0.10933333333333334,0.0,2026091509,10,300,3000,5,0.5,0.1,0.05,mixed,0.8
naive_panel_cp,0.9323333333333333,0.833430216712479,2.6576666666666666,0.171,0.0,2026091509,10,300,3000,5,0.5,0.1,0.05,mixed,0.8
ptcp,1.0,0.9950147979080315,4.857333333333333,0.0,0.8573333333333333,2026091509,10,300,3000,5,0.5,0.1,0.05,mixed,0.8
ptcp_randomized,0.9903333333333333,0.9343439227279963,3.2803333333333335,0.04733333333333333,0.0,2026091509,10,300,3000,5,0.5,0.1,0.05,mixed,0.8
majority_cp,0.9563333333333334,0.8661155837009757,2.796,0.15066666666666667,0.0,2026091510,10,300,3000,5,0.5,0.1,0.05,mixed,0.8
random_rater_cp,0.9646666666666667,0.8836487858747352,2.8973333333333335,0.126,0.0,2026091510,10,300,3000,5,0.5,0.1,0.05,mixed,0.8
naive_panel_cp,0.9113333333333333,0.7940256278497879,2.4716666666666667,0.19666666666666666,0.0,2026091510,10,300,3000,5,0.5,0.1,0.05,mixed,0.8
ptcp,1.0,0.995578810866763,4.870333333333333,0.0,0.8703333333333333,2026091510,10,300,3000,5,0.5,0.1,0.05,mixed,0.8
ptcp_randomized,0.9996666666666667,0.970276648189026,4.298,0.0,0.298,2026091510,10,300,3000,5,0.5,0.1,0.05,mixed,0.8
majority_cp,0.9293333333333333,0.8186172580038495,2.562,0.19033333333333333,0.0,2026091511,10,300,3000,5,0.5,0.1,0.05,mixed,0.8
random_rater_cp,0.9643333333333334,0.8859743878712547,2.922,0.122,0.0,2026091511,10,300,3000,5,0.5,0.1,0.05,mixed,0.8
naive_panel_cp,0.8853333333333333,0.7512520914799254,2.2816666666666667,0.22233333333333333,0.0,2026091511,10,300,3000,5,0.5,0.1,0.05,mixed,0.8
ptcp,0.9996666666666667,0.994846526719561,4.854666666666667,0.0,0.8546666666666667,2026091511,10,300,3000,5,0.5,0.1,0.05,mixed,0.8
ptcp_randomized,0.9963333333333333,0.952464786343047,3.5513333333333335,0.012,0.0,2026091511,10,300,3000,5,0.5,0.1,0.05,mixed,0.8
majority_cp,0.951,0.8532629725917372,2.74,0.16,0.0,2026091512,10,300,3000,5,0.5,0.1,0.05,mixed,0.8
random_rater_cp,0.962,0.873293636693524,2.839,0.136,0.0,2026091512,10,300,3000,5,0.5,0.1,0.05,mixed,0.8
naive_panel_cp,0.92,0.8031097590832704,2.507,0.19733333333333333,0.0,2026091512,10,300,3000,5,0.5,0.1,0.05,mixed,0.8
ptcp,1.0,0.99510603670471,4.857666666666667,0.0,0.8576666666666667,2026091512,10,300,3000,5,0.5,0.1,0.05,mixed,0.8
ptcp_randomized,0.9996666666666667,0.9549211817305886,3.6923333333333335,0.003,0.0,2026091512,10,300,3000,5,0.5,0.1,0.05,mixed,0.8
majority_cp,0.9463333333333334,0.855282791722978,2.7823333333333333,0.14566666666666667,0.0,2026091513,10,300,3000,5,0.5,0.1,0.05,mixed,0.8
random_rater_cp,0.985,0.9253643287084244,3.2063333333333333,0.06166666666666667,0.0,2026091513,10,300,3000,5,0.5,0.1,0.05,mixed,0.8
naive_panel_cp,0.9436666666666667,0.8496220917609681,2.7476666666666665,0.15333333333333332,0.0,2026091513,10,300,3000,5,0.5,0.1,0.05,mixed,0.8
ptcp,1.0,0.9952732083596344,4.860666666666667,0.0,0.8606666666666667,2026091513,10,300,3000,5,0.5,0.1,0.05,mixed,0.8
ptcp_randomized,0.996,0.94876622670225,3.5243333333333333,0.019,0.0,2026091513,10,300,3000,5,0.5,0.1,0.05,mixed,0.8
majority_cp,0.931,0.8289666702794268,2.6443333333333334,0.17,0.0,2026091514,10,300,3000,5,0.5,0.1,0.05,mixed,0.8
random_rater_cp,0.9813333333333333,0.9115571195332144,3.0593333333333335,0.092,0.0,2026091514,10,300,3000,5,0.5,0.1,0.05,mixed,0.8
naive_panel_cp,0.921,0.8134042788913396,2.5713333333333335,0.17866666666666667,0.0,2026091514,10,300,3000,5,0.5,0.1,0.05,mixed,0.8
ptcp,1.0,0.9952645877593062,4.854333333333333,0.0,0.8543333333333333,2026091514,10,300,3000,5,0.5,0.1,0.05,mixed,0.8
ptcp_randomized,0.9993333333333333,0.9554573810987076,3.669,0.0033333333333333335,0.0,2026091514,10,300,3000,5,0.5,0.1,0.05,mixed,0.8
majority_cp,0.9486666666666667,0.8562724005611211,2.7756666666666665,0.146,0.0,2026091515,10,300,3000,5,0.5,0.1,0.05,mixed,0.8
random_rater_cp,0.9776666666666667,0.9112356605124977,3.0976666666666666,0.085,0.0,2026091515,10,300,3000,5,0.5,0.1,0.05,mixed,0.8
naive_panel_cp,0.9103333333333333,0.7967381423201237,2.506,0.19066666666666668,0.0,2026091515,10,300,3000,5,0.5,0.1,0.05,mixed,0.8
ptcp,1.0,0.9952190989317862,4.862333333333333,0.0,0.8623333333333333,2026091515,10,300,3000,5,0.5,0.1,0.05,mixed,0.8
ptcp_randomized,0.9923333333333333,0.9414190888226817,3.389,0.036,0.0,2026091515,10,300,3000,5,0.5,0.1,0.05,mixed,0.8
majority_cp,0.944,0.8583708783494779,2.7523333333333335,0.14466666666666667,0.0,2026091516,10,300,3000,5,0.5,0.1,0.05,mixed,0.8
random_rater_cp,0.965,0.8943720565858989,2.9606666666666666,0.10566666666666667,0.0,2026091516,10,300,3000,5,0.5,0.1,0.05,mixed,0.8
naive_panel_cp,0.9036666666666666,0.7950910348063074,2.461,0.19466666666666665,0.0,2026091516,10,300,3000,5,0.5,0.1,0.05,mixed,0.8
ptcp,1.0,0.9962112021045868,4.866333333333333,0.0,0.8663333333333333,2026091516,10,300,3000,5,0.5,0.1,0.05,mixed,0.8
ptcp_randomized,1.0,0.9730688930859329,4.3053333333333335,0.0,0.30533333333333335,2026091516,10,300,3000,5,0.5,0.1,0.05,mixed,0.8
majority_cp,0.928,0.8200951448896001,2.58,0.17866666666666667,0.0,2026091517,10,300,3000,5,0.5,0.1,0.05,mixed,0.8
random_rater_cp,0.972,0.9005897710257028,3.0073333333333334,0.097,0.0,2026091517,10,300,3000,5,0.5,0.1,0.05,mixed,0.8
naive_panel_cp,0.9016666666666666,0.7755138015923206,2.375,0.21133333333333335,0.0,2026091517,10,300,3000,5,0.5,0.1,0.05,mixed,0.8
ptcp,1.0,0.9954931983117133,4.849666666666667,0.0,0.8496666666666667,2026091517,10,300,3000,5,0.5,0.1,0.05,mixed,0.8
ptcp_randomized,0.9986666666666667,0.9522009209745853,3.5516666666666667,0.011333333333333334,0.0,2026091517,10,300,3000,5,0.5,0.1,0.05,mixed,0.8
majority_cp,0.952,0.8592211228196678,2.7953333333333332,0.14833333333333334,0.0,2026091518,10,300,3000,5,0.5,0.1,0.05,mixed,0.8
random_rater_cp,0.983,0.9163919290319509,3.126333333333333,0.07533333333333334,0.0,2026091518,10,300,3000,5,0.5,0.1,0.05,mixed,0.8
naive_panel_cp,0.9296666666666666,0.8199473946055413,2.5953333333333335,0.187,0.0,2026091518,10,300,3000,5,0.5,0.1,0.05,mixed,0.8
ptcp,1.0,0.995048639277424,4.8613333333333335,0.0,0.8613333333333333,2026091518,10,300,3000,5,0.5,0.1,0.05,mixed,0.8
ptcp_randomized,1.0,0.995048639277424,4.8613333333333335,0.0,0.8613333333333333,2026091518,10,300,3000,5,0.5,0.1,0.05,mixed,0.8
majority_cp,0.936,0.840303712466531,2.6843333333333335,0.16233333333333333,0.0,2026091519,10,300,3000,5,0.5,0.1,0.05,mixed,0.8
random_rater_cp,0.9763333333333334,0.9086472571759344,3.0686666666666667,0.089,0.0,2026091519,10,300,3000,5,0.5,0.1,0.05,mixed,0.8
naive_panel_cp,0.894,0.7771872780138426,2.4006666666666665,0.20233333333333334,0.0,2026091519,10,300,3000,5,0.5,0.1,0.05,mixed,0.8
ptcp,1.0,0.9954196344726157,4.871333333333333,0.0,0.8713333333333333,2026091519,10,300,3000,5,0.5,0.1,0.05,mixed,0.8
ptcp_randomized,0.9963333333333333,0.9495359703626003,3.5046666666666666,0.017,0.0,2026091519,10,300,3000,5,0.5,0.1,0.05,mixed,0.8
majority_cp,0.9216666666666666,0.8172511306319987,2.594,0.18266666666666667,0.0,2026091520,10,300,3000,5,0.5,0.1,0.05,mixed,0.8
random_rater_cp,0.9586666666666667,0.8760232350931539,2.8646666666666665,0.133,0.0,2026091520,10,300,3000,5,0.5,0.1,0.05,mixed,0.8
naive_panel_cp,0.9026666666666666,0.7868988283776747,2.461333333333333,0.20066666666666666,0.0,2026091520,10,300,3000,5,0.5,0.1,0.05,mixed,0.8
ptcp,1.0,0.9943431621672532,4.849666666666667,0.0,0.8496666666666667,2026091520,10,300,3000,5,0.5,0.1,0.05,mixed,0.8
ptcp_randomized,0.997,0.9508153879086103,3.564,0.008,0.0,2026091520,10,300,3000,5,0.5,0.1,0.05,mixed,0.8
majority_cp,0.9306666666666666,0.8360057961243389,2.667333333333333,0.16366666666666665,0.0,2026091521,10,300,3000,5,0.5,0.1,0.05,mixed,0.8
random_rater_cp,0.977,0.9104105820235604,3.066333333333333,0.089,0.0,2026091521,10,300,3000,5,0.5,0.1,0.05,mixed,0.8
naive_panel_cp,0.8953333333333333,0.7816172057979791,2.4283333333333332,0.19133333333333333,0.0,2026091521,10,300,3000,5,0.5,0.1,0.05,mixed,0.8
ptcp,0.9996666666666667,0.9957646719525454,4.8646666666666665,0.0,0.8646666666666667,2026091521,10,300,3000,5,0.5,0.1,0.05,mixed,0.8
ptcp_randomized,0.9986666666666667,0.9526631547832828,3.5716666666666668,0.013333333333333334,0.0,2026091521,10,300,3000,5,0.5,0.1,0.05,mixed,0.8
majority_cp,0.943,0.8435430090153289,2.7063333333333333,0.16333333333333333,0.0,2026091522,10,300,3000,5,0.5,0.1,0.05,mixed,0.8
random_rater_cp,0.9723333333333334,0.9001458945379411,3.030666666666667,0.09266666666666666,0.0,2026091522,10,300,3000,5,0.5,0.1,0.05,mixed,0.8
naive_panel_cp,0.9143333333333333,0.7965670692126169,2.497,0.19266666666666668,0.0,2026091522,10,300,3000,5,0.5,0.1,0.05,mixed,0.8
ptcp,1.0,0.9951585948438993,4.855333333333333,0.0,0.8553333333333333,2026091522,10,300,3000,5,0.5,0.1,0.05,mixed,0.8
ptcp_randomized,1.0,0.9706066348501542,4.292333333333334,0.0,0.29233333333333333,2026091522,10,300,3000,5,0.5,0.1,0.05,mixed,0.8
majority_cp,0.944,0.8508407656316013,2.7743333333333333,0.14866666666666667,0.0,2026091523,10,300,3000,5,0.5,0.1,0.05,mixed,0.8
random_rater_cp,0.9803333333333333,0.9138168023709712,3.1366666666666667,0.08,0.0,2026091523,10,300,3000,5,0.5,0.1,0.05,mixed,0.8
naive_panel_cp,0.9066666666666666,0.7848097856285358,2.4546666666666668,0.198,0.0,2026091523,10,300,3000,5,0.5,0.1,0.05,mixed,0.8
ptcp,1.0,0.995222920762654,4.860666666666667,0.0,0.8606666666666667,2026091523,10,300,3000,5,0.5,0.1,0.05,mixed,0.8
ptcp_randomized,0.9996666666666667,0.9532869030800305,3.6353333333333335,0.008666666666666666,0.0,2026091523,10,300,3000,5,0.5,0.1,0.05,mixed,0.8
majority_cp,0.9443333333333334,0.8492705923525815,2.7376666666666667,0.14733333333333334,0.0,2026091524,10,300,3000,5,0.5,0.1,0.05,mixed,0.8
random_rater_cp,0.9843333333333333,0.9188024253136079,3.158,0.06666666666666667,0.0,2026091524,10,300,3000,5,0.5,0.1,0.05,mixed,0.8
naive_panel_cp,0.9063333333333333,0.7866378577395947,2.4593333333333334,0.18433333333333332,0.0,2026091524,10,300,3000,5,0.5,0.1,0.05,mixed,0.8
ptcp,1.0,0.99531029122573,4.8533333333333335,0.0,0.8533333333333334,2026091524,10,300,3000,5,0.5,0.1,0.05,mixed,0.8
ptcp_randomized,1.0,0.9716317744293239,4.282,0.0,0.282,2026091524,10,300,3000,5,0.5,0.1,0.05,mixed,0.8
majority_cp,0.9363333333333334,0.833845693146119,2.666333333333333,0.16766666666666666,0.0,2026091525,10,300,3000,5,0.5,0.1,0.05,mixed,0.8
random_rater_cp,0.9433333333333334,0.8483729899570811,2.736666666666667,0.15733333333333333,0.0,2026091525,10,300,3000,5,0.5,0.1,0.05,mixed,0.8
naive_panel_cp,0.882,0.7501447158706155,2.304,0.22066666666666668,0.0,2026091525,10,300,3000,5,0.5,0.1,0.05,mixed,0.8
ptcp,1.0,0.9947872409615987,4.856,0.0,0.856,2026091525,10,300,3000,5,0.5,0.1,0.05,mixed,0.8
ptcp_randomized,1.0,0.9947872409615987,4.856,0.0,0.856,2026091525,10,300,3000,5,0.5,0.1,0.05,mixed,0.8
majority_cp,0.9383333333333334,0.8340363110507703,2.647666666666667,0.16933333333333334,0.0,2026091526,10,300,3000,5,0.5,0.1,0.05,mixed,0.8
random_rater_cp,0.9786666666666667,0.9145181311545134,3.129,0.08133333333333333,0.0,2026091526,10,300,3000,5,0.5,0.1,0.05,mixed,0.8
naive_panel_cp,0.893,0.7644477258388916,2.361,0.20166666666666666,0.0,2026091526,10,300,3000,5,0.5,0.1,0.05,mixed,0.8
ptcp,1.0,0.9950899104475055,4.868,0.0,0.868,2026091526,10,300,3000,5,0.5,0.1,0.05,mixed,0.8
ptcp_randomized,1.0,0.9709556762874233,4.29,0.0,0.29,2026091526,10,300,3000,5,0.5,0.1,0.05,mixed,0.8
majority_cp,0.954,0.8720621642590574,2.8726666666666665,0.12266666666666666,0.0,2026091527,10,300,3000,5,0.5,0.1,0.05,mixed,0.8
random_rater_cp,0.96,0.8819639498712974,2.924,0.114,0.0,2026091527,10,300,3000,5,0.5,0.1,0.05,mixed,0.8
naive_panel_cp,0.9203333333333333,0.8167811267173295,2.5976666666666666,0.17333333333333334,0.0,2026091527,10,300,3000,5,0.5,0.1,0.05,mixed,0.8
ptcp,1.0,0.9950646167245598,4.8486666666666665,0.0,0.8486666666666667,2026091527,10,300,3000,5,0.5,0.1,0.05,mixed,0.8
ptcp_randomized,0.998,0.9512269127100303,3.584,0.011333333333333334,0.0,2026091527,10,300,3000,5,0.5,0.1,0.05,mixed,0.8
majority_cp,0.9446666666666667,0.8396862947447177,2.6733333333333333,0.169,0.0,2026091528,10,300,3000,5,0.5,0.1,0.05,mixed,0.8
random_rater_cp,0.964,0.8796655009815353,2.885666666666667,0.12633333333333333,0.0,2026091528,10,300,3000,5,0.5,0.1,0.05,mixed,0.8
naive_panel_cp,0.906,0.7769264218729464,2.4076666666666666,0.21166666666666667,0.0,2026091528,10,300,3000,5,0.5,0.1,0.05,mixed,0.8
ptcp,1.0,0.9944597268319613,4.855333333333333,0.0,0.8553333333333333,2026091528,10,300,3000,5,0.5,0.1,0.05,mixed,0.8
ptcp_randomized,0.9936666666666667,0.9429880353540715,3.433,0.023333333333333334,0.0,2026091528,10,300,3000,5,0.5,0.1,0.05,mixed,0.8
majority_cp,0.9263333333333333,0.8246198690960512,2.64,0.168,0.0,2026091529,10,300,3000,5,0.5,0.1,0.05,mixed,0.8
random_rater_cp,0.9716666666666667,0.9022522260965307,3.054666666666667,0.08866666666666667,0.0,2026091529,10,300,3000,5,0.5,0.1,0.05,mixed,0.8
naive_panel_cp,0.8863333333333333,0.7601068524007035,2.3623333333333334,0.20733333333333334,0.0,2026091529,10,300,3000,5,0.5,0.1,0.05,mixed,0.8
ptcp,1.0,0.9957948950975352,4.857,0.0,0.857,2026091529,10,300,3000,5,0.5,0.1,0.05,mixed,0.8
ptcp_randomized,0.9946666666666667,0.9448837244594269,3.4696666666666665,0.024666666666666667,0.0,2026091529,10,300,3000,5,0.5,0.1,0.05,mixed,0.8
majority_cp,0.9666666666666667,0.8816846193865389,2.918,0.12333333333333334,0.0,2026091530,10,300,3000,5,0.5,0.1,0.05,mixed,0.8
random_rater_cp,0.9743333333333334,0.89566098191825,2.999,0.106,0.0,2026091530,10,300,3000,5,0.5,0.1,0.05,mixed,0.8
naive_panel_cp,0.9126666666666666,0.7828624273999302,2.4313333333333333,0.20033333333333334,0.0,2026091530,10,300,3000,5,0.5,0.1,0.05,mixed,0.8
ptcp,1.0,0.9942494976084508,4.859333333333334,0.0,0.8593333333333333,2026091530,10,300,3000,5,0.5,0.1,0.05,mixed,0.8
ptcp_randomized,1.0,0.9697218076513079,4.285666666666667,0.0,0.2856666666666667,2026091530,10,300,3000,5,0.5,0.1,0.05,mixed,0.8
majority_cp,0.9246666666666666,0.8155416700928098,2.6126666666666667,0.16333333333333333,0.0,2026091531,10,300,3000,5,0.5,0.1,0.05,mixed,0.8
random_rater_cp,0.9726666666666667,0.8999792427274397,3.035,0.09633333333333334,0.0,2026091531,10,300,3000,5,0.5,0.1,0.05,mixed,0.8
naive_panel_cp,0.9073333333333333,0.7841826535331935,2.466666666666667,0.18933333333333333,0.0,2026091531,10,300,3000,5,0.5,0.1,0.05,mixed,0.8
ptcp,1.0,0.9960092266990366,4.865,0.0,0.865,2026091531,10,300,3000,5,0.5,0.1,0.05,mixed,0.8
ptcp_randomized,1.0,0.9641210882370577,4.056666666666667,0.0,0.056666666666666664,2026091531,10,300,3000,5,0.5,0.1,0.05,mixed,0.8
majority_cp,0.9443333333333334,0.8493119330728804,2.7396666666666665,0.14966666666666667,0.0,2026091532,10,300,3000,5,0.5,0.1,0.05,mixed,0.8
random_rater_cp,0.971,0.8989776814351056,3.022666666666667,0.09,0.0,2026091532,10,300,3000,5,0.5,0.1,0.05,mixed,0.8
naive_panel_cp,0.907,0.7857472805056447,2.4556666666666667,0.18833333333333332,0.0,2026091532,10,300,3000,5,0.5,0.1,0.05,mixed,0.8
ptcp,1.0,0.9955961784720957,4.860666666666667,0.0,0.8606666666666667,2026091532,10,300,3000,5,0.5,0.1,0.05,mixed,0.8
ptcp_randomized,1.0,0.9707884196277506,4.286666666666667,0.0,0.2866666666666667,2026091532,10,300,3000,5,0.5,0.1,0.05,mixed,0.8
majority_cp,0.938,0.8423813707865568,2.726,0.15433333333333332,0.0,2026091533,10,300,3000,5,0.5,0.1,0.05,mixed,0.8
random_rater_cp,0.963,0.8874765685162244,2.96,0.11033333333333334,0.0,2026091533,10,300,3000,5,0.5,0.1,0.05,mixed,0.8
naive_panel_cp,0.907,0.7863076995440367,2.459,0.20033333333333334,0.0,2026091533,10,300,3000,5,0.5,0.1,0.05,mixed,0.8
ptcp,1.0,0.9944360964248777,4.847333333333333,0.0,0.8473333333333334,2026091533,10,300,3000,5,0.5,0.1,0.05,mixed,0.8
ptcp_randomized,0.9973333333333333,0.9527770983404069,3.648,0.006333333333333333,0.0,2026091533,10,300,3000,5,0.5,0.1,0.05,mixed,0.8
majority_cp,0.965,0.8860326979774497,2.921333333333333,0.117,0.0,2026091534,10,300,3000,5,0.5,0.1,0.05,mixed,0.8
random_rater_cp,0.99,0.9334310043269597,3.2743333333333333,0.04566666666666667,0.0,2026091534,10,300,3000,5,0.5,0.1,0.05,mixed,0.8
naive_panel_cp,0.9006666666666666,0.77548360636303,2.404,0.20233333333333334,0.0,2026091534,10,300,3000,5,0.5,0.1,0.05,mixed,0.8
ptcp,1.0,0.9951835279963616,4.861666666666666,0.0,0.8616666666666667,2026091534,10,300,3000,5,0.5,0.1,0.05,mixed,0.8
ptcp_randomized,1.0,0.9720022328171845,4.300333333333334,0.0,0.30033333333333334,2026091534,10,300,3000,5,0.5,0.1,0.05,mixed,0.8
majority_cp,0.944,0.8498708981082558,2.72,0.15533333333333332,0.0,2026091535,10,300,3000,5,0.5,0.1,0.05,mixed,0.8
random_rater_cp,0.976,0.9056169274843475,3.032,0.09366666666666666,0.0,2026091535,10,300,3000,5,0.5,0.1,0.05,mixed,0.8
naive_panel_cp,0.9346666666666666,0.8334451403469593,2.634,0.16933333333333334,0.0,2026091535,10,300,3000,5,0.5,0.1,0.05,mixed,0.8
ptcp,1.0,0.9950406990280589,4.858666666666666,0.0,0.8586666666666667,2026091535,10,300,3000,5,0.5,0.1,0.05,mixed,0.8
ptcp_randomized,1.0,0.9711686723257793,4.292666666666666,0.0,0.2926666666666667,2026091535,10,300,3000,5,0.5,0.1,0.05,mixed,0.8
majority_cp,0.932,0.8283794053670623,2.6153333333333335,0.17333333333333334,0.0,2026091536,10,300,3000,5,0.5,0.1,0.05,mixed,0.8
random_rater_cp,0.9846666666666667,0.9245066339118235,3.198,0.06733333333333333,0.0,2026091536,10,300,3000,5,0.5,0.1,0.05,mixed,0.8
naive_panel_cp,0.9283333333333333,0.8211319718824697,2.573,0.18166666666666667,0.0,2026091536,10,300,3000,5,0.5,0.1,0.05,mixed,0.8
ptcp,1.0,0.9951530060815494,4.852,0.0,0.852,2026091536,10,300,3000,5,0.5,0.1,0.05,mixed,0.8
ptcp_randomized,1.0,0.9632429542924056,4.059666666666667,0.0,0.059666666666666666,2026091536,10,300,3000,5,0.5,0.1,0.05,mixed,0.8
majority_cp,0.9266666666666666,0.8259713480971613,2.5976666666666666,0.16866666666666666,0.0,2026091537,10,300,3000,5,0.5,0.1,0.05,mixed,0.8
random_rater_cp,0.9766666666666667,0.9145881860444576,3.0886666666666667,0.08466666666666667,0.0,2026091537,10,300,3000,5,0.5,0.1,0.05,mixed,0.8
naive_panel_cp,0.9036666666666666,0.7873681579814681,2.4153333333333333,0.199,0.0,2026091537,10,300,3000,5,0.5,0.1,0.05,mixed,0.8
ptcp,1.0,0.9953060055240414,4.852666666666667,0.0,0.8526666666666667,2026091537,10,300,3000,5,0.5,0.1,0.05,mixed,0.8
ptcp_randomized,1.0,0.9953060055240414,4.852666666666667,0.0,0.8526666666666667,2026091537,10,300,3000,5,0.5,0.1,0.05,mixed,0.8
majority_cp,0.9556666666666667,0.8676397524524219,2.8343333333333334,0.138,0.0,2026091538,10,300,3000,5,0.5,0.1,0.05,mixed,0.8
random_rater_cp,0.984,0.9210382191448123,3.179333333333333,0.07533333333333334,0.0,2026091538,10,300,3000,5,0.5,0.1,0.05,mixed,0.8
naive_panel_cp,0.924,0.8107824505141099,2.550333333333333,0.17666666666666667,0.0,2026091538,10,300,3000,5,0.5,0.1,0.05,mixed,0.8
ptcp,1.0,0.9951239804067201,4.863666666666667,0.0,0.8636666666666667,2026091538,10,300,3000,5,0.5,0.1,0.05,mixed,0.8
ptcp_randomized,0.9996666666666667,0.9570947194707567,3.7323333333333335,0.001,0.0,2026091538,10,300,3000,5,0.5,0.1,0.05,mixed,0.8
majority_cp,0.962,0.8807718954154246,2.9113333333333333,0.117,0.0,2026091539,10,300,3000,5,0.5,0.1,0.05,mixed,0.8
random_rater_cp,0.9856666666666667,0.9274285126770868,3.2596666666666665,0.052333333333333336,0.0,2026091539,10,300,3000,5,0.5,0.1,0.05,mixed,0.8
naive_panel_cp,0.9243333333333333,0.810794409040766,2.566,0.17933333333333334,0.0,2026091539,10,300,3000,5,0.5,0.1,0.05,mixed,0.8
ptcp,1.0,0.9953170965054626,4.85,0.0,0.85,2026091539,10,300,3000,5,0.5,0.1,0.05,mixed,0.8
ptcp_randomized,0.997,0.9504146088643083,3.604,0.009666666666666667,0.0,2026091539,10,300,3000,5,0.5,0.1,0.05,mixed,0.8
majority_cp,0.9223333333333333,0.8195847474760625,2.617,0.168,0.0,2026091540,10,300,3000,5,0.5,0.1,0.05,mixed,0.8
random_rater_cp,0.9756666666666667,0.909275780645891,3.092,0.07433333333333333,0.0,2026091540,10,300,3000,5,0.5,0.1,0.05,mixed,0.8
naive_panel_cp,0.906,0.7926214877091026,2.490666666666667,0.18533333333333332,0.0,2026091540,10,300,3000,5,0.5,0.1,0.05,mixed,0.8
ptcp,1.0,0.9954914577773766,4.855333333333333,0.0,0.8553333333333333,2026091540,10,300,3000,5,0.5,0.1,0.05,mixed,0.8
ptcp_randomized,0.9976666666666667,0.954866292983245,3.655666666666667,0.008,0.0,2026091540,10,300,3000,5,0.5,0.1,0.05,mixed,0.8
majority_cp,0.9323333333333333,0.8400496239078136,2.675666666666667,0.154,0.0,2026091541,10,300,3000,5,0.5,0.1,0.05,mixed,0.8
random_rater_cp,0.9563333333333334,0.8817586113093339,2.8933333333333335,0.118,0.0,2026091541,10,300,3000,5,0.5,0.1,0.05,mixed,0.8
naive_panel_cp,0.9076666666666666,0.7981508667342473,2.4876666666666667,0.19033333333333333,0.0,2026091541,10,300,3000,5,0.5,0.1,0.05,mixed,0.8
ptcp,1.0,0.9953050877150128,4.860333333333333,0.0,0.8603333333333333,2026091541,10,300,3000,5,0.5,0.1,0.05,mixed,0.8
ptcp_randomized,1.0,0.9583321141845627,3.7396666666666665,0.0023333333333333335,0.0,2026091541,10,300,3000,5,0.5,0.1,0.05,mixed,0.8
majority_cp,0.9426666666666667,0.8481396524048032,2.755,0.14966666666666667,0.0,2026091542,10,300,3000,5,0.5,0.1,0.05,mixed,0.8
random_rater_cp,0.9783333333333334,0.9112155411528952,3.1006666666666667,0.08166666666666667,0.0,2026091542,10,300,3000,5,0.5,0.1,0.05,mixed,0.8
naive_panel_cp,0.9053333333333333,0.78352884765573,2.446,0.198,0.0,2026091542,10,300,3000,5,0.5,0.1,0.05,mixed,0.8
ptcp,1.0,0.9950857455510738,4.861,0.0,0.861,2026091542,10,300,3000,5,0.5,0.1,0.05,mixed,0.8
ptcp_randomized,0.9996666666666667,0.9543317815201393,3.624,0.007333333333333333,0.0,2026091542,10,300,3000,5,0.5,0.1,0.05,mixed,0.8
majority_cp,0.927,0.8260444690710742,2.6533333333333333,0.16566666666666666,0.0,2026091543,10,300,3000,5,0.5,0.1,0.05,mixed,0.8
random_rater_cp,0.9733333333333334,0.9023316604952649,3.050666666666667,0.091,0.0,2026091543,10,300,3000,5,0.5,0.1,0.05,mixed,0.8
naive_panel_cp,0.914,0.8019318359604816,2.544,0.18133333333333335,0.0,2026091543,10,300,3000,5,0.5,0.1,0.05,mixed,0.8
ptcp,1.0,0.9953046947511254,4.85,0.0,0.85,2026091543,10,300,3000,5,0.5,0.1,0.05,mixed,0.8
ptcp_randomized,0.9986666666666667,0.9528944618340135,3.635,0.006333333333333333,0.0,2026091543,10,300,3000,5,0.5,0.1,0.05,mixed,0.8
majority_cp,0.941,0.8486289083479365,2.7323333333333335,0.15166666666666667,0.0,2026091544,10,300,3000,5,0.5,0.1,0.05,mixed,0.8
random_rater_cp,0.9766666666666667,0.9124478404875855,3.0933333333333333,0.081,0.0,2026091544,10,300,3000,5,0.5,0.1,0.05,mixed,0.8
naive_panel_cp,0.9263333333333333,0.816752941204427,2.571,0.17766666666666667,0.0,2026091544,10,300,3000,5,0.5,0.1,0.05,mixed,0.8
ptcp,1.0,0.995253372112113,4.86,0.0,0.86,2026091544,10,300,3000,5,0.5,0.1,0.05,mixed,0.8
ptcp_randomized,0.9976666666666667,0.9515014177051718,3.577,0.010333333333333333,0.0,2026091544,10,300,3000,5,0.5,0.1,0.05,mixed,0.8
majority_cp,0.9523333333333334,0.86197725342891,2.7983333333333333,0.142,0.0,2026091545,10,300,3000,5,0.5,0.1,0.05,mixed,0.8
random_rater_cp,0.9826666666666667,0.9193904269202448,3.1643333333333334,0.06466666666666666,0.0,2026091545,10,300,3000,5,0.5,0.1,0.05,mixed,0.8
naive_panel_cp,0.9153333333333333,0.7941617206740254,2.4756666666666667,0.19733333333333333,0.0,2026091545,10,300,3000,5,0.5,0.1,0.05,mixed,0.8
ptcp,1.0,0.9951826112643848,4.866666666666666,0.0,0.8666666666666667,2026091545,10,300,3000,5,0.5,0.1,0.05,mixed,0.8
ptcp_randomized,1.0,0.9951826112643848,4.866666666666666,0.0,0.8666666666666667,2026091545,10,300,3000,5,0.5,0.1,0.05,mixed,0.8
majority_cp,0.956,0.8732703402469763,2.8746666666666667,0.12766666666666668,0.0,2026091546,10,300,3000,5,0.5,0.1,0.05,mixed,0.8
random_rater_cp,0.9793333333333333,0.9154774191465397,3.121,0.08033333333333334,0.0,2026091546,10,300,3000,5,0.5,0.1,0.05,mixed,0.8
naive_panel_cp,0.9243333333333333,0.8117096320781196,2.5553333333333335,0.185,0.0,2026091546,10,300,3000,5,0.5,0.1,0.05,mixed,0.8
ptcp,1.0,0.9948283142183789,4.857333333333333,0.0,0.8573333333333333,2026091546,10,300,3000,5,0.5,0.1,0.05,mixed,0.8
ptcp_randomized,0.9996666666666667,0.9622352023796391,4.055666666666666,0.0,0.05566666666666667,2026091546,10,300,3000,5,0.5,0.1,0.05,mixed,0.8
majority_cp,0.9596666666666667,0.8751445843659894,2.8556666666666666,0.13233333333333333,0.0,2026091547,10,300,3000,5,0.5,0.1,0.05,mixed,0.8
random_rater_cp,0.9826666666666667,0.9166436562063917,3.0946666666666665,0.086,0.0,2026091547,10,300,3000,5,0.5,0.1,0.05,mixed,0.8
naive_panel_cp,0.9153333333333333,0.8047097254601517,2.5263333333333335,0.185,0.0,2026091547,10,300,3000,5,0.5,0.1,0.05,mixed,0.8
ptcp,1.0,0.9949405459894615,4.852666666666667,0.0,0.8526666666666667,2026091547,10,300,3000,5,0.5,0.1,0.05,mixed,0.8
ptcp_randomized,0.999,0.9563710640100435,3.6466666666666665,0.007666666666666666,0.0,2026091547,10,300,3000,5,0.5,0.1,0.05,mixed,0.8
majority_cp,0.9273333333333333,0.8210088458134439,2.583666666666667,0.18266666666666667,0.0,2026091548,10,300,3000,5,0.5,0.1,0.05,mixed,0.8
random_rater_cp,0.9593333333333334,0.8781366325710693,2.8676666666666666,0.129,0.0,2026091548,10,300,3000,5,0.5,0.1,0.05,mixed,0.8
naive_panel_cp,0.9086666666666666,0.7864530585208817,2.421666666666667,0.21766666666666667,0.0,2026091548,10,300,3000,5,0.5,0.1,0.05,mixed,0.8
ptcp,1.0,0.9946222595661502,4.855333333333333,0.0,0.8553333333333333,2026091548,10,300,3000,5,0.5,0.1,0.05,mixed,0.8
ptcp_randomized,1.0,0.9582606458538557,3.8016666666666667,0.0006666666666666666,0.0,2026091548,10,300,3000,5,0.5,0.1,0.05,mixed,0.8
majority_cp,0.9223333333333333,0.8144346199859708,2.578333333333333,0.17966666666666667,0.0,2026091549,10,300,3000,5,0.5,0.1,0.05,mixed,0.8
random_rater_cp,0.9733333333333334,0.9040866140359795,3.043,0.095,0.0,2026091549,10,300,3000,5,0.5,0.1,0.05,mixed,0.8
naive_panel_cp,0.888,0.7613403964293757,2.361,0.20133333333333334,0.0,2026091549,10,300,3000,5,0.5,0.1,0.05,mixed,0.8
ptcp,1.0,0.9939878612765772,4.8486666666666665,0.0,0.8486666666666667,2026091549,10,300,3000,5,0.5,0.1,0.05,mixed,0.8
ptcp_randomized,0.994,0.9407187853149571,3.378,0.035,0.0,2026091549,10,300,3000,5,0.5,0.1,0.05,mixed,0.8
majority_cp,0.9123333333333333,0.8029167510067091,2.5176666666666665,0.188,0.0,2026091550,10,300,3000,5,0.5,0.1,0.05,mixed,0.8
random_rater_cp,0.948,0.8678754620753001,2.837,0.12766666666666668,0.0,2026091550,10,300,3000,5,0.5,0.1,0.05,mixed,0.8
naive_panel_cp,0.8836666666666667,0.7583515039426049,2.3236666666666665,0.211,0.0,2026091550,10,300,3000,5,0.5,0.1,0.05,mixed,0.8
ptcp,1.0,0.9955871221861798,4.853,0.0,0.853,2026091550,10,300,3000,5,0.5,0.1,0.05,mixed,0.8
ptcp_randomized,0.996,0.949649854261738,3.509,0.01633333333333333,0.0,2026091550,10,300,3000,5,0.5,0.1,0.05,mixed,0.8
majority_cp,0.935,0.8452603119049765,2.7316666666666665,0.16033333333333333,0.0,2026091551,10,300,3000,5,0.5,0.1,0.05,mixed,0.8
random_rater_cp,0.9666666666666667,0.8966506455246016,2.992,0.10666666666666667,0.0,2026091551,10,300,3000,5,0.5,0.1,0.05,mixed,0.8
naive_panel_cp,0.905,0.7955821529962739,2.5073333333333334,0.19666666666666666,0.0,2026091551,10,300,3000,5,0.5,0.1,0.05,mixed,0.8
ptcp,1.0,0.9948044240619762,4.851666666666667,0.0,0.8516666666666667,2026091551,10,300,3000,5,0.5,0.1,0.05,mixed,0.8
ptcp_randomized,0.9996666666666667,0.9722590318731712,4.284666666666666,0.0,0.2846666666666667,2026091551,10,300,3000,5,0.5,0.1,0.05,mixed,0.8
majority_cp,0.9413333333333334,0.8386284297120906,2.6626666666666665,0.17066666666666666,0.0,2026091552,10,300,3000,5,0.5,0.1,0.05,mixed,0.8
random_rater_cp,0.962,0.8766517057186005,2.860333333333333,0.133,0.0,2026091552,10,300,3000,5,0.5,0.1,0.05,mixed,0.8
naive_panel_cp,0.9263333333333333,0.8139063775721247,2.550333333333333,0.18833333333333332,0.0,2026091552,10,300,3000,5,0.5,0.1,0.05,mixed,0.8
ptcp,1.0,0.9957554879662341,4.868333333333333,0.0,0.8683333333333333,2026091552,10,300,3000,5,0.5,0.1,0.05,mixed,0.8
ptcp_randomized,1.0,0.9607006665123757,3.8826666666666667,0.0,0.0,2026091552,10,300,3000,5,0.5,0.1,0.05,mixed,0.8
majority_cp,0.9426666666666667,0.8507714021295681,2.7263333333333333,0.16366666666666665,0.0,2026091553,10,300,3000,5,0.5,0.1,0.05,mixed,0.8
random_rater_cp,0.9826666666666667,0.9229697284132684,3.1553333333333335,0.07266666666666667,0.0,2026091553,10,300,3000,5,0.5,0.1,0.05,mixed,0.8
naive_panel_cp,0.9106666666666666,0.7958538188014911,2.47,0.20833333333333334,0.0,2026091553,10,300,3000,5,0.5,0.1,0.05,mixed,0.8
ptcp,1.0,0.9951610019790295,4.851,0.0,0.851,2026091553,10,300,3000,5,0.5,0.1,0.05,mixed,0.8
ptcp_randomized,1.0,0.9640948250339949,4.06,0.0,0.06,2026091553,10,300,3000,5,0.5,0.1,0.05,mixed,0.8
majority_cp,0.9416666666666667,0.8579851029052316,2.79,0.149,0.0,2026091554,10,300,3000,5,0.5,0.1,0.05,mixed,0.8
random_rater_cp,0.971,0.9075838908561525,3.0676666666666668,0.09333333333333334,0.0,2026091554,10,300,3000,5,0.5,0.1,0.05,mixed,0.8
naive_panel_cp,0.908,0.7996686397842975,2.513333333333333,0.186,0.0,2026091554,10,300,3000,5,0.5,0.1,0.05,mixed,0.8
ptcp,0.9996666666666667,0.99478827974603,4.847666666666667,0.0,0.8476666666666667,2026091554,10,300,3000,5,0.5,0.1,0.05,mixed,0.8
ptcp_randomized,0.9996666666666667,0.99478827974603,4.847666666666667,0.0,0.8476666666666667,2026091554,10,300,3000,5,0.5,0.1,0.05,mixed,0.8
majority_cp,0.9323333333333333,0.8217802643762377,2.619,0.17,0.0,2026091555,10,300,3000,5,0.5,0.1,0.05,mixed,0.8
random_rater_cp,0.9793333333333333,0.9049585494136836,3.053,0.09233333333333334,0.0,2026091555,10,300,3000,5,0.5,0.1,0.05,mixed,0.8
naive_panel_cp,0.8843333333333333,0.750997747490022,2.3143333333333334,0.214,0.0,2026091555,10,300,3000,5,0.5,0.1,0.05,mixed,0.8
ptcp,1.0,0.9946112459886168,4.852,0.0,0.852,2026091555,10,300,3000,5,0.5,0.1,0.05,mixed,0.8
ptcp_randomized,0.9986666666666667,0.9485465185395491,3.4903333333333335,0.015,0.0,2026091555,10,300,3000,5,0.5,0.1,0.05,mixed,0.8
majority_cp,0.9436666666666667,0.8579510101499137,2.778,0.14266666666666666,0.0,2026091556,10,300,3000,5,0.5,0.1,0.05,mixed,0.8
random_rater_cp,0.9743333333333334,0.9133406610682411,3.1203333333333334,0.07966666666666666,0.0,2026091556,10,300,3000,5,0.5,0.1,0.05,mixed,0.8
naive_panel_cp,0.8816666666666667,0.7572858950765711,2.323,0.215,0.0,2026091556,10,300,3000,5,0.5,0.1,0.05,mixed,0.8
ptcp,1.0,0.9952387283214452,4.859,0.0,0.859,2026091556,10,300,3000,5,0.5,0.1,0.05,mixed,0.8
ptcp_randomized,1.0,0.973013022646876,4.309333333333333,0.0,0.30933333333333335,2026091556,10,300,3000,5,0.5,0.1,0.05,mixed,0.8
majority_cp,0.9243333333333333,0.8181286463734347,2.6113333333333335,0.16766666666666666,0.0,2026091557,10,300,3000,5,0.5,0.1,0.05,mixed,0.8
random_rater_cp,0.9756666666666667,0.9053000539646892,3.06,0.08733333333333333,0.0,2026091557,10,300,3000,5,0.5,0.1,0.05,mixed,0.8
naive_panel_cp,0.9146666666666666,0.8028818834286934,2.545,0.17633333333333334,0.0,2026091557,10,300,3000,5,0.5,0.1,0.05,mixed,0.8
ptcp,0.9996666666666667,0.9722448242217345,4.299,0.0,0.299,2026091557,10,300,3000,5,0.5,0.1,0.05,mixed,0.8
ptcp_randomized,0.9956666666666667,0.9478931105889787,3.4776666666666665,0.015666666666666666,0.0,2026091557,10,300,3000,5,0.5,0.1,0.05,mixed,0.8
majority_cp,0.947,0.8522911775824001,2.7426666666666666,0.154,0.0,2026091558,10,300,3000,5,0.5,0.1,0.05,mixed,0.8
random_rater_cp,0.9796666666666667,0.9129727005588456,3.102,0.08233333333333333,0.0,2026091558,10,300,3000,5,0.5,0.1,0.05,mixed,0.8
naive_panel_cp,0.9243333333333333,0.8164511865440727,2.5856666666666666,0.181,0.0,2026091558,10,300,3000,5,0.5,0.1,0.05,mixed,0.8
ptcp,1.0,0.9949297270569996,4.844333333333333,0.0,0.8443333333333334,2026091558,10,300,3000,5,0.5,0.1,0.05,mixed,0.8
ptcp_randomized,0.997,0.9525129672833107,3.604,0.007333333333333333,0.0,2026091558,10,300,3000,5,0.5,0.1,0.05,mixed,0.8
majority_cp,0.9456666666666667,0.8442284430486268,2.6983333333333333,0.16,0.0,2026091559,10,300,3000,5,0.5,0.1,0.05,mixed,0.8
random_rater_cp,0.984,0.9146720345780908,3.0993333333333335,0.09066666666666667,0.0,2026091559,10,300,3000,5,0.5,0.1,0.05,mixed,0.8
naive_panel_cp,0.9243333333333333,0.8137923640982444,2.5576666666666665,0.18066666666666667,0.0,2026091559,10,300,3000,5,0.5,0.1,0.05,mixed,0.8
ptcp,1.0,0.9956278478720226,4.857,0.0,0.857,2026091559,10,300,3000,5,0.5,0.1,0.05,mixed,0.8
ptcp_randomized,0.9983333333333333,0.9507104942382878,3.516,0.015666666666666666,0.0,2026091559,10,300,3000,5,0.5,0.1,0.05,mixed,0.8
majority_cp,0.9316666666666666,0.8307192882266355,2.647666666666667,0.15733333333333333,0.0,2026091560,10,300,3000,5,0.5,0.1,0.05,mixed,0.8
random_rater_cp,0.9733333333333334,0.9068187565985678,3.0853333333333333,0.078,0.0,2026091560,10,300,3000,5,0.5,0.1,0.05,mixed,0.8
naive_panel_cp,0.893,0.7671192344865011,2.357,0.20366666666666666,0.0,2026091560,10,300,3000,5,0.5,0.1,0.05,mixed,0.8
ptcp,1.0,0.9946911685242225,4.859,0.0,0.859,2026091560,10,300,3000,5,0.5,0.1,0.05,mixed,0.8
ptcp_randomized,0.9923333333333333,0.9405737547744916,3.4026666666666667,0.026,0.0,2026091560,10,300,3000,5,0.5,0.1,0.05,mixed,0.8
majority_cp,0.949,0.85556408547233,2.783,0.14166666666666666,0.0,2026091561,10,300,3000,5,0.5,0.1,0.05,mixed,0.8
random_rater_cp,0.9736666666666667,0.894434082086068,2.9776666666666665,0.10833333333333334,0.0,2026091561,10,300,3000,5,0.5,0.1,0.05,mixed,0.8
naive_panel_cp,0.9116666666666666,0.7905165314205472,2.484,0.17366666666666666,0.0,2026091561,10,300,3000,5,0.5,0.1,0.05,mixed,0.8
ptcp,1.0,0.9949388908104602,4.855666666666667,0.0,0.8556666666666667,2026091561,10,300,3000,5,0.5,0.1,0.05,mixed,0.8
ptcp_randomized,0.9976666666666667,0.9495834498696601,3.5526666666666666,0.012,0.0,2026091561,10,300,3000,5,0.5,0.1,0.05,mixed,0.8
majority_cp,0.8926666666666667,0.7720194751735953,2.3746666666666667,0.21433333333333332,0.0,2026091562,10,300,3000,5,0.5,0.1,0.05,mixed,0.8
random_rater_cp,0.9766666666666667,0.9076620437080201,3.0236666666666667,0.09966666666666667,0.0,2026091562,10,300,3000,5,0.5,0.1,0.05,mixed,0.8
naive_panel_cp,0.871,0.7403473253489015,2.243333333333333,0.227,0.0,2026091562,10,300,3000,5,0.5,0.1,0.05,mixed,0.8
ptcp,1.0,0.9950991395540125,4.852,0.0,0.852,2026091562,10,300,3000,5,0.5,0.1,0.05,mixed,0.8
ptcp_randomized,0.9906666666666667,0.9345002351619669,3.2496666666666667,0.056666666666666664,0.0,2026091562,10,300,3000,5,0.5,0.1,0.05,mixed,0.8
majority_cp,0.9226666666666666,0.8193627148519341,2.634333333333333,0.164,0.0,2026091563,10,300,3000,5,0.5,0.1,0.05,mixed,0.8
random_rater_cp,0.968,0.8949396075657796,3.0136666666666665,0.09333333333333334,0.0,2026091563,10,300,3000,5,0.5,0.1,0.05,mixed,0.8
naive_panel_cp,0.901,0.7843913299818575,2.4716666666666667,0.185,0.0,2026091563,10,300,3000,5,0.5,0.1,0.05,mixed,0.8
ptcp,1.0,0.9958599668189223,4.863333333333333,0.0,0.8633333333333333,2026091563,10,300,3000,5,0.5,0.1,0.05,mixed,0.8
ptcp_randomized,1.0,0.9589399406460379,3.917,0.0,0.0,2026091563,10,300,3000,5,0.5,0.1,0.05,mixed,0.8
majority_cp,0.9483333333333334,0.8568051177989655,2.7563333333333335,0.15333333333333332,0.0,2026091564,10,300,3000,5,0.5,0.1,0.05,mixed,0.8
random_rater_cp,0.984,0.9244931543213252,3.1806666666666668,0.066,0.0,2026091564,10,300,3000,5,0.5,0.1,0.05,mixed,0.8
naive_panel_cp,0.9293333333333333,0.8180245770631694,2.5563333333333333,0.19033333333333333,0.0,2026091564,10,300,3000,5,0.5,0.1,0.05,mixed,0.8
ptcp,1.0,0.9954307221280003,4.8566666666666665,0.0,0.8566666666666667,2026091564,10,300,3000,5,0.5,0.1,0.05,mixed,0.8
ptcp_randomized,0.996,0.9473266541861646,3.464,0.02,0.0,2026091564,10,300,3000,5,0.5,0.1,0.05,mixed,0.8
majority_cp,0.9406666666666667,0.8408811742788979,2.7173333333333334,0.14833333333333334,0.0,2026091565,10,300,3000,5,0.5,0.1,0.05,mixed,0.8
random_rater_cp,0.9796666666666667,0.9126624510124524,3.112,0.07466666666666667,0.0,2026091565,10,300,3000,5,0.5,0.1,0.05,mixed,0.8
naive_panel_cp,0.9183333333333333,0.8026971398224884,2.543,0.178,0.0,2026091565,10,300,3000,5,0.5,0.1,0.05,mixed,0.8
ptcp,1.0,0.99560258049385,4.862,0.0,0.862,2026091565,10,300,3000,5,0.5,0.1,0.05,mixed,0.8
ptcp_randomized,0.9996666666666667,0.9720640007708248,4.304333333333333,0.0,0.30433333333333334,2026091565,10,300,3000,5,0.5,0.1,0.05,mixed,0.8
majority_cp,0.9063333333333333,0.7895144468868821,2.475,0.19966666666666666,0.0,2026091566,10,300,3000,5,0.5,0.1,0.05,mixed,0.8
random_rater_cp,0.961,0.8812146142998214,2.9276666666666666,0.12,0.0,2026091566,10,300,3000,5,0.5,0.1,0.05,mixed,0.8
naive_panel_cp,0.8483333333333334,0.7083776845717917,2.1456666666666666,0.23966666666666667,0.0,2026091566,10,300,3000,5,0.5,0.1,0.05,mixed,0.8
ptcp,1.0,0.9944950005307129,4.858333333333333,0.0,0.8583333333333333,2026091566,10,300,3000,5,0.5,0.1,0.05,mixed,0.8
ptcp_randomized,1.0,0.9616458154355048,4.057,0.0,0.057,2026091566,10,300,3000,5,0.5,0.1,0.05,mixed,0.8
majority_cp,0.9336666666666666,0.8351129667831466,2.6456666666666666,0.168,0.0,2026091567,10,300,3000,5,0.5,0.1,0.05,mixed,0.8
random_rater_cp,0.9536666666666667,0.8693353825823605,2.8116666666666665,0.142,0.0,2026091567,10,300,3000,5,0.5,0.1,0.05,mixed,0.8
naive_panel_cp,0.8983333333333333,0.7731496862727745,2.3623333333333334,0.218,0.0,2026091567,10,300,3000,5,0.5,0.1,0.05,mixed,0.8
ptcp,1.0,0.9957562254718627,4.867666666666667,0.0,0.8676666666666667,2026091567,10,300,3000,5,0.5,0.1,0.05,mixed,0.8
ptcp_randomized,0.9996666666666667,0.9623452428707691,4.0056666666666665,0.0,0.005666666666666667,2026091567,10,300,3000,5,0.5,0.1,0.05,mixed,0.8
majority_cp,0.9306666666666666,0.8194319860638748,2.5773333333333333,0.183,0.0,2026091568,10,300,3000,5,0.5,0.1,0.05,mixed,0.8
random_rater_cp,0.9716666666666667,0.8987373803107889,3.0153333333333334,0.09966666666666667,0.0,2026091568,10,300,3000,5,0.5,0.1,0.05,mixed,0.8
naive_panel_cp,0.894,0.7651198167645689,2.3313333333333333,0.21666666666666667,0.0,2026091568,10,300,3000,5,0.5,0.1,0.05,mixed,0.8
ptcp,1.0,0.9947708841956749,4.853666666666666,0.0,0.8536666666666667,2026091568,10,300,3000,5,0.5,0.1,0.05,mixed,0.8
ptcp_randomized,0.9983333333333333,0.9557993658202733,3.703666666666667,0.003,0.0,2026091568,10,300,3000,5,0.5,0.1,0.05,mixed,0.8
majority_cp,0.9313333333333333,0.8447988144533453,2.743333333333333,0.14366666666666666,0.0,2026091569,10,300,3000,5,0.5,0.1,0.05,mixed,0.8
random_rater_cp,0.9526666666666667,0.8769272204501255,2.8926666666666665,0.12366666666666666,0.0,2026091569,10,300,3000,5,0.5,0.1,0.05,mixed,0.8
naive_panel_cp,0.9076666666666666,0.803349565911561,2.5396666666666667,0.17666666666666667,0.0,2026091569,10,300,3000,5,0.5,0.1,0.05,mixed,0.8
ptcp,1.0,0.9954623014040135,4.859333333333334,0.0,0.8593333333333333,2026091569,10,300,3000,5,0.5,0.1,0.05,mixed,0.8
ptcp_randomized,1.0,0.9954623014040135,4.859333333333334,0.0,0.8593333333333333,2026091569,10,300,3000,5,0.5,0.1,0.05,mixed,0.8
majority_cp,0.9433333333333334,0.8473531619613953,2.762,0.146,0.0,2026091570,10,300,3000,5,0.5,0.1,0.05,mixed,0.8
random_rater_cp,0.9793333333333333,0.9097596843037269,3.1093333333333333,0.08266666666666667,0.0,2026091570,10,300,3000,5,0.5,0.1,0.05,mixed,0.8
naive_panel_cp,0.9216666666666666,0.8093520629169558,2.5683333333333334,0.17733333333333334,0.0,2026091570,10,300,3000,5,0.5,0.1,0.05,mixed,0.8
ptcp,1.0,0.9940183442894756,4.848333333333334,0.0,0.8483333333333334,2026091570,10,300,3000,5,0.5,0.1,0.05,mixed,0.8
ptcp_randomized,0.9976666666666667,0.9506313570758845,3.606,0.010333333333333333,0.0,2026091570,10,300,3000,5,0.5,0.1,0.05,mixed,0.8
majority_cp,0.9563333333333334,0.8657055235147441,2.836,0.14766666666666667,0.0,2026091571,10,300,3000,5,0.5,0.1,0.05,mixed,0.8
random_rater_cp,0.985,0.9205796469945896,3.179333333333333,0.072,0.0,2026091571,10,300,3000,5,0.5,0.1,0.05,mixed,0.8
naive_panel_cp,0.8933333333333333,0.7620027759493393,2.365666666666667,0.21766666666666667,0.0,2026091571,10,300,3000,5,0.5,0.1,0.05,mixed,0.8
ptcp,1.0,0.994459635759829,4.848,0.0,0.848,2026091571,10,300,3000,5,0.5,0.1,0.05,mixed,0.8
ptcp_randomized,1.0,0.994459635759829,4.848,0.0,0.848,2026091571,10,300,3000,5,0.5,0.1,0.05,mixed,0.8
majority_cp,0.9223333333333333,0.8167618403442471,2.5516666666666667,0.19633333333333333,0.0,2026091572,10,300,3000,5,0.5,0.1,0.05,mixed,0.8
random_rater_cp,0.9666666666666667,0.8939870218568146,2.944,0.11466666666666667,0.0,2026091572,10,300,3000,5,0.5,0.1,0.05,mixed,0.8
naive_panel_cp,0.8893333333333333,0.7645421070153704,2.324,0.22233333333333333,0.0,2026091572,10,300,3000,5,0.5,0.1,0.05,mixed,0.8
ptcp,1.0,0.9959025070163704,4.861666666666666,0.0,0.8616666666666667,2026091572,10,300,3000,5,0.5,0.1,0.05,mixed,0.8
ptcp_randomized,0.9996666666666667,0.9607949815306057,3.780666666666667,0.0006666666666666666,0.0,2026091572,10,300,3000,5,0.5,0.1,0.05,mixed,0.8
majority_cp,0.955,0.8745650111022176,2.8583333333333334,0.129,0.0,2026091573,10,300,3000,5,0.5,0.1,0.05,mixed,0.8
random_rater_cp,0.978,0.9162072608911591,3.1283333333333334,0.07766666666666666,0.0,2026091573,10,300,3000,5,0.5,0.1,0.05,mixed,0.8
naive_panel_cp,0.8986666666666666,0.778214245650801,2.4143333333333334,0.19533333333333333,0.0,2026091573,10,300,3000,5,0.5,0.1,0.05,mixed,0.8
ptcp,1.0,0.9951777964202071,4.859,0.0,0.859,2026091573,10,300,3000,5,0.5,0.1,0.05,mixed,0.8
ptcp_randomized,1.0,0.9630994597078604,4.0536666666666665,0.0,0.05366666666666667,2026091573,10,300,3000,5,0.5,0.1,0.05,mixed,0.8
majority_cp,0.9266666666666666,0.8195303285239591,2.628,0.16366666666666665,0.0,2026091574,10,300,3000,5,0.5,0.1,0.05,mixed,0.8
random_rater_cp,0.982,0.9187144166794218,3.17,0.06966666666666667,0.0,2026091574,10,300,3000,5,0.5,0.1,0.05,mixed,0.8
naive_panel_cp,0.899,0.7735233712607278,2.4183333333333334,0.203,0.0,2026091574,10,300,3000,5,0.5,0.1,0.05,mixed,0.8
ptcp,1.0,0.9950928143356957,4.857666666666667,0.0,0.8576666666666667,2026091574,10,300,3000,5,0.5,0.1,0.05,mixed,0.8
ptcp_randomized,0.9963333333333333,0.9476012073362854,3.503,0.017666666666666667,0.0,2026091574,10,300,3000,5,0.5,0.1,0.05,mixed,0.8
majority_cp,0.9166666666666666,0.8110848717054401,2.547,0.18966666666666668,0.0,2026091575,10,300,3000,5,0.5,0.1,0.05,mixed,0.8
random_rater_cp,0.9526666666666667,0.873212478778234,2.849666666666667,0.131,0.0,2026091575,10,300,3000,5,0.5,0.1,0.05,mixed,0.8
naive_panel_cp,0.875,0.7484428390500271,2.275333333333333,0.22233333333333333,0.0,2026091575,10,300,3000,5,0.5,0.1,0.05,mixed,0.8
ptcp,1.0,0.9958152083256324,4.857666666666667,0.0,0.8576666666666667,2026091575,10,300,3000,5,0.5,0.1,0.05,mixed,0.8
ptcp_randomized,0.9983333333333333,0.9541894145614144,3.5753333333333335,0.006333333333333333,0.0,2026091575,10,300,3000,5,0.5,0.1,0.05,mixed,0.8
majority_cp,0.9496666666666667,0.8599002473218125,2.75,0.153,0.0,2026091576,10,300,3000,5,0.5,0.1,0.05,mixed,0.8
random_rater_cp,0.974,0.9036363039757074,3.006,0.094,0.0,2026091576,10,300,3000,5,0.5,0.1,0.05,mixed,0.8
naive_panel_cp,0.9276666666666666,0.8232625184043632,2.5763333333333334,0.18733333333333332,0.0,2026091576,10,300,3000,5,0.5,0.1,0.05,mixed,0.8
ptcp,1.0,0.9949633361711776,4.850333333333333,0.0,0.8503333333333334,2026091576,10,300,3000,5,0.5,0.1,0.05,mixed,0.8
ptcp_randomized,1.0,0.9717841774356415,4.29,0.0,0.29,2026091576,10,300,3000,5,0.5,0.1,0.05,mixed,0.8
majority_cp,0.94,0.8507233291649848,2.7556666666666665,0.15733333333333333,0.0,2026091577,10,300,3000,5,0.5,0.1,0.05,mixed,0.8
random_rater_cp,0.968,0.8977136843116075,3.002666666666667,0.10166666666666667,0.0,2026091577,10,300,3000,5,0.5,0.1,0.05,mixed,0.8
naive_panel_cp,0.9113333333333333,0.8003062130794989,2.506,0.19666666666666666,0.0,2026091577,10,300,3000,5,0.5,0.1,0.05,mixed,0.8
ptcp,1.0,0.9949205356991039,4.847666666666667,0.0,0.8476666666666667,2026091577,10,300,3000,5,0.5,0.1,0.05,mixed,0.8
ptcp_randomized,1.0,0.9711784216625458,4.29,0.0,0.29,2026091577,10,300,3000,5,0.5,0.1,0.05,mixed,0.8
majority_cp,0.93,0.832375980469392,2.6433333333333335,0.17266666666666666,0.0,2026091578,10,300,3000,5,0.5,0.1,0.05,mixed,0.8
random_rater_cp,0.9686666666666667,0.8967586736232857,2.978666666666667,0.11466666666666667,0.0,2026091578,10,300,3000,5,0.5,0.1,0.05,mixed,0.8
naive_panel_cp,0.8853333333333333,0.7630281215390745,2.3493333333333335,0.215,0.0,2026091578,10,300,3000,5,0.5,0.1,0.05,mixed,0.8
ptcp,1.0,0.9952251515119788,4.865666666666667,0.0,0.8656666666666667,2026091578,10,300,3000,5,0.5,0.1,0.05,mixed,0.8
ptcp_randomized,0.986,0.9292449486305956,3.212666666666667,0.06466666666666666,0.0,2026091578,10,300,3000,5,0.5,0.1,0.05,mixed,0.8
majority_cp,0.9486666666666667,0.8594433904520143,2.8026666666666666,0.13866666666666666,0.0,2026091579,10,300,3000,5,0.5,0.1,0.05,mixed,0.8
random_rater_cp,0.9783333333333334,0.9096689309648838,3.0906666666666665,0.08433333333333333,0.0,2026091579,10,300,3000,5,0.5,0.1,0.05,mixed,0.8
naive_panel_cp,0.9193333333333333,0.8081694270945877,2.5393333333333334,0.19333333333333333,0.0,2026091579,10,300,3000,5,0.5,0.1,0.05,mixed,0.8
ptcp,1.0,0.9947442281296508,4.855,0.0,0.855,2026091579,10,300,3000,5,0.5,0.1,0.05,mixed,0.8
ptcp_randomized,0.9936666666666667,0.9412688802764557,3.3793333333333333,0.033666666666666664,0.0,2026091579,10,300,3000,5,0.5,0.1,0.05,mixed,0.8
majority_cp,0.939,0.8493526848162959,2.7343333333333333,0.15066666666666667,0.0,2026091580,10,300,3000,5,0.5,0.1,0.05,mixed,0.8
random_rater_cp,0.9773333333333334,0.9115534353045074,3.0763333333333334,0.09433333333333334,0.0,2026091580,10,300,3000,5,0.5,0.1,0.05,mixed,0.8
naive_panel_cp,0.9016666666666666,0.7845658020848867,2.4323333333333332,0.19333333333333333,0.0,2026091580,10,300,3000,5,0.5,0.1,0.05,mixed,0.8
ptcp,1.0,0.9953608845541286,4.858333333333333,0.0,0.8583333333333333,2026091580,10,300,3000,5,0.5,0.1,0.05,mixed,0.8
ptcp_randomized,1.0,0.9953608845541286,4.858333333333333,0.0,0.8583333333333333,2026091580,10,300,3000,5,0.5,0.1,0.05,mixed,0.8
majority_cp,0.9416666666666667,0.8438751586853275,2.7006666666666668,0.152,0.0,2026091581,10,300,3000,5,0.5,0.1,0.05,mixed,0.8
random_rater_cp,0.9673333333333334,0.8947320854543319,2.997,0.09366666666666666,0.0,2026091581,10,300,3000,5,0.5,0.1,0.05,mixed,0.8
naive_panel_cp,0.883,0.7529453236133529,2.296,0.20866666666666667,0.0,2026091581,10,300,3000,5,0.5,0.1,0.05,mixed,0.8
ptcp,1.0,0.9943972316522401,4.859666666666667,0.0,0.8596666666666667,2026091581,10,300,3000,5,0.5,0.1,0.05,mixed,0.8
ptcp_randomized,1.0,0.9943972316522401,4.859666666666667,0.0,0.8596666666666667,2026091581,10,300,3000,5,0.5,0.1,0.05,mixed,0.8
majority_cp,0.9256666666666666,0.8127772024068545,2.558666666666667,0.18766666666666668,0.0,2026091582,10,300,3000,5,0.5,0.1,0.05,mixed,0.8
random_rater_cp,0.972,0.8933018294837565,2.9553333333333334,0.11533333333333333,0.0,2026091582,10,300,3000,5,0.5,0.1,0.05,mixed,0.8
naive_panel_cp,0.901,0.7704007332702691,2.3666666666666667,0.22,0.0,2026091582,10,300,3000,5,0.5,0.1,0.05,mixed,0.8
ptcp,1.0,0.9716396121755421,4.292666666666666,0.0,0.2926666666666667,2026091582,10,300,3000,5,0.5,0.1,0.05,mixed,0.8
ptcp_randomized,0.997,0.9475576534473977,3.462666666666667,0.019,0.0,2026091582,10,300,3000,5,0.5,0.1,0.05,mixed,0.8
majority_cp,0.92,0.81316138665477,2.5993333333333335,0.16966666666666666,0.0,2026091583,10,300,3000,5,0.5,0.1,0.05,mixed,0.8
random_rater_cp,0.9843333333333333,0.9205741258517641,3.149,0.07366666666666667,0.0,2026091583,10,300,3000,5,0.5,0.1,0.05,mixed,0.8
naive_panel_cp,0.871,0.7338733054552328,2.25,0.212,0.0,2026091583,10,300,3000,5,0.5,0.1,0.05,mixed,0.8
ptcp,1.0,0.9948530496132199,4.858666666666666,0.0,0.8586666666666667,2026091583,10,300,3000,5,0.5,0.1,0.05,mixed,0.8
ptcp_randomized,1.0,0.9627312074985136,4.052333333333333,0.0,0.052333333333333336,2026091583,10,300,3000,5,0.5,0.1,0.05,mixed,0.8
majority_cp,0.945,0.851174731711752,2.748,0.15066666666666667,0.0,2026091584,10,300,3000,5,0.5,0.1,0.05,mixed,0.8
random_rater_cp,0.9723333333333334,0.9060598370601033,3.074666666666667,0.08333333333333333,0.0,2026091584,10,300,3000,5,0.5,0.1,0.05,mixed,0.8
naive_panel_cp,0.9196666666666666,0.8092291687110706,2.5483333333333333,0.193,0.0,2026091584,10,300,3000,5,0.5,0.1,0.05,mixed,0.8
ptcp,1.0,0.9951660092281492,4.857333333333333,0.0,0.8573333333333333,2026091584,10,300,3000,5,0.5,0.1,0.05,mixed,0.8
ptcp_randomized,0.9976666666666667,0.9503074968389585,3.575,0.01,0.0,2026091584,10,300,3000,5,0.5,0.1,0.05,mixed,0.8
majority_cp,0.96,0.8748619949275754,2.832333333333333,0.14033333333333334,0.0,2026091585,10,300,3000,5,0.5,0.1,0.05,mixed,0.8
random_rater_cp,0.9833333333333333,0.9195092267397312,3.1013333333333333,0.079,0.0,2026091585,10,300,3000,5,0.5,0.1,0.05,mixed,0.8
naive_panel_cp,0.9096666666666666,0.790345508793191,2.429333333333333,0.207,0.0,2026091585,10,300,3000,5,0.5,0.1,0.05,mixed,0.8
ptcp,1.0,0.9962764871607918,4.869,0.0,0.869,2026091585,10,300,3000,5,0.5,0.1,0.05,mixed,0.8
ptcp_randomized,0.9996666666666667,0.973090278327718,4.290666666666667,0.0,0.2906666666666667,2026091585,10,300,3000,5,0.5,0.1,0.05,mixed,0.8
majority_cp,0.9346666666666666,0.8393008512228677,2.692,0.16233333333333333,0.0,2026091586,10,300,3000,5,0.5,0.1,0.05,mixed,0.8
random_rater_cp,0.975,0.9100821510994253,3.092,0.08433333333333333,0.0,2026091586,10,300,3000,5,0.5,0.1,0.05,mixed,0.8
naive_panel_cp,0.895,0.7657777463908151,2.348333333333333,0.21066666666666667,0.0,2026091586,10,300,3000,5,0.5,0.1,0.05,mixed,0.8
ptcp,1.0,0.9959741755347138,4.859,0.0,0.859,2026091586,10,300,3000,5,0.5,0.1,0.05,mixed,0.8
ptcp_randomized,0.9993333333333333,0.9578148868880667,3.7976666666666667,0.002,0.0,2026091586,10,300,3000,5,0.5,0.1,0.05,mixed,0.8
majority_cp,0.9426666666666667,0.8456242842761968,2.752666666666667,0.14766666666666667,0.0,2026091587,10,300,3000,5,0.5,0.1,0.05,mixed,0.8
random_rater_cp,0.978,0.9061173775800292,3.0636666666666668,0.094,0.0,2026091587,10,300,3000,5,0.5,0.1,0.05,mixed,0.8
naive_panel_cp,0.9126666666666666,0.7951498750477831,2.5153333333333334,0.18533333333333332,0.0,2026091587,10,300,3000,5,0.5,0.1,0.05,mixed,0.8
ptcp,1.0,0.970854050031794,4.290666666666667,0.0,0.2906666666666667,2026091587,10,300,3000,5,0.5,0.1,0.05,mixed,0.8
ptcp_randomized,0.9996666666666667,0.9527535333085766,3.596,0.011,0.0,2026091587,10,300,3000,5,0.5,0.1,0.05,mixed,0.8
majority_cp,0.9543333333333334,0.8753326577148413,2.8663333333333334,0.135,0.0,2026091588,10,300,3000,5,0.5,0.1,0.05,mixed,0.8
random_rater_cp,0.9763333333333334,0.9155152098932389,3.1296666666666666,0.07966666666666666,0.0,2026091588,10,300,3000,5,0.5,0.1,0.05,mixed,0.8
naive_panel_cp,0.8883333333333333,0.7691682971903662,2.3773333333333335,0.213,0.0,2026091588,10,300,3000,5,0.5,0.1,0.05,mixed,0.8
ptcp,1.0,0.9956239215123602,4.863666666666667,0.0,0.8636666666666667,2026091588,10,300,3000,5,0.5,0.1,0.05,mixed,0.8
ptcp_randomized,1.0,0.972285307314256,4.288333333333333,0.0,0.28833333333333333,2026091588,10,300,3000,5,0.5,0.1,0.05,mixed,0.8
majority_cp,0.935,0.8307971845397006,2.644,0.175,0.0,2026091589,10,300,3000,5,0.5,0.1,0.05,mixed,0.8
random_rater_cp,0.9723333333333334,0.8977798110983598,3.010666666666667,0.10166666666666667,0.0,2026091589,10,300,3000,5,0.5,0.1,0.05,mixed,0.8
naive_panel_cp,0.888,0.7549979555290836,2.311,0.22566666666666665,0.0,2026091589,10,300,3000,5,0.5,0.1,0.05,mixed,0.8
ptcp,1.0,0.9955080482762012,4.853,0.0,0.853,2026091589,10,300,3000,5,0.5,0.1,0.05,mixed,0.8
ptcp_randomized,0.9996666666666667,0.97116674335609,4.28,0.0,0.28,2026091589,10,300,3000,5,0.5,0.1,0.05,mixed,0.8
majority_cp,0.954,0.8680729930002663,2.837666666666667,0.12833333333333333,0.0,2026091590,10,300,3000,5,0.5,0.1,0.05,mixed,0.8
random_rater_cp,0.9786666666666667,0.9117136520485934,3.1123333333333334,0.076,0.0,2026091590,10,300,3000,5,0.5,0.1,0.05,mixed,0.8
naive_panel_cp,0.92,0.8104571001340034,2.563,0.17333333333333334,0.0,2026091590,10,300,3000,5,0.5,0.1,0.05,mixed,0.8
ptcp,1.0,0.9942352032336894,4.848333333333334,0.0,0.8483333333333334,2026091590,10,300,3000,5,0.5,0.1,0.05,mixed,0.8
ptcp_randomized,1.0,0.9712830348583917,4.274333333333334,0.0,0.2743333333333333,2026091590,10,300,3000,5,0.5,0.1,0.05,mixed,0.8
majority_cp,0.944,0.8415405337964964,2.708666666666667,0.15966666666666668,0.0,2026091591,10,300,3000,5,0.5,0.1,0.05,mixed,0.8
random_rater_cp,0.9736666666666667,0.9003502988782329,3.041,0.09666666666666666,0.0,2026091591,10,300,3000,5,0.5,0.1,0.05,mixed,0.8
naive_panel_cp,0.8903333333333333,0.752941844871271,2.3113333333333332,0.217,0.0,2026091591,10,300,3000,5,0.5,0.1,0.05,mixed,0.8
ptcp,1.0,0.9948323982012792,4.868333333333333,0.0,0.8683333333333333,2026091591,10,300,3000,5,0.5,0.1,0.05,mixed,0.8
ptcp_randomized,0.9983333333333333,0.9511805757136254,3.5736666666666665,0.011333333333333334,0.0,2026091591,10,300,3000,5,0.5,0.1,0.05,mixed,0.8
majority_cp,0.9326666666666666,0.8341079785551855,2.602333333333333,0.17266666666666666,0.0,2026091592,10,300,3000,5,0.5,0.1,0.05,mixed,0.8
random_rater_cp,0.972,0.9047419324382873,2.984,0.096,0.0,2026091592,10,300,3000,5,0.5,0.1,0.05,mixed,0.8
naive_panel_cp,0.883,0.7555713273866402,2.2663333333333333,0.234,0.0,2026091592,10,300,3000,5,0.5,0.1,0.05,mixed,0.8
ptcp,1.0,0.9952385469236159,4.845666666666666,0.0,0.8456666666666667,2026091592,10,300,3000,5,0.5,0.1,0.05,mixed,0.8
ptcp_randomized,0.9993333333333333,0.9597128527310137,3.6923333333333335,0.0033333333333333335,0.0,2026091592,10,300,3000,5,0.5,0.1,0.05,mixed,0.8
majority_cp,0.9286666666666666,0.8299863658315567,2.639666666666667,0.17866666666666667,0.0,2026091593,10,300,3000,5,0.5,0.1,0.05,mixed,0.8
random_rater_cp,0.952,0.8727891755267337,2.868333333333333,0.129,0.0,2026091593,10,300,3000,5,0.5,0.1,0.05,mixed,0.8
naive_panel_cp,0.8913333333333333,0.7711528034199079,2.387,0.203,0.0,2026091593,10,300,3000,5,0.5,0.1,0.05,mixed,0.8
ptcp,0.9996666666666667,0.9945361571106167,4.852,0.0,0.852,2026091593,10,300,3000,5,0.5,0.1,0.05,mixed,0.8
ptcp_randomized,0.9996666666666667,0.9623321214652406,4.052333333333333,0.0,0.052333333333333336,2026091593,10,300,3000,5,0.5,0.1,0.05,mixed,0.8
majority_cp,0.9496666666666667,0.859332055797018,2.769,0.14966666666666667,0.0,2026091594,10,300,3000,5,0.5,0.1,0.05,mixed,0.8
random_rater_cp,0.9863333333333333,0.9255623446194875,3.1743333333333332,0.07033333333333333,0.0,2026091594,10,300,3000,5,0.5,0.1,0.05,mixed,0.8
naive_panel_cp,0.907,0.7830518878306978,2.404333333333333,0.20733333333333334,0.0,2026091594,10,300,3000,5,0.5,0.1,0.05,mixed,0.8
ptcp,1.0,0.9954779171277343,4.867666666666667,0.0,0.8676666666666667,2026091594,10,300,3000,5,0.5,0.1,0.05,mixed,0.8
ptcp_randomized,0.9996666666666667,0.9585402699212827,3.7133333333333334,0.002,0.0,2026091594,10,300,3000,5,0.5,0.1,0.05,mixed,0.8
majority_cp,0.9156666666666666,0.8017254218906473,2.534666666666667,0.18366666666666667,0.0,2026091595,10,300,3000,5,0.5,0.1,0.05,mixed,0.8
random_rater_cp,0.9573333333333334,0.8730873267358253,2.884333333333333,0.138,0.0,2026091595,10,300,3000,5,0.5,0.1,0.05,mixed,0.8
naive_panel_cp,0.891,0.760659962360489,2.36,0.20733333333333334,0.0,2026091595,10,300,3000,5,0.5,0.1,0.05,mixed,0.8
ptcp,1.0,0.9958273384499845,4.871,0.0,0.871,2026091595,10,300,3000,5,0.5,0.1,0.05,mixed,0.8
ptcp_randomized,1.0,0.9629153682169918,4.0536666666666665,0.0,0.05366666666666667,2026091595,10,300,3000,5,0.5,0.1,0.05,mixed,0.8
majority_cp,0.9293333333333333,0.8212556071952887,2.6053333333333333,0.16733333333333333,0.0,2026091596,10,300,3000,5,0.5,0.1,0.05,mixed,0.8
random_rater_cp,0.968,0.8867229459938447,2.949,0.11233333333333333,0.0,2026091596,10,300,3000,5,0.5,0.1,0.05,mixed,0.8
naive_panel_cp,0.9213333333333333,0.8046122799424826,2.528,0.18133333333333335,0.0,2026091596,10,300,3000,5,0.5,0.1,0.05,mixed,0.8
ptcp,1.0,0.994611136874674,4.850333333333333,0.0,0.8503333333333334,2026091596,10,300,3000,5,0.5,0.1,0.05,mixed,0.8
ptcp_randomized,1.0,0.9623113219208065,4.057333333333333,0.0,0.05733333333333333,2026091596,10,300,3000,5,0.5,0.1,0.05,mixed,0.8
majority_cp,0.9463333333333334,0.855386621918396,2.766,0.14233333333333334,0.0,2026091597,10,300,3000,5,0.5,0.1,0.05,mixed,0.8
random_rater_cp,0.9726666666666667,0.9007578345306615,2.997333333333333,0.10566666666666667,0.0,2026091597,10,300,3000,5,0.5,0.1,0.05,mixed,0.8
naive_panel_cp,0.9296666666666666,0.8271924235033393,2.6346666666666665,0.16633333333333333,0.0,2026091597,10,300,3000,5,0.5,0.1,0.05,mixed,0.8
ptcp,1.0,0.9713988054011967,4.290666666666667,0.0,0.2906666666666667,2026091597,10,300,3000,5,0.5,0.1,0.05,mixed,0.8
ptcp_randomized,0.9896666666666667,0.9363062720282146,3.300666666666667,0.042333333333333334,0.0,2026091597,10,300,3000,5,0.5,0.1,0.05,mixed,0.8
majority_cp,0.9266666666666666,0.8216278812688956,2.6086666666666667,0.16366666666666665,0.0,2026091598,10,300,3000,5,0.5,0.1,0.05,mixed,0.8
random_rater_cp,0.974,0.9028585416246393,3.027,0.09,0.0,2026091598,10,300,3000,5,0.5,0.1,0.05,mixed,0.8
naive_panel_cp,0.9043333333333333,0.7836741933233222,2.441333333333333,0.19333333333333333,0.0,2026091598,10,300,3000,5,0.5,0.1,0.05,mixed,0.8
ptcp,1.0,0.9942242814758747,4.8486666666666665,0.0,0.8486666666666667,2026091598,10,300,3000,5,0.5,0.1,0.05,mixed,0.8
ptcp_randomized,0.999,0.9531519455009275,3.6266666666666665,0.007666666666666666,0.0,2026091598,10,300,3000,5,0.5,0.1,0.05,mixed,0.8
majority_cp,0.9076666666666666,0.789713413258141,2.437666666666667,0.20166666666666666,0.0,2026091599,10,300,3000,5,0.5,0.1,0.05,mixed,0.8
random_rater_cp,0.9703333333333334,0.8962939009784444,2.959,0.11166666666666666,0.0,2026091599,10,300,3000,5,0.5,0.1,0.05,mixed,0.8
naive_panel_cp,0.8936666666666667,0.7670760889138302,2.3306666666666667,0.215,0.0,2026091599,10,300,3000,5,0.5,0.1,0.05,mixed,0.8
ptcp,1.0,0.9958949843443358,4.862666666666667,0.0,0.8626666666666667,2026091599,10,300,3000,5,0.5,0.1,0.05,mixed,0.8
ptcp_randomized,0.9956666666666667,0.9449479803852365,3.417333333333333,0.023666666666666666,0.0,2026091599,10,300,3000,5,0.5,0.1,0.05,mixed,0.8
majority_cp,0.9396666666666667,0.8466529587866821,2.7103333333333333,0.15966666666666668,0.0,2026091600,10,300,3000,5,0.5,0.1,0.05,mixed,0.8
random_rater_cp,0.963,0.884102485916098,2.893666666666667,0.12266666666666666,0.0,2026091600,10,300,3000,5,0.5,0.1,0.05,mixed,0.8
naive_panel_cp,0.9186666666666666,0.809633541452546,2.5433333333333334,0.18266666666666667,0.0,2026091600,10,300,3000,5,0.5,0.1,0.05,mixed,0.8
ptcp,1.0,0.9959058155167143,4.869666666666666,0.0,0.8696666666666667,2026091600,10,300,3000,5,0.5,0.1,0.05,mixed,0.8
ptcp_randomized,1.0,0.9727610818576425,4.298666666666667,0.0,0.2986666666666667,2026091600,10,300,3000,5,0.5,0.1,0.05,mixed,0.8
majority_cp,0.94,0.8487624222414537,2.746,0.14933333333333335,0.0,2026091601,10,300,3000,5,0.5,0.1,0.05,mixed,0.8
random_rater_cp,0.9663333333333334,0.8957376113110594,3.0036666666666667,0.10266666666666667,0.0,2026091601,10,300,3000,5,0.5,0.1,0.05,mixed,0.8
naive_panel_cp,0.918,0.8089991864147208,2.5476666666666667,0.179,0.0,2026091601,10,300,3000,5,0.5,0.1,0.05,mixed,0.8
ptcp,1.0,0.9942428034147157,4.856333333333334,0.0,0.8563333333333333,2026091601,10,300,3000,5,0.5,0.1,0.05,mixed,0.8
ptcp_randomized,0.9996666666666667,0.9554157574717612,3.661,0.006333333333333333,0.0,2026091601,10,300,3000,5,0.5,0.1,0.05,mixed,0.8
majority_cp,0.9363333333333334,0.834576053239226,2.6526666666666667,0.169,0.0,2026091602,10,300,3000,5,0.5,0.1,0.05,mixed,0.8
random_rater_cp,0.9506666666666667,0.8594054994671775,2.775,0.14533333333333334,0.0,2026091602,10,300,3000,5,0.5,0.1,0.05,mixed,0.8
naive_panel_cp,0.86,0.7163980745597419,2.1653333333333333,0.22933333333333333,0.0,2026091602,10,300,3000,5,0.5,0.1,0.05,mixed,0.8
ptcp,1.0,0.9950928295313749,4.859333333333334,0.0,0.8593333333333333,2026091602,10,300,3000,5,0.5,0.1,0.05,mixed,0.8
ptcp_randomized,1.0,0.9722639259605458,4.301666666666667,0.0,0.3016666666666667,2026091602,10,300,3000,5,0.5,0.1,0.05,mixed,0.8
majority_cp,0.9333333333333333,0.8400999717007335,2.6723333333333334,0.168,0.0,2026091603,10,300,3000,5,0.5,0.1,0.05,mixed,0.8
random_rater_cp,0.9713333333333334,0.9038937911176435,3.034,0.096,0.0,2026091603,10,300,3000,5,0.5,0.1,0.05,mixed,0.8
naive_panel_cp,0.9066666666666666,0.7949254324799907,2.4713333333333334,0.197,0.0,2026091603,10,300,3000,5,0.5,0.1,0.05,mixed,0.8
ptcp,1.0,0.9938792096420054,4.8453333333333335,0.0,0.8453333333333334,2026091603,10,300,3000,5,0.5,0.1,0.05,mixed,0.8
ptcp_randomized,1.0,0.9634351788800337,4.058666666666666,0.0,0.058666666666666666,2026091603,10,300,3000,5,0.5,0.1,0.05,mixed,0.8
majority_cp,0.909,0.7921587282967129,2.4726666666666666,0.19,0.0,2026091604,10,300,3000,5,0.5,0.1,0.05,mixed,0.8
random_rater_cp,0.9873333333333333,0.9280959044559877,3.213,0.059,0.0,2026091604,10,300,3000,5,0.5,0.1,0.05,mixed,0.8
naive_panel_cp,0.8866666666666667,0.7588739676994479,2.3226666666666667,0.21033333333333334,0.0,2026091604,10,300,3000,5,0.5,0.1,0.05,mixed,0.8
ptcp,1.0,0.9952891729673506,4.859666666666667,0.0,0.8596666666666667,2026091604,10,300,3000,5,0.5,0.1,0.05,mixed,0.8
ptcp_randomized,0.9926666666666667,0.9404771826474259,3.36,0.037333333333333336,0.0,2026091604,10,300,3000,5,0.5,0.1,0.05,mixed,0.8
majority_cp,0.9316666666666666,0.8357545052819377,2.683666666666667,0.15833333333333333,0.0,2026091605,10,300,3000,5,0.5,0.1,0.05,mixed,0.8
random_rater_cp,0.9793333333333333,0.9159799728464327,3.1213333333333333,0.07866666666666666,0.0,2026091605,10,300,3000,5,0.5,0.1,0.05,mixed,0.8
naive_panel_cp,0.9023333333333333,0.7788320983294764,2.404,0.20466666666666666,0.0,2026091605,10,300,3000,5,0.5,0.1,0.05,mixed,0.8
ptcp,1.0,0.9954260016885892,4.863666666666667,0.0,0.8636666666666667,2026091605,10,300,3000,5,0.5,0.1,0.05,mixed,0.8
ptcp_randomized,1.0,0.9713563553275298,4.298,0.0,0.298,2026091605,10,300,3000,5,0.5,0.1,0.05,mixed,0.8
majority_cp,0.9516666666666667,0.8602681342528188,2.8273333333333333,0.132,0.0,2026091606,10,300,3000,5,0.5,0.1,0.05,mixed,0.8
random_rater_cp,0.9746666666666667,0.900619566606863,3.058333333333333,0.09066666666666667,0.0,2026091606,10,300,3000,5,0.5,0.1,0.05,mixed,0.8
naive_panel_cp,0.925,0.8142221800926245,2.5993333333333335,0.17,0.0,2026091606,10,300,3000,5,0.5,0.1,0.05,mixed,0.8
ptcp,1.0,0.9948403155955041,4.862,0.0,0.862,2026091606,10,300,3000,5,0.5,0.1,0.05,mixed,0.8
ptcp_randomized,0.998,0.9489242421592599,3.5686666666666667,0.014666666666666666,0.0,2026091606,10,300,3000,5,0.5,0.1,0.05,mixed,0.8
majority_cp,0.937,0.8443406753679822,2.7136666666666667,0.157,0.0,2026091607,10,300,3000,5,0.5,0.1,0.05,mixed,0.8
random_rater_cp,0.9523333333333334,0.8721550890759667,2.8606666666666665,0.13166666666666665,0.0,2026091607,10,300,3000,5,0.5,0.1,0.05,mixed,0.8
naive_panel_cp,0.9036666666666666,0.7832415505476461,2.4203333333333332,0.20133333333333334,0.0,2026091607,10,300,3000,5,0.5,0.1,0.05,mixed,0.8
ptcp,1.0,0.9948594720671472,4.859,0.0,0.859,2026091607,10,300,3000,5,0.5,0.1,0.05,mixed,0.8
ptcp_randomized,0.9973333333333333,0.949116558911037,3.5246666666666666,0.015333333333333332,0.0,2026091607,10,300,3000,5,0.5,0.1,0.05,mixed,0.8
majority_cp,0.9496666666666667,0.8534215961023187,2.736,0.155,0.0,2026091608,10,300,3000,5,0.5,0.1,0.05,mixed,0.8
random_rater_cp,0.9553333333333334,0.8662133865699214,2.8093333333333335,0.142,0.0,2026091608,10,300,3000,5,0.5,0.1,0.05,mixed,0.8
naive_panel_cp,0.9033333333333333,0.7798492210860407,2.4156666666666666,0.20366666666666666,0.0,2026091608,10,300,3000,5,0.5,0.1,0.05,mixed,0.8
ptcp,1.0,0.9955815471596565,4.867,0.0,0.867,2026091608,10,300,3000,5,0.5,0.1,0.05,mixed,0.8
ptcp_randomized,0.9983333333333333,0.9524441074590668,3.5313333333333334,0.012,0.0,2026091608,10,300,3000,5,0.5,0.1,0.05,mixed,0.8
majority_cp,0.9663333333333334,0.8901485222587936,2.922,0.11366666666666667,0.0,2026091609,10,300,3000,5,0.5,0.1,0.05,mixed,0.8
random_rater_cp,0.981,0.9153758530562892,3.0796666666666668,0.07933333333333334,0.0,2026091609,10,300,3000,5,0.5,0.1,0.05,mixed,0.8
naive_panel_cp,0.918,0.81007799393455,2.512,0.18966666666666668,0.0,2026091609,10,300,3000,5,0.5,0.1,0.05,mixed,0.8
ptcp,1.0,0.9956977580574469,4.863,0.0,0.863,2026091609,10,300,3000,5,0.5,0.1,0.05,mixed,0.8
ptcp_randomized,0.999,0.9547311213850248,3.607666666666667,0.007,0.0,2026091609,10,300,3000,5,0.5,0.1,0.05,mixed,0.8
majority_cp,0.964,0.8809148511604772,2.8973333333333335,0.11833333333333333,0.0,2026091610,10,300,3000,5,0.5,0.1,0.05,mixed,0.8
random_rater_cp,0.9853333333333333,0.9251124894553074,3.232666666666667,0.056666666666666664,0.0,2026091610,10,300,3000,5,0.5,0.1,0.05,mixed,0.8
naive_panel_cp,0.9203333333333333,0.8074524475183349,2.5376666666666665,0.17566666666666667,0.0,2026091610,10,300,3000,5,0.5,0.1,0.05,mixed,0.8
ptcp,1.0,0.9954959141059034,4.867333333333334,0.0,0.8673333333333333,2026091610,10,300,3000,5,0.5,0.1,0.05,mixed,0.8
ptcp_randomized,1.0,0.9616550313909229,4.053333333333334,0.0,0.05333333333333334,2026091610,10,300,3000,5,0.5,0.1,0.05,mixed,0.8
majority_cp,0.9526666666666667,0.8641857676471635,2.7936666666666667,0.141,0.0,2026091611,10,300,3000,5,0.5,0.1,0.05,mixed,0.8
random_rater_cp,0.9903333333333333,0.9352719982463646,3.2773333333333334,0.04833333333333333,0.0,2026091611,10,300,3000,5,0.5,0.1,0.05,mixed,0.8
naive_panel_cp,0.9313333333333333,0.8257275139340994,2.607,0.17433333333333334,0.0,2026091611,10,300,3000,5,0.5,0.1,0.05,mixed,0.8
ptcp,1.0,0.9953304580324238,4.866666666666666,0.0,0.8666666666666667,2026091611,10,300,3000,5,0.5,0.1,0.05,mixed,0.8
ptcp_randomized,0.9976666666666667,0.9534090621271964,3.595666666666667,0.007666666666666666,0.0,2026091611,10,300,3000,5,0.5,0.1,0.05,mixed,0.8
majority_cp,0.924,0.8220377908576256,2.6073333333333335,0.18,0.0,2026091612,10,300,3000,5,0.5,0.1,0.05,mixed,0.8
random_rater_cp,0.967,0.8960729533275071,3.0033333333333334,0.104,0.0,2026091612,10,300,3000,5,0.5,0.1,0.05,mixed,0.8
naive_panel_cp,0.8896666666666667,0.770594512693044,2.398,0.204,0.0,2026091612,10,300,3000,5,0.5,0.1,0.05,mixed,0.8
ptcp,1.0,0.9956503337965513,4.870333333333333,0.0,0.8703333333333333,2026091612,10,300,3000,5,0.5,0.1,0.05,mixed,0.8
ptcp_randomized,0.999,0.9560413118154514,3.6806666666666668,0.004,0.0,2026091612,10,300,3000,5,0.5,0.1,0.05,mixed,0.8
majority_cp,0.931,0.8245121432038619,2.643,0.17233333333333334,0.0,2026091613,10,300,3000,5,0.5,0.1,0.05,mixed,0.8
random_rater_cp,0.983,0.9196843471254651,3.1983333333333333,0.06733333333333333,0.0,2026091613,10,300,3000,5,0.5,0.1,0.05,mixed,0.8
naive_panel_cp,0.8953333333333333,0.7642515960705344,2.380333333333333,0.21433333333333332,0.0,2026091613,10,300,3000,5,0.5,0.1,0.05,mixed,0.8
ptcp,1.0,0.994630103705856,4.858666666666666,0.0,0.8586666666666667,2026091613,10,300,3000,5,0.5,0.1,0.05,mixed,0.8
ptcp_randomized,1.0,0.9703579365192425,4.281666666666666,0.0,0.2816666666666667,2026091613,10,300,3000,5,0.5,0.1,0.05,mixed,0.8
majority_cp,0.9356666666666666,0.8332434728711938,2.655666666666667,0.16766666666666666,0.0,2026091614,10,300,3000,5,0.5,0.1,0.05,mixed,0.8
random_rater_cp,0.9473333333333334,0.8552577618733628,2.764666666666667,0.153,0.0,2026091614,10,300,3000,5,0.5,0.1,0.05,mixed,0.8
naive_panel_cp,0.8866666666666667,0.7492454336892551,2.2763333333333335,0.22,0.0,2026091614,10,300,3000,5,0.5,0.1,0.05,mixed,0.8
ptcp,1.0,0.9954058941030737,4.87,0.0,0.87,2026091614,10,300,3000,5,0.5,0.1,0.05,mixed,0.8
ptcp_randomized,1.0,0.9954058941030737,4.87,0.0,0.87,2026091614,10,300,3000,5,0.5,0.1,0.05,mixed,0.8
majority_cp,0.927,0.8343411745668642,2.6903333333333332,0.15966666666666668,0.0,2026091615,10,300,3000,5,0.5,0.1,0.05,mixed,0.8
random_rater_cp,0.9733333333333334,0.9091326578669411,3.103666666666667,0.08366666666666667,0.0,2026091615,10,300,3000,5,0.5,0.1,0.05,mixed,0.8
naive_panel_cp,0.9056666666666666,0.800147745630124,2.5343333333333335,0.18466666666666667,0.0,2026091615,10,300,3000,5,0.5,0.1,0.05,mixed,0.8
ptcp,1.0,0.9953738635341024,4.857333333333333,0.0,0.8573333333333333,2026091615,10,300,3000,5,0.5,0.1,0.05,mixed,0.8
ptcp_randomized,0.99,0.9369886884639718,3.344333333333333,0.04066666666666666,0.0,2026091615,10,300,3000,5,0.5,0.1,0.05,mixed,0.8
majority_cp,0.9463333333333334,0.840111411021809,2.6746666666666665,0.17,0.0,2026091616,10,300,3000,5,0.5,0.1,0.05,mixed,0.8
random_rater_cp,0.9866666666666667,0.9241480461648938,3.1863333333333332,0.065,0.0,2026091616,10,300,3000,5,0.5,0.1,0.05,mixed,0.8
naive_panel_cp,0.9216666666666666,0.7997960040978632,2.485333333333333,0.19233333333333333,0.0,2026091616,10,300,3000,5,0.5,0.1,0.05,mixed,0.8
ptcp,1.0,0.9944097413181198,4.856333333333334,0.0,0.8563333333333333,2026091616,10,300,3000,5,0.5,0.1,0.05,mixed,0.8
ptcp_randomized,0.9976666666666667,0.9502202029170758,3.5286666666666666,0.013333333333333334,0.0,2026091616,10,300,3000,5,0.5,0.1,0.05,mixed,0.8
majority_cp,0.9496666666666667,0.8564572085365559,2.7653333333333334,0.14833333333333334,0.0,2026091617,10,300,3000,5,0.5,0.1,0.05,mixed,0.8
random_rater_cp,0.972,0.8966343857052806,2.9833333333333334,0.10233333333333333,0.0,2026091617,10,300,3000,5,0.5,0.1,0.05,mixed,0.8
naive_panel_cp,0.927,0.815747255113949,2.5536666666666665,0.18933333333333333,0.0,2026091617,10,300,3000,5,0.5,0.1,0.05,mixed,0.8
ptcp,1.0,0.9951708578527887,4.858666666666666,0.0,0.8586666666666667,2026091617,10,300,3000,5,0.5,0.1,0.05,mixed,0.8
ptcp_randomized,0.9996666666666667,0.9570974143285389,3.7216666666666667,0.0036666666666666666,0.0,2026091617,10,300,3000,5,0.5,0.1,0.05,mixed,0.8
majority_cp,0.9256666666666666,0.8153008649487474,2.5493333333333332,0.18533333333333332,0.0,2026091618,10,300,3000,5,0.5,0.1,0.05,mixed,0.8
random_rater_cp,0.969,0.8896200246898254,2.9366666666666665,0.116,0.0,2026091618,10,300,3000,5,0.5,0.1,0.05,mixed,0.8
naive_panel_cp,0.9016666666666666,0.7709202831637396,2.341666666666667,0.21533333333333332,0.0,2026091618,10,300,3000,5,0.5,0.1,0.05,mixed,0.8
ptcp,1.0,0.9944654223859819,4.854,0.0,0.854,2026091618,10,300,3000,5,0.5,0.1,0.05,mixed,0.8
ptcp_randomized,0.9996666666666667,0.9715993824438433,4.305,0.0,0.305,2026091618,10,300,3000,5,0.5,0.1,0.05,mixed,0.8
majority_cp,0.9506666666666667,0.8640817442219464,2.8396666666666666,0.13366666666666666,0.0,2026091619,10,300,3000,5,0.5,0.1,0.05,mixed,0.8
random_rater_cp,0.9616666666666667,0.8855779139754836,2.9623333333333335,0.11666666666666667,0.0,2026091619,10,300,3000,5,0.5,0.1,0.05,mixed,0.8
naive_panel_cp,0.9176666666666666,0.8017243848434251,2.522,0.18366666666666667,0.0,2026091619,10,300,3000,5,0.5,0.1,0.05,mixed,0.8
ptcp,0.9996666666666667,0.9718043235396735,4.283666666666667,0.0,0.2836666666666667,2026091619,10,300,3000,5,0.5,0.1,0.05,mixed,0.8
ptcp_randomized,0.987,0.9283125356937928,3.274,0.057,0.0,2026091619,10,300,3000,5,0.5,0.1,0.05,mixed,0.8
majority_cp,0.8966666666666666,0.7860005914104803,2.453333333333333,0.18166666666666667,0.0,2026091620,10,300,3000,5,0.5,0.1,0.05,mixed,0.8
random_rater_cp,0.9463333333333334,0.8648614856980235,2.811,0.143,0.0,2026091620,10,300,3000,5,0.5,0.1,0.05,mixed,0.8
naive_panel_cp,0.8733333333333333,0.7488874866443627,2.289,0.21133333333333335,0.0,2026091620,10,300,3000,5,0.5,0.1,0.05,mixed,0.8
ptcp,1.0,0.9733185700841899,4.285,0.0,0.285,2026091620,10,300,3000,5,0.5,0.1,0.05,mixed,0.8
ptcp_randomized,0.985,0.9300239895545938,3.2363333333333335,0.05466666666666667,0.0,2026091620,10,300,3000,5,0.5,0.1,0.05,mixed,0.8
majority_cp,0.9503333333333334,0.8622287038694243,2.796,0.14433333333333334,0.0,2026091621,10,300,3000,5,0.5,0.1,0.05,mixed,0.8
random_rater_cp,0.9733333333333334,0.8991548349612024,2.9966666666666666,0.10666666666666667,0.0,2026091621,10,300,3000,5,0.5,0.1,0.05,mixed,0.8
naive_panel_cp,0.9306666666666666,0.8269247627074018,2.618333333333333,0.18,0.0,2026091621,10,300,3000,5,0.5,0.1,0.05,mixed,0.8
ptcp,1.0,0.9948115764588881,4.847333333333333,0.0,0.8473333333333334,2026091621,10,300,3000,5,0.5,0.1,0.05,mixed,0.8
ptcp_randomized,1.0,0.9723897325015347,4.293666666666667,0.0,0.2936666666666667,2026091621,10,300,3000,5,0.5,0.1,0.05,mixed,0.8
majority_cp,0.9443333333333334,0.8524607725753273,2.7506666666666666,0.16,0.0,2026091622,10,300,3000,5,0.5,0.1,0.05,mixed,0.8
random_rater_cp,0.986,0.9229417211556703,3.153,0.07266666666666667,0.0,2026091622,10,300,3000,5,0.5,0.1,0.05,mixed,0.8
naive_panel_cp,0.923,0.820424712070581,2.6013333333333333,0.18133333333333335,0.0,2026091622,10,300,3000,5,0.5,0.1,0.05,mixed,0.8
ptcp,1.0,0.9952249321502931,4.861,0.0,0.861,2026091622,10,300,3000,5,0.5,0.1,0.05,mixed,0.8
ptcp_randomized,1.0,0.9952249321502931,4.861,0.0,0.861,2026091622,10,300,3000,5,0.5,0.1,0.05,mixed,0.8
majority_cp,0.9413333333333334,0.8467466990921826,2.711333333333333,0.16333333333333333,0.0,2026091623,10,300,3000,5,0.5,0.1,0.05,mixed,0.8
random_rater_cp,0.9733333333333334,0.9060807712387261,3.043,0.097,0.0,2026091623,10,300,3000,5,0.5,0.1,0.05,mixed,0.8
naive_panel_cp,0.9106666666666666,0.798032788447796,2.497,0.18633333333333332,0.0,2026091623,10,300,3000,5,0.5,0.1,0.05,mixed,0.8
ptcp,1.0,0.9950648854677159,4.858333333333333,0.0,0.8583333333333333,2026091623,10,300,3000,5,0.5,0.1,0.05,mixed,0.8
ptcp_randomized,0.9956666666666667,0.9455753874516407,3.426,0.027666666666666666,0.0,2026091623,10,300,3000,5,0.5,0.1,0.05,mixed,0.8
majority_cp,0.9273333333333333,0.8323590428221282,2.6416666666666666,0.165,0.0,2026091624,10,300,3000,5,0.5,0.1,0.05,mixed,0.8
random_rater_cp,0.9726666666666667,0.907928545498261,3.051,0.08566666666666667,0.0,2026091624,10,300,3000,5,0.5,0.1,0.05,mixed,0.8
naive_panel_cp,0.897,0.7816259365844914,2.4183333333333334,0.19866666666666666,0.0,2026091624,10,300,3000,5,0.5,0.1,0.05,mixed,0.8
ptcp,1.0,0.9954528154865709,4.851666666666667,0.0,0.8516666666666667,2026091624,10,300,3000,5,0.5,0.1,0.05,mixed,0.8
ptcp_randomized,1.0,0.9720692253780027,4.293666666666667,0.0,0.2936666666666667,2026091624,10,300,3000,5,0.5,0.1,0.05,mixed,0.8
majority_cp,0.9263333333333333,0.8177206424893326,2.5796666666666668,0.177,0.0,2026091625,10,300,3000,5,0.5,0.1,0.05,mixed,0.8
random_rater_cp,0.9826666666666667,0.9158580420529115,3.0906666666666665,0.089,0.0,2026091625,10,300,3000,5,0.5,0.1,0.05,mixed,0.8
naive_panel_cp,0.8693333333333333,0.7276527554949604,2.1816666666666666,0.23466666666666666,0.0,2026091625,10,300,3000,5,0.5,0.1,0.05,mixed,0.8
ptcp,1.0,0.9958493764072612,4.873,0.0,0.873,2026091625,10,300,3000,5,0.5,0.1,0.05,mixed,0.8
ptcp_randomized,1.0,0.9719281379414461,4.307666666666667,0.0,0.30766666666666664,2026091625,10,300,3000,5,0.5,0.1,0.05,mixed,0.8
majority_cp,0.9113333333333333,0.7900962972035016,2.4476666666666667,0.199,0.0,2026091626,10,300,3000,5,0.5,0.1,0.05,mixed,0.8
random_rater_cp,0.977,0.9102170191309081,3.087,0.07833333333333334,0.0,2026091626,10,300,3000,5,0.5,0.1,0.05,mixed,0.8
naive_panel_cp,0.879,0.7460286218051979,2.2623333333333333,0.225,0.0,2026091626,10,300,3000,5,0.5,0.1,0.05,mixed,0.8
ptcp,1.0,0.9953451998235752,4.863333333333333,0.0,0.8633333333333333,2026091626,10,300,3000,5,0.5,0.1,0.05,mixed,0.8
ptcp_randomized,0.999,0.9560278329484193,3.692,0.004333333333333333,0.0,2026091626,10,300,3000,5,0.5,0.1,0.05,mixed,0.8
majority_cp,0.9443333333333334,0.8563560736740895,2.7436666666666665,0.14933333333333335,0.0,2026091627,10,300,3000,5,0.5,0.1,0.05,mixed,0.8
random_rater_cp,0.9723333333333334,0.9044181822863544,3.0163333333333333,0.09733333333333333,0.0,2026091627,10,300,3000,5,0.5,0.1,0.05,mixed,0.8
naive_panel_cp,0.9066666666666666,0.795031184730204,2.4566666666666666,0.19366666666666665,0.0,2026091627,10,300,3000,5,0.5,0.1,0.05,mixed,0.8
ptcp,1.0,0.9952585770661384,4.862333333333333,0.0,0.8623333333333333,2026091627,10,300,3000,5,0.5,0.1,0.05,mixed,0.8
ptcp_randomized,0.998,0.9534610963030654,3.5153333333333334,0.017333333333333333,0.0,2026091627,10,300,3000,5,0.5,0.1,0.05,mixed,0.8
majority_cp,0.9243333333333333,0.8097734139774369,2.564,0.19633333333333333,0.0,2026091628,10,300,3000,5,0.5,0.1,0.05,mixed,0.8
random_rater_cp,0.972,0.8990694403411205,3.033333333333333,0.09533333333333334,0.0,2026091628,10,300,3000,5,0.5,0.1,0.05,mixed,0.8
naive_panel_cp,0.9056666666666666,0.7763213090146188,2.4026666666666667,0.218,0.0,2026091628,10,300,3000,5,0.5,0.1,0.05,mixed,0.8
ptcp,1.0,0.9952928746143335,4.854333333333333,0.0,0.8543333333333333,2026091628,10,300,3000,5,0.5,0.1,0.05,mixed,0.8
ptcp_randomized,0.995,0.9439751812343219,3.4403333333333332,0.023,0.0,2026091628,10,300,3000,5,0.5,0.1,0.05,mixed,0.8
majority_cp,0.915,0.8028848575143429,2.530666666666667,0.17566666666666667,0.0,2026091629,10,300,3000,5,0.5,0.1,0.05,mixed,0.8
random_rater_cp,0.974,0.9066159316911798,3.0763333333333334,0.09333333333333334,0.0,2026091629,10,300,3000,5,0.5,0.1,0.05,mixed,0.8
naive_panel_cp,0.889,0.7620809496636436,2.3506666666666667,0.213,0.0,2026091629,10,300,3000,5,0.5,0.1,0.05,mixed,0.8
ptcp,1.0,0.9956778128985616,4.854333333333333,0.0,0.8543333333333333,2026091629,10,300,3000,5,0.5,0.1,0.05,mixed,0.8
ptcp_randomized,0.999,0.9544446895387547,3.643666666666667,0.007666666666666666,0.0,2026091629,10,300,3000,5,0.5,0.1,0.05,mixed,0.8
majority_cp,0.9306666666666666,0.8287406668796696,2.614,0.181,0.0,2026091630,10,300,3000,5,0.5,0.1,0.05,mixed,0.8
random_rater_cp,0.9876666666666667,0.9288063887087216,3.219,0.06266666666666666,0.0,2026091630,10,300,3000,5,0.5,0.1,0.05,mixed,0.8
naive_panel_cp,0.8873333333333333,0.7642311966828981,2.3476666666666666,0.219,0.0,2026091630,10,300,3000,5,0.5,0.1,0.05,mixed,0.8
ptcp,1.0,0.9950382562927867,4.851,0.0,0.851,2026091630,10,300,3000,5,0.5,0.1,0.05,mixed,0.8
ptcp_randomized,1.0,0.9719485197791208,4.291333333333333,0.0,0.29133333333333333,2026091630,10,300,3000,5,0.5,0.1,0.05,mixed,0.8
majority_cp,0.9413333333333334,0.8478422355816971,2.7496666666666667,0.14766666666666667,0.0,2026091631,10,300,3000,5,0.5,0.1,0.05,mixed,0.8
random_rater_cp,0.974,0.9069817344425561,3.1026666666666665,0.078,0.0,2026091631,10,300,3000,5,0.5,0.1,0.05,mixed,0.8
naive_panel_cp,0.905,0.7907610562182374,2.4953333333333334,0.18366666666666667,0.0,2026091631,10,300,3000,5,0.5,0.1,0.05,mixed,0.8
ptcp,1.0,0.995001903815113,4.857333333333333,0.0,0.8573333333333333,2026091631,10,300,3000,5,0.5,0.1,0.05,mixed,0.8
ptcp_randomized,1.0,0.995001903815113,4.857333333333333,0.0,0.8573333333333333,2026091631,10,300,3000,5,0.5,0.1,0.05,mixed,0.8
majority_cp,0.9396666666666667,0.8516231383710064,2.778,0.14133333333333334,0.0,2026091632,10,300,3000,5,0.5,0.1,0.05,mixed,0.8
random_rater_cp,0.9863333333333333,0.9268043746261015,3.224,0.06166666666666667,0.0,2026091632,10,300,3000,5,0.5,0.1,0.05,mixed,0.8
naive_panel_cp,0.881,0.7569589406731674,2.356333333333333,0.19933333333333333,0.0,2026091632,10,300,3000,5,0.5,0.1,0.05,mixed,0.8
ptcp,1.0,0.9954460359152932,4.867666666666667,0.0,0.8676666666666667,2026091632,10,300,3000,5,0.5,0.1,0.05,mixed,0.8
ptcp_randomized,1.0,0.9727794334164555,4.295333333333334,0.0,0.29533333333333334,2026091632,10,300,3000,5,0.5,0.1,0.05,mixed,0.8
majority_cp,0.9673333333333334,0.8828589405255772,2.912,0.12566666666666668,0.0,2026091633,10,300,3000,5,0.5,0.1,0.05,mixed,0.8
random_rater_cp,0.9803333333333333,0.9083164282688442,3.082,0.092,0.0,2026091633,10,300,3000,5,0.5,0.1,0.05,mixed,0.8
naive_panel_cp,0.9263333333333333,0.8172031589852359,2.5986666666666665,0.17733333333333334,0.0,2026091633,10,300,3000,5,0.5,0.1,0.05,mixed,0.8
ptcp,1.0,0.9947044223536047,4.86,0.0,0.86,2026091633,10,300,3000,5,0.5,0.1,0.05,mixed,0.8
ptcp_randomized,1.0,0.958035803117365,3.929333333333333,0.0,0.0,2026091633,10,300,3000,5,0.5,0.1,0.05,mixed,0.8
majority_cp,0.9126666666666666,0.7927670374945777,2.502666666666667,0.18866666666666668,0.0,2026091634,10,300,3000,5,0.5,0.1,0.05,mixed,0.8
random_rater_cp,0.9486666666666667,0.859021779031785,2.824333333333333,0.14,0.0,2026091634,10,300,3000,5,0.5,0.1,0.05,mixed,0.8
naive_panel_cp,0.8853333333333333,0.7491723575781292,2.3143333333333334,0.208,0.0,2026091634,10,300,3000,5,0.5,0.1,0.05,mixed,0.8
ptcp,1.0,0.9946009680819953,4.849,0.0,0.849,2026091634,10,300,3000,5,0.5,0.1,0.05,mixed,0.8
ptcp_randomized,1.0,0.9593055868407194,3.933333333333333,0.0,0.0,2026091634,10,300,3000,5,0.5,0.1,0.05,mixed,0.8
majority_cp,0.9363333333333334,0.8331021827714338,2.6703333333333332,0.16766666666666666,0.0,2026091635,10,300,3000,5,0.5,0.1,0.05,mixed,0.8
random_rater_cp,0.9666666666666667,0.8853016904337218,2.9463333333333335,0.112,0.0,2026091635,10,300,3000,5,0.5,0.1,0.05,mixed,0.8
naive_panel_cp,0.907,0.7815340355725933,2.441666666666667,0.20366666666666666,0.0,2026091635,10,300,3000,5,0.5,0.1,0.05,mixed,0.8
ptcp,1.0,0.9950074368635152,4.859333333333334,0.0,0.8593333333333333,2026091635,10,300,3000,5,0.5,0.1,0.05,mixed,0.8
ptcp_randomized,0.9973333333333333,0.9470724540188671,3.5036666666666667,0.017333333333333333,0.0,2026091635,10,300,3000,5,0.5,0.1,0.05,mixed,0.8
majority_cp,0.958,0.8749317181741008,2.846,0.12833333333333333,0.0,2026091636,10,300,3000,5,0.5,0.1,0.05,mixed,0.8
random_rater_cp,0.9783333333333334,0.9149068362809254,3.1163333333333334,0.068,0.0,2026091636,10,300,3000,5,0.5,0.1,0.05,mixed,0.8
naive_panel_cp,0.9433333333333334,0.8496591612955784,2.713,0.15866666666666668,0.0,2026091636,10,300,3000,5,0.5,0.1,0.05,mixed,0.8
ptcp,1.0,0.9952530769463713,4.8566666666666665,0.0,0.8566666666666667,2026091636,10,300,3000,5,0.5,0.1,0.05,mixed,0.8
ptcp_randomized,0.997,0.9489682482888484,3.462,0.021666666666666667,0.0,2026091636,10,300,3000,5,0.5,0.1,0.05,mixed,0.8
majority_cp,0.9523333333333334,0.8588593708583624,2.7893333333333334,0.14266666666666666,0.0,2026091637,10,300,3000,5,0.5,0.1,0.05,mixed,0.8
random_rater_cp,0.9696666666666667,0.8902174094518371,2.9716666666666667,0.11233333333333333,0.0,2026091637,10,300,3000,5,0.5,0.1,0.05,mixed,0.8
naive_panel_cp,0.9326666666666666,0.8226491338853936,2.6163333333333334,0.164,0.0,2026091637,10,300,3000,5,0.5,0.1,0.05,mixed,0.8
ptcp,1.0,0.9951013616280422,4.864,0.0,0.864,2026091637,10,300,3000,5,0.5,0.1,0.05,mixed,0.8
ptcp_randomized,0.9863333333333333,0.9283044900468587,3.2783333333333333,0.048666666666666664,0.0,2026091637,10,300,3000,5,0.5,0.1,0.05,mixed,0.8
majority_cp,0.9176666666666666,0.8066476884474119,2.536,0.181,0.0,2026091638,10,300,3000,5,0.5,0.1,0.05,mixed,0.8
random_rater_cp,0.9606666666666667,0.8801282973881683,2.8793333333333333,0.138,0.0,2026091638,10,300,3000,5,0.5,0.1,0.05,mixed,0.8
naive_panel_cp,0.8903333333333333,0.763891597974775,2.3546666666666667,0.204,0.0,2026091638,10,300,3000,5,0.5,0.1,0.05,mixed,0.8
ptcp,1.0,0.9952733545618452,4.853666666666666,0.0,0.8536666666666667,2026091638,10,300,3000,5,0.5,0.1,0.05,mixed,0.8
ptcp_randomized,0.9883333333333333,0.9308210873753294,3.2336666666666667,0.06066666666666667,0.0,2026091638,10,300,3000,5,0.5,0.1,0.05,mixed,0.8
majority_cp,0.9423333333333334,0.8408917733107015,2.692,0.16466666666666666,0.0,2026091639,10,300,3000,5,0.5,0.1,0.05,mixed,0.8
random_rater_cp,0.98,0.9148230180936499,3.1266666666666665,0.082,0.0,2026091639,10,300,3000,5,0.5,0.1,0.05,mixed,0.8
naive_panel_cp,0.9006666666666666,0.7738182027118664,2.3966666666666665,0.20633333333333334,0.0,2026091639,10,300,3000,5,0.5,0.1,0.05,mixed,0.8
ptcp,1.0,0.9952656712591463,4.868,0.0,0.868,2026091639,10,300,3000,5,0.5,0.1,0.05,mixed,0.8
ptcp_randomized,0.9983333333333333,0.9541450967599673,3.672,0.007666666666666666,0.0,2026091639,10,300,3000,5,0.5,0.1,0.05,mixed,0.8
majority_cp,0.9403333333333334,0.8387026440599281,2.6326666666666667,0.172,0.0,2026091640,10,300,3000,5,0.5,0.1,0.05,mixed,0.8
random_rater_cp,0.9766666666666667,0.9099649258014681,3.067,0.083,0.0,2026091640,10,300,3000,5,0.5,0.1,0.05,mixed,0.8
naive_panel_cp,0.9026666666666666,0.7745333451937407,2.344333333333333,0.22266666666666668,0.0,2026091640,10,300,3000,5,0.5,0.1,0.05,mixed,0.8
ptcp,1.0,0.9947651510289626,4.8453333333333335,0.0,0.8453333333333334,2026091640,10,300,3000,5,0.5,0.1,0.05,mixed,0.8
ptcp_randomized,1.0,0.9735826722076695,4.298666666666667,0.0,0.2986666666666667,2026091640,10,300,3000,5,0.5,0.1,0.05,mixed,0.8
majority_cp,0.946,0.8577553578200001,2.7823333333333333,0.142,0.0,2026091641,10,300,3000,5,0.5,0.1,0.05,mixed,0.8
random_rater_cp,0.9556666666666667,0.8754336007659906,2.8703333333333334,0.12633333333333333,0.0,2026091641,10,300,3000,5,0.5,0.1,0.05,mixed,0.8
naive_panel_cp,0.9136666666666666,0.8036950151731961,2.533333333333333,0.183,0.0,2026091641,10,300,3000,5,0.5,0.1,0.05,mixed,0.8
ptcp,1.0,0.9952583421200807,4.858333333333333,0.0,0.8583333333333333,2026091641,10,300,3000,5,0.5,0.1,0.05,mixed,0.8
ptcp_randomized,0.9936666666666667,0.9466308442011926,3.429666666666667,0.027666666666666666,0.0,2026091641,10,300,3000,5,0.5,0.1,0.05,mixed,0.8
majority_cp,0.934,0.8379943305503476,2.6806666666666668,0.15566666666666668,0.0,2026091642,10,300,3000,5,0.5,0.1,0.05,mixed,0.8
random_rater_cp,0.9546666666666667,0.8744484394169529,2.8646666666666665,0.12033333333333333,0.0,2026091642,10,300,3000,5,0.5,0.1,0.05,mixed,0.8
naive_panel_cp,0.9076666666666666,0.7902725206692194,2.4596666666666667,0.19533333333333333,0.0,2026091642,10,300,3000,5,0.5,0.1,0.05,mixed,0.8
ptcp,1.0,0.9952478438671442,4.8613333333333335,0.0,0.8613333333333333,2026091642,10,300,3000,5,0.5,0.1,0.05,mixed,0.8
ptcp_randomized,0.996,0.950884391400088,3.537333333333333,0.015333333333333332,0.0,2026091642,10,300,3000,5,0.5,0.1,0.05,mixed,0.8
majority_cp,0.9293333333333333,0.8264869687394427,2.6526666666666667,0.167,0.0,2026091643,10,300,3000,5,0.5,0.1,0.05,mixed,0.8
random_rater_cp,0.9763333333333334,0.9094065395308926,3.099666666666667,0.08833333333333333,0.0,2026091643,10,300,3000,5,0.5,0.1,0.05,mixed,0.8
naive_panel_cp,0.905,0.7853494169740591,2.4603333333333333,0.197,0.0,2026091643,10,300,3000,5,0.5,0.1,0.05,mixed,0.8
ptcp,1.0,0.9948756511113052,4.863,0.0,0.863,2026091643,10,300,3000,5,0.5,0.1,0.05,mixed,0.8
ptcp_randomized,0.992,0.9357429431651126,3.316,0.043666666666666666,0.0,2026091643,10,300,3000,5,0.5,0.1,0.05,mixed,0.8
majority_cp,0.936,0.8387731379987174,2.6856666666666666,0.15633333333333332,0.0,2026091644,10,300,3000,5,0.5,0.1,0.05,mixed,0.8
random_rater_cp,0.9703333333333334,0.901812848856837,3.04,0.09433333333333334,0.0,2026091644,10,300,3000,5,0.5,0.1,0.05,mixed,0.8
naive_panel_cp,0.909,0.7966673940004739,2.5003333333333333,0.17966666666666667,0.0,2026091644,10,300,3000,5,0.5,0.1,0.05,mixed,0.8
ptcp,1.0,0.9950835985054873,4.86,0.0,0.86,2026091644,10,300,3000,5,0.5,0.1,0.05,mixed,0.8
ptcp_randomized,0.996,0.9493326810565627,3.481,0.024666666666666667,0.0,2026091644,10,300,3000,5,0.5,0.1,0.05,mixed,0.8
majority_cp,0.9423333333333334,0.8447658681565463,2.7186666666666666,0.16233333333333333,0.0,2026091645,10,300,3000,5,0.5,0.1,0.05,mixed,0.8
random_rater_cp,0.9783333333333334,0.9089883186307948,3.093,0.087,0.0,2026091645,10,300,3000,5,0.5,0.1,0.05,mixed,0.8
naive_panel_cp,0.921,0.8079211391264101,2.538666666666667,0.19,0.0,2026091645,10,300,3000,5,0.5,0.1,0.05,mixed,0.8
ptcp,1.0,0.9950421278032209,4.849,0.0,0.849,2026091645,10,300,3000,5,0.5,0.1,0.05,mixed,0.8
ptcp_randomized,0.9996666666666667,0.9617363308115862,4.0536666666666665,0.0,0.05366666666666667,2026091645,10,300,3000,5,0.5,0.1,0.05,mixed,0.8
majority_cp,0.9443333333333334,0.8515276956750606,2.786,0.138,0.0,2026091646,10,300,3000,5,0.5,0.1,0.05,mixed,0.8
random_rater_cp,0.9703333333333334,0.897968882917129,3.049,0.08866666666666667,0.0,2026091646,10,300,3000,5,0.5,0.1,0.05,mixed,0.8
naive_panel_cp,0.9083333333333333,0.7903551567372421,2.485333333333333,0.184,0.0,2026091646,10,300,3000,5,0.5,0.1,0.05,mixed,0.8
ptcp,1.0,0.9953064563124605,4.852666666666667,0.0,0.8526666666666667,2026091646,10,300,3000,5,0.5,0.1,0.05,mixed,0.8
ptcp_randomized,0.9996666666666667,0.9569845432658437,3.801,0.0003333333333333333,0.0,2026091646,10,300,3000,5,0.5,0.1,0.05,mixed,0.8
majority_cp,0.9416666666666667,0.8387501410526674,2.683666666666667,0.163,0.0,2026091647,10,300,3000,5,0.5,0.1,0.05,mixed,0.8
random_rater_cp,0.9653333333333334,0.8818527601389414,2.9126666666666665,0.12,0.0,2026091647,10,300,3000,5,0.5,0.1,0.05,mixed,0.8
naive_panel_cp,0.921,0.8061947814936339,2.539,0.18633333333333332,0.0,2026091647,10,300,3000,5,0.5,0.1,0.05,mixed,0.8
ptcp,1.0,0.9947492761887594,4.862,0.0,0.862,2026091647,10,300,3000,5,0.5,0.1,0.05,mixed,0.8
ptcp_randomized,0.9983333333333333,0.9479801623588169,3.5086666666666666,0.018333333333333333,0.0,2026091647,10,300,3000,5,0.5,0.1,0.05,mixed,0.8
majority_cp,0.931,0.820191138815886,2.6016666666666666,0.17766666666666667,0.0,2026091648,10,300,3000,5,0.5,0.1,0.05,mixed,0.8
random_rater_cp,0.9806666666666667,0.9088472930931647,3.070666666666667,0.09033333333333333,0.0,2026091648,10,300,3000,5,0.5,0.1,0.05,mixed,0.8
naive_panel_cp,0.9006666666666666,0.7728808635772578,2.412333333333333,0.204,0.0,2026091648,10,300,3000,5,0.5,0.1,0.05,mixed,0.8
ptcp,1.0,0.995390375879406,4.863333333333333,0.0,0.8633333333333333,2026091648,10,300,3000,5,0.5,0.1,0.05,mixed,0.8
ptcp_randomized,0.9986666666666667,0.9533534391337036,3.6616666666666666,0.006666666666666667,0.0,2026091648,10,300,3000,5,0.5,0.1,0.05,mixed,0.8
majority_cp,0.9453333333333334,0.854917906862264,2.7756666666666665,0.145,0.0,2026091649,10,300,3000,5,0.5,0.1,0.05,mixed,0.8
random_rater_cp,0.961,0.8806984749471194,2.9126666666666665,0.11966666666666667,0.0,2026091649,10,300,3000,5,0.5,0.1,0.05,mixed,0.8
naive_panel_cp,0.921,0.8139135803771266,2.5793333333333335,0.176,0.0,2026091649,10,300,3000,5,0.5,0.1,0.05,mixed,0.8
ptcp,1.0,0.9948228999920378,4.865333333333333,0.0,0.8653333333333333,2026091649,10,300,3000,5,0.5,0.1,0.05,mixed,0.8
ptcp_randomized,0.9993333333333333,0.9546871178528019,3.6483333333333334,0.005333333333333333,0.0,2026091649,10,300,3000,5,0.5,0.1,0.05,mixed,0.8
majority_cp,0.9583333333333334,0.8689709148230302,2.8183333333333334,0.14633333333333334,0.0,2026091650,10,300,3000,5,0.5,0.1,0.05,mixed,0.8
random_rater_cp,0.993,0.935182292430405,3.28,0.05366666666666667,0.0,2026091650,10,300,3000,5,0.5,0.1,0.05,mixed,0.8
naive_panel_cp,0.9153333333333333,0.7964626030334393,2.470666666666667,0.198,0.0,2026091650,10,300,3000,5,0.5,0.1,0.05,mixed,0.8
ptcp,1.0,0.9951852854101665,4.859,0.0,0.859,2026091650,10,300,3000,5,0.5,0.1,0.05,mixed,0.8
ptcp_randomized,1.0,0.9734002995796789,4.295333333333334,0.0,0.29533333333333334,2026091650,10,300,3000,5,0.5,0.1,0.05,mixed,0.8
majority_cp,0.9283333333333333,0.8313906914665079,2.68,0.157,0.0,2026091651,10,300,3000,5,0.5,0.1,0.05,mixed,0.8
random_rater_cp,0.965,0.8945214519799218,3.0183333333333335,0.09566666666666666,0.0,2026091651,10,300,3000,5,0.5,0.1,0.05,mixed,0.8
naive_panel_cp,0.8983333333333333,0.7794637965167064,2.437333333333333,0.198,0.0,2026091651,10,300,3000,5,0.5,0.1,0.05,mixed,0.8
ptcp,1.0,0.9957927070176359,4.864,0.0,0.864,2026091651,10,300,3000,5,0.5,0.1,0.05,mixed,0.8
ptcp_randomized,0.998,0.9518420284731819,3.602,0.011,0.0,2026091651,10,300,3000,5,0.5,0.1,0.05,mixed,0.8
majority_cp,0.9386666666666666,0.847525132109925,2.7556666666666665,0.145,0.0,2026091652,10,300,3000,5,0.5,0.1,0.05,mixed,0.8
random_rater_cp,0.9813333333333333,0.9172379814721295,3.1426666666666665,0.073,0.0,2026091652,10,300,3000,5,0.5,0.1,0.05,mixed,0.8
naive_panel_cp,0.9083333333333333,0.7967796601799859,2.5263333333333335,0.18166666666666667,0.0,2026091652,10,300,3000,5,0.5,0.1,0.05,mixed,0.8
ptcp,1.0,0.9949736395522365,4.858666666666666,0.0,0.8586666666666667,2026091652,10,300,3000,5,0.5,0.1,0.05,mixed,0.8
ptcp_randomized,0.9993333333333333,0.9528211944709062,3.6326666666666667,0.008333333333333333,0.0,2026091652,10,300,3000,5,0.5,0.1,0.05,mixed,0.8
majority_cp,0.9206666666666666,0.8098133575141471,2.5406666666666666,0.17733333333333334,0.0,2026091653,10,300,3000,5,0.5,0.1,0.05,mixed,0.8
random_rater_cp,0.972,0.8988630135980437,2.997,0.10266666666666667,0.0,2026091653,10,300,3000,5,0.5,0.1,0.05,mixed,0.8
naive_panel_cp,0.892,0.763752844621535,2.3393333333333333,0.20266666666666666,0.0,2026091653,10,300,3000,5,0.5,0.1,0.05,mixed,0.8
ptcp,1.0,0.9953572251641425,4.8646666666666665,0.0,0.8646666666666667,2026091653,10,300,3000,5,0.5,0.1,0.05,mixed,0.8
ptcp_randomized,0.9993333333333333,0.9539801821383156,3.594333333333333,0.012333333333333333,0.0,2026091653,10,300,3000,5,0.5,0.1,0.05,mixed,0.8
majority_cp,0.9423333333333334,0.8502693140160538,2.7663333333333333,0.149,0.0,2026091654,10,300,3000,5,0.5,0.1,0.05,mixed,0.8
random_rater_cp,0.976,0.9138041218510762,3.1366666666666667,0.07466666666666667,0.0,2026091654,10,300,3000,5,0.5,0.1,0.05,mixed,0.8
naive_panel_cp,0.9053333333333333,0.7957474462731795,2.524,0.18266666666666667,0.0,2026091654,10,300,3000,5,0.5,0.1,0.05,mixed,0.8
ptcp,1.0,0.9950045504686016,4.855333333333333,0.0,0.8553333333333333,2026091654,10,300,3000,5,0.5,0.1,0.05,mixed,0.8
ptcp_randomized,1.0,0.9598207303698532,3.8863333333333334,0.0,0.0,2026091654,10,300,3000,5,0.5,0.1,0.05,mixed,0.8
majority_cp,0.94,0.8433351434155792,2.734,0.149,0.0,2026091655,10,300,3000,5,0.5,0.1,0.05,mixed,0.8
random_rater_cp,0.9666666666666667,0.8882927860385131,2.9646666666666666,0.11,0.0,2026091655,10,300,3000,5,0.5,0.1,0.05,mixed,0.8
naive_panel_cp,0.9186666666666666,0.801359326164444,2.5196666666666667,0.18966666666666668,0.0,2026091655,10,300,3000,5,0.5,0.1,0.05,mixed,0.8
ptcp,1.0,0.9943258162447302,4.854,0.0,0.854,2026091655,10,300,3000,5,0.5,0.1,0.05,mixed,0.8
ptcp_randomized,0.9986666666666667,0.9520377860895295,3.5883333333333334,0.008,0.0,2026091655,10,300,3000,5,0.5,0.1,0.05,mixed,0.8
majority_cp,0.966,0.8961420223216643,3.0183333333333335,0.102,0.0,2026091656,10,300,3000,5,0.5,0.1,0.05,mixed,0.8
random_rater_cp,0.9836666666666667,0.92345669804,3.2103333333333333,0.06733333333333333,0.0,2026091656,10,300,3000,5,0.5,0.1,0.05,mixed,0.8
naive_panel_cp,0.9426666666666667,0.8579596897460173,2.8213333333333335,0.13433333333333333,0.0,2026091656,10,300,3000,5,0.5,0.1,0.05,mixed,0.8
ptcp,1.0,0.9954503793779662,4.862,0.0,0.862,2026091656,10,300,3000,5,0.5,0.1,0.05,mixed,0.8
ptcp_randomized,0.9956666666666667,0.9496144402579724,3.570666666666667,0.012,0.0,2026091656,10,300,3000,5,0.5,0.1,0.05,mixed,0.8
majority_cp,0.939,0.8418295374552432,2.671333333333333,0.16966666666666666,0.0,2026091657,10,300,3000,5,0.5,0.1,0.05,mixed,0.8
random_rater_cp,0.9773333333333334,0.9078572668208478,3.049,0.09533333333333334,0.0,2026091657,10,300,3000,5,0.5,0.1,0.05,mixed,0.8
naive_panel_cp,0.891,0.7681418626193981,2.3473333333333333,0.21266666666666667,0.0,2026091657,10,300,3000,5,0.5,0.1,0.05,mixed,0.8
ptcp,1.0,0.9955028312729316,4.866666666666666,0.0,0.8666666666666667,2026091657,10,300,3000,5,0.5,0.1,0.05,mixed,0.8
ptcp_randomized,0.9926666666666667,0.9409514599080452,3.3753333333333333,0.033666666666666664,0.0,2026091657,10,300,3000,5,0.5,0.1,0.05,mixed,0.8
majority_cp,0.9533333333333334,0.8657761145450674,2.818,0.13733333333333334,0.0,2026091658,10,300,3000,5,0.5,0.1,0.05,mixed,0.8
random_rater_cp,0.9843333333333333,0.9204074244208739,3.1606666666666667,0.06633333333333333,0.0,2026091658,10,300,3000,5,0.5,0.1,0.05,mixed,0.8
naive_panel_cp,0.9163333333333333,0.8053705595237934,2.5353333333333334,0.17666666666666667,0.0,2026091658,10,300,3000,5,0.5,0.1,0.05,mixed,0.8
ptcp,1.0,0.9951037641784523,4.8566666666666665,0.0,0.8566666666666667,2026091658,10,300,3000,5,0.5,0.1,0.05,mixed,0.8
ptcp_randomized,1.0,0.9715600542714508,4.293,0.0,0.293,2026091658,10,300,3000,5,0.5,0.1,0.05,mixed,0.8
majority_cp,0.9306666666666666,0.8253034492487243,2.6586666666666665,0.161,0.0,2026091659,10,300,3000,5,0.5,0.1,0.05,mixed,0.8
random_rater_cp,0.964,0.8844714805487285,2.967,0.10833333333333334,0.0,2026091659,10,300,3000,5,0.5,0.1,0.05,mixed,0.8
naive_panel_cp,0.8903333333333333,0.7593818344592299,2.364333333333333,0.20266666666666666,0.0,2026091659,10,300,3000,5,0.5,0.1,0.05,mixed,0.8
ptcp,1.0,0.9946910094807078,4.8566666666666665,0.0,0.8566666666666667,2026091659,10,300,3000,5,0.5,0.1,0.05,mixed,0.8
ptcp_randomized,0.9996666666666667,0.9605855039382148,4.055,0.0,0.055,2026091659,10,300,3000,5,0.5,0.1,0.05,mixed,0.8
majority_cp,0.926,0.8257206929346567,2.6346666666666665,0.163,0.0,2026091660,10,300,3000,5,0.5,0.1,0.05,mixed,0.8
random_rater_cp,0.9626666666666667,0.89344085551761,2.999,0.10233333333333333,0.0,2026091660,10,300,3000,5,0.5,0.1,0.05,mixed,0.8
naive_panel_cp,0.8783333333333333,0.7499701504516214,2.304666666666667,0.21133333333333335,0.0,2026091660,10,300,3000,5,0.5,0.1,0.05,mixed,0.8
ptcp,1.0,0.9955810441098368,4.86,0.0,0.86,2026091660,10,300,3000,5,0.5,0.1,0.05,mixed,0.8
ptcp_randomized,0.998,0.9525140994935567,3.583666666666667,0.011,0.0,2026091660,10,300,3000,5,0.5,0.1,0.05,mixed,0.8
majority_cp,0.9333333333333333,0.8340021939830236,2.664,0.16266666666666665,0.0,2026091661,10,300,3000,5,0.5,0.1,0.05,mixed,0.8
random_rater_cp,0.969,0.8953765456785358,2.986666666666667,0.105,0.0,2026091661,10,300,3000,5,0.5,0.1,0.05,mixed,0.8
naive_panel_cp,0.91,0.7942224521148095,2.4673333333333334,0.19333333333333333,0.0,2026091661,10,300,3000,5,0.5,0.1,0.05,mixed,0.8
ptcp,1.0,0.995598944515705,4.868666666666667,0.0,0.8686666666666667,2026091661,10,300,3000,5,0.5,0.1,0.05,mixed,0.8
ptcp_randomized,0.9996666666666667,0.9633168737094044,4.069333333333334,0.0,0.06933333333333333,2026091661,10,300,3000,5,0.5,0.1,0.05,mixed,0.8
majority_cp,0.939,0.8459245215777556,2.683333333333333,0.163,0.0,2026091662,10,300,3000,5,0.5,0.1,0.05,mixed,0.8
random_rater_cp,0.9666666666666667,0.8955357701864832,2.9446666666666665,0.11466666666666667,0.0,2026091662,10,300,3000,5,0.5,0.1,0.05,mixed,0.8
naive_panel_cp,0.925,0.8211760792985321,2.5693333333333332,0.18466666666666667,0.0,2026091662,10,300,3000,5,0.5,0.1,0.05,mixed,0.8
ptcp,1.0,0.9956714350142123,4.861666666666666,0.0,0.8616666666666667,2026091662,10,300,3000,5,0.5,0.1,0.05,mixed,0.8
ptcp_randomized,0.9983333333333333,0.9568118932440556,3.662333333333333,0.005666666666666667,0.0,2026091662,10,300,3000,5,0.5,0.1,0.05,mixed,0.8
majority_cp,0.9283333333333333,0.8337617372916615,2.6643333333333334,0.16233333333333333,0.0,2026091663,10,300,3000,5,0.5,0.1,0.05,mixed,0.8
random_rater_cp,0.9806666666666667,0.918686557507613,3.1453333333333333,0.06966666666666667,0.0,2026091663,10,300,3000,5,0.5,0.1,0.05,mixed,0.8
naive_panel_cp,0.917,0.8157298188907401,2.5893333333333333,0.17433333333333334,0.0,2026091663,10,300,3000,5,0.5,0.1,0.05,mixed,0.8
ptcp,1.0,0.9959630068139772,4.86,0.0,0.86,2026091663,10,300,3000,5,0.5,0.1,0.05,mixed,0.8
ptcp_randomized,0.9946666666666667,0.9434281865843368,3.395,0.029,0.0,2026091663,10,300,3000,5,0.5,0.1,0.05,mixed,0.8
majority_cp,0.933,0.8290098989387341,2.6126666666666667,0.17566666666666667,0.0,2026091664,10,300,3000,5,0.5,0.1,0.05,mixed,0.8
random_rater_cp,0.974,0.9015145707613923,3.0043333333333333,0.10033333333333333,0.0,2026091664,10,300,3000,5,0.5,0.1,0.05,mixed,0.8
naive_panel_cp,0.8846666666666667,0.7522881513278256,2.281,0.218,0.0,2026091664,10,300,3000,5,0.5,0.1,0.05,mixed,0.8
ptcp,1.0,0.9948198876809318,4.859333333333334,0.0,0.8593333333333333,2026091664,10,300,3000,5,0.5,0.1,0.05,mixed,0.8
ptcp_randomized,0.9953333333333333,0.9476256341807595,3.4926666666666666,0.01633333333333333,0.0,2026091664,10,300,3000,5,0.5,0.1,0.05,mixed,0.8
majority_cp,0.944,0.8513416288662323,2.741,0.15133333333333332,0.0,2026091665,10,300,3000,5,0.5,0.1,0.05,mixed,0.8
random_rater_cp,0.981,0.918500756208489,3.1533333333333333,0.07433333333333333,0.0,2026091665,10,300,3000,5,0.5,0.1,0.05,mixed,0.8
naive_panel_cp,0.8896666666666667,0.763382918171453,2.353666666666667,0.19966666666666666,0.0,2026091665,10,300,3000,5,0.5,0.1,0.05,mixed,0.8
ptcp,1.0,0.9961027253723587,4.861,0.0,0.861,2026091665,10,300,3000,5,0.5,0.1,0.05,mixed,0.8
ptcp_randomized,1.0,0.9730259526745986,4.3116666666666665,0.0,0.31166666666666665,2026091665,10,300,3000,5,0.5,0.1,0.05,mixed,0.8
majority_cp,0.9276666666666666,0.8243039304946712,2.6096666666666666,0.17,0.0,2026091666,10,300,3000,5,0.5,0.1,0.05,mixed,0.8
random_rater_cp,0.971,0.9003675607436974,3.0043333333333333,0.10133333333333333,0.0,2026091666,10,300,3000,5,0.5,0.1,0.05,mixed,0.8
naive_panel_cp,0.88,0.7456993837131416,2.263333333333333,0.21366666666666667,0.0,2026091666,10,300,3000,5,0.5,0.1,0.05,mixed,0.8
ptcp,1.0,0.994959314265027,4.856333333333334,0.0,0.8563333333333333,2026091666,10,300,3000,5,0.5,0.1,0.05,mixed,0.8
ptcp_randomized,1.0,0.9718454760208579,4.287,0.0,0.287,2026091666,10,300,3000,5,0.5,0.1,0.05,mixed,0.8
majority_cp,0.9226666666666666,0.8231635144630082,2.599666666666667,0.16766666666666666,0.0,2026091667,10,300,3000,5,0.5,0.1,0.05,mixed,0.8
random_rater_cp,0.9753333333333334,0.9111446098896778,3.0656666666666665,0.08,0.0,2026091667,10,300,3000,5,0.5,0.1,0.05,mixed,0.8
naive_panel_cp,0.8836666666666667,0.7600031140144529,2.3296666666666668,0.21133333333333335,0.0,2026091667,10,300,3000,5,0.5,0.1,0.05,mixed,0.8
ptcp,1.0,0.9951837561759787,4.853,0.0,0.853,2026091667,10,300,3000,5,0.5,0.1,0.05,mixed,0.8
ptcp_randomized,1.0,0.9642525728469363,4.050333333333334,0.0,0.050333333333333334,2026091667,10,300,3000,5,0.5,0.1,0.05,mixed,0.8
majority_cp,0.9613333333333334,0.8720833357709289,2.8543333333333334,0.14333333333333334,0.0,2026091668,10,300,3000,5,0.5,0.1,0.05,mixed,0.8
random_rater_cp,0.9873333333333333,0.9244655045734498,3.217,0.056,0.0,2026091668,10,300,3000,5,0.5,0.1,0.05,mixed,0.8
naive_panel_cp,0.9233333333333333,0.807459929447508,2.5443333333333333,0.19333333333333333,0.0,2026091668,10,300,3000,5,0.5,0.1,0.05,mixed,0.8
ptcp,1.0,0.9955884309160264,4.861666666666666,0.0,0.8616666666666667,2026091668,10,300,3000,5,0.5,0.1,0.05,mixed,0.8
ptcp_randomized,1.0,0.969644151853989,4.289666666666666,0.0,0.2896666666666667,2026091668,10,300,3000,5,0.5,0.1,0.05,mixed,0.8
majority_cp,0.933,0.8256165012294651,2.6003333333333334,0.16866666666666666,0.0,2026091669,10,300,3000,5,0.5,0.1,0.05,mixed,0.8
random_rater_cp,0.9663333333333334,0.8837013051618378,2.897,0.10966666666666666,0.0,2026091669,10,300,3000,5,0.5,0.1,0.05,mixed,0.8
naive_panel_cp,0.918,0.7962843252824684,2.4483333333333333,0.19966666666666666,0.0,2026091669,10,300,3000,5,0.5,0.1,0.05,mixed,0.8
ptcp,1.0,0.9953252177110856,4.863,0.0,0.863,2026091669,10,300,3000,5,0.5,0.1,0.05,mixed,0.8
ptcp_randomized,1.0,0.9953252177110856,4.863,0.0,0.863,2026091669,10,300,3000,5,0.5,0.1,0.05,mixed,0.8
majority_cp,0.9166666666666666,0.8124814628448774,2.5573333333333332,0.185,0.0,2026091670,10,300,3000,5,0.5,0.1,0.05,mixed,0.8
random_rater_cp,0.9666666666666667,0.8925783444189634,2.949666666666667,0.115,0.0,2026091670,10,300,3000,5,0.5,0.1,0.05,mixed,0.8
naive_panel_cp,0.8803333333333333,0.7539520159993233,2.304666666666667,0.221,0.0,2026091670,10,300,3000,5,0.5,0.1,0.05,mixed,0.8
ptcp,1.0,0.9947255020494348,4.854333333333333,0.0,0.8543333333333333,2026091670,10,300,3000,5,0.5,0.1,0.05,mixed,0.8
ptcp_randomized,1.0,0.9721915550667858,4.289666666666666,0.0,0.2896666666666667,2026091670,10,300,3000,5,0.5,0.1,0.05,mixed,0.8
majority_cp,0.928,0.8240276084526661,2.6033333333333335,0.17366666666666666,0.0,2026091671,10,300,3000,5,0.5,0.1,0.05,mixed,0.8
random_rater_cp,0.9693333333333334,0.8965585679071886,2.965333333333333,0.11033333333333334,0.0,2026091671,10,300,3000,5,0.5,0.1,0.05,mixed,0.8
naive_panel_cp,0.8876666666666667,0.7565223526511936,2.3066666666666666,0.21266666666666667,0.0,2026091671,10,300,3000,5,0.5,0.1,0.05,mixed,0.8
ptcp,1.0,0.9948754693652433,4.854,0.0,0.854,2026091671,10,300,3000,5,0.5,0.1,0.05,mixed,0.8
ptcp_randomized,1.0,0.9729190449219896,4.295333333333334,0.0,0.29533333333333334,2026091671,10,300,3000,5,0.5,0.1,0.05,mixed,0.8
majority_cp,0.9456666666666667,0.8538572178861608,2.7776666666666667,0.14866666666666667,0.0,2026091672,10,300,3000,5,0.5,0.1,0.05,mixed,0.8
random_rater_cp,0.9766666666666667,0.9094544042968928,3.099,0.08733333333333333,0.0,2026091672,10,300,3000,5,0.5,0.1,0.05,mixed,0.8
naive_panel_cp,0.929,0.8243855519730953,2.6286666666666667,0.173,0.0,2026091672,10,300,3000,5,0.5,0.1,0.05,mixed,0.8
ptcp,1.0,0.9942002238302592,4.8613333333333335,0.0,0.8613333333333333,2026091672,10,300,3000,5,0.5,0.1,0.05,mixed,0.8
ptcp_randomized,1.0,0.9698134712563596,4.302,0.0,0.302,2026091672,10,300,3000,5,0.5,0.1,0.05,mixed,0.8
majority_cp,0.9386666666666666,0.8404219913139059,2.68,0.16533333333333333,0.0,2026091673,10,300,3000,5,0.5,0.1,0.05,mixed,0.8
random_rater_cp,0.9736666666666667,0.9041873432211338,3.0383333333333336,0.098,0.0,2026091673,10,300,3000,5,0.5,0.1,0.05,mixed,0.8
naive_panel_cp,0.9256666666666666,0.8191283774956283,2.5766666666666667,0.18066666666666667,0.0,2026091673,10,300,3000,5,0.5,0.1,0.05,mixed,0.8
ptcp,1.0,0.995306909899621,4.852666666666667,0.0,0.8526666666666667,2026091673,10,300,3000,5,0.5,0.1,0.05,mixed,0.8
ptcp_randomized,0.996,0.9468093301207917,3.441,0.026,0.0,2026091673,10,300,3000,5,0.5,0.1,0.05,mixed,0.8
majority_cp,0.917,0.8131719102703652,2.5963333333333334,0.17166666666666666,0.0,2026091674,10,300,3000,5,0.5,0.1,0.05,mixed,0.8
random_rater_cp,0.9596666666666667,0.8836923107478876,2.9353333333333333,0.11166666666666666,0.0,2026091674,10,300,3000,5,0.5,0.1,0.05,mixed,0.8
naive_panel_cp,0.893,0.77590767811918,2.4183333333333334,0.19766666666666666,0.0,2026091674,10,300,3000,5,0.5,0.1,0.05,mixed,0.8
ptcp,1.0,0.9950914411924162,4.868,0.0,0.868,2026091674,10,300,3000,5,0.5,0.1,0.05,mixed,0.8
ptcp_randomized,0.9976666666666667,0.9514276759302649,3.585,0.011333333333333334,0.0,2026091674,10,300,3000,5,0.5,0.1,0.05,mixed,0.8
majority_cp,0.925,0.82710186979166,2.6506666666666665,0.16466666666666666,0.0,2026091675,10,300,3000,5,0.5,0.1,0.05,mixed,0.8
random_rater_cp,0.9766666666666667,0.9096643544670593,3.074,0.09066666666666667,0.0,2026091675,10,300,3000,5,0.5,0.1,0.05,mixed,0.8
naive_panel_cp,0.894,0.7707731483203487,2.3866666666666667,0.20733333333333334,0.0,2026091675,10,300,3000,5,0.5,0.1,0.05,mixed,0.8
ptcp,1.0,0.9945911924912691,4.842666666666666,0.0,0.8426666666666667,2026091675,10,300,3000,5,0.5,0.1,0.05,mixed,0.8
ptcp_randomized,1.0,0.9717561103840453,4.287,0.0,0.287,2026091675,10,300,3000,5,0.5,0.1,0.05,mixed,0.8
majority_cp,0.955,0.8734895963927943,2.86,0.13066666666666665,0.0,2026091676,10,300,3000,5,0.5,0.1,0.05,mixed,0.8
random_rater_cp,0.9846666666666667,0.9257955024113974,3.197,0.06133333333333333,0.0,2026091676,10,300,3000,5,0.5,0.1,0.05,mixed,0.8
naive_panel_cp,0.91,0.7932202284999418,2.468,0.2,0.0,2026091676,10,300,3000,5,0.5,0.1,0.05,mixed,0.8
ptcp,1.0,0.9960731789080104,4.849,0.0,0.849,2026091676,10,300,3000,5,0.5,0.1,0.05,mixed,0.8
ptcp_randomized,0.9996666666666667,0.9729915360538022,4.293333333333333,0.0,0.29333333333333333,2026091676,10,300,3000,5,0.5,0.1,0.05,mixed,0.8
majority_cp,0.9543333333333334,0.8627350954204976,2.78,0.147,0.0,2026091677,10,300,3000,5,0.5,0.1,0.05,mixed,0.8
random_rater_cp,0.9573333333333334,0.8691546934440515,2.8186666666666667,0.139,0.0,2026091677,10,300,3000,5,0.5,0.1,0.05,mixed,0.8
naive_panel_cp,0.9396666666666667,0.8377659128085401,2.668,0.166,0.0,2026091677,10,300,3000,5,0.5,0.1,0.05,mixed,0.8
ptcp,1.0,0.9731780705387081,4.305666666666666,0.0,0.30566666666666664,2026091677,10,300,3000,5,0.5,0.1,0.05,mixed,0.8
ptcp_randomized,0.9963333333333333,0.9488607353618469,3.516,0.014,0.0,2026091677,10,300,3000,5,0.5,0.1,0.05,mixed,0.8
majority_cp,0.9503333333333334,0.8566099552682527,2.761,0.14266666666666666,0.0,2026091678,10,300,3000,5,0.5,0.1,0.05,mixed,0.8
random_rater_cp,0.9783333333333334,0.9105035276323235,3.090333333333333,0.084,0.0,2026091678,10,300,3000,5,0.5,0.1,0.05,mixed,0.8
naive_panel_cp,0.903,0.7768518097963488,2.4033333333333333,0.19733333333333333,0.0,2026091678,10,300,3000,5,0.5,0.1,0.05,mixed,0.8
ptcp,1.0,0.994342982131499,4.850666666666666,0.0,0.8506666666666667,2026091678,10,300,3000,5,0.5,0.1,0.05,mixed,0.8
ptcp_randomized,1.0,0.9586852104786112,3.797,0.0003333333333333333,0.0,2026091678,10,300,3000,5,0.5,0.1,0.05,mixed,0.8
majority_cp,0.9076666666666666,0.7906832783402433,2.4793333333333334,0.19533333333333333,0.0,2026091679,10,300,3000,5,0.5,0.1,0.05,mixed,0.8
random_rater_cp,0.967,0.8908539113602714,2.957333333333333,0.11966666666666667,0.0,2026091679,10,300,3000,5,0.5,0.1,0.05,mixed,0.8
naive_panel_cp,0.891,0.7639277197953371,2.366,0.206,0.0,2026091679,10,300,3000,5,0.5,0.1,0.05,mixed,0.8
ptcp,1.0,0.9943005035528285,4.8453333333333335,0.0,0.8453333333333334,2026091679,10,300,3000,5,0.5,0.1,0.05,mixed,0.8
ptcp_randomized,1.0,0.9701944136199364,4.285666666666667,0.0,0.2856666666666667,2026091679,10,300,3000,5,0.5,0.1,0.05,mixed,0.8
majority_cp,0.929,0.8233231904210258,2.6153333333333335,0.168,0.0,2026091680,10,300,3000,5,0.5,0.1,0.05,mixed,0.8
random_rater_cp,0.9776666666666667,0.9117866620430788,3.096,0.07966666666666666,0.0,2026091680,10,300,3000,5,0.5,0.1,0.05,mixed,0.8
naive_panel_cp,0.8556666666666667,0.7118407870751245,2.1283333333333334,0.24433333333333335,0.0,2026091680,10,300,3000,5,0.5,0.1,0.05,mixed,0.8
ptcp,1.0,0.9953826815033062,4.86,0.0,0.86,2026091680,10,300,3000,5,0.5,0.1,0.05,mixed,0.8
ptcp_randomized,1.0,0.9720794348579878,4.2843333333333335,0.0,0.2843333333333333,2026091680,10,300,3000,5,0.5,0.1,0.05,mixed,0.8
majority_cp,0.9173333333333333,0.810790213174355,2.5116666666666667,0.19366666666666665,0.0,2026091681,10,300,3000,5,0.5,0.1,0.05,mixed,0.8
random_rater_cp,0.9746666666666667,0.906274301994869,3.001333333333333,0.09866666666666667,0.0,2026091681,10,300,3000,5,0.5,0.1,0.05,mixed,0.8
naive_panel_cp,0.898,0.7771033791482217,2.3546666666666667,0.214,0.0,2026091681,10,300,3000,5,0.5,0.1,0.05,mixed,0.8
ptcp,1.0,0.9952663362388451,4.856,0.0,0.856,2026091681,10,300,3000,5,0.5,0.1,0.05,mixed,0.8
ptcp_randomized,1.0,0.9952663362388451,4.856,0.0,0.856,2026091681,10,300,3000,5,0.5,0.1,0.05,mixed,0.8
majority_cp,0.915,0.8004175776310458,2.4833333333333334,0.194,0.0,2026091682,10,300,3000,5,0.5,0.1,0.05,mixed,0.8
random_rater_cp,0.9576666666666667,0.8720244146916596,2.812666666666667,0.14033333333333334,0.0,2026091682,10,300,3000,5,0.5,0.1,0.05,mixed,0.8
naive_panel_cp,0.9073333333333333,0.7879050942908258,2.4236666666666666,0.203,0.0,2026091682,10,300,3000,5,0.5,0.1,0.05,mixed,0.8
ptcp,0.9996666666666667,0.9722217010941837,4.302333333333333,0.0,0.30233333333333334,2026091682,10,300,3000,5,0.5,0.1,0.05,mixed,0.8
ptcp_randomized,0.9953333333333333,0.942699856447084,3.353,0.037,0.0,2026091682,10,300,3000,5,0.5,0.1,0.05,mixed,0.8
majority_cp,0.943,0.8496773893537032,2.744,0.152,0.0,2026091683,10,300,3000,5,0.5,0.1,0.05,mixed,0.8
random_rater_cp,0.9833333333333333,0.9229679443098265,3.1926666666666668,0.058333333333333334,0.0,2026091683,10,300,3000,5,0.5,0.1,0.05,mixed,0.8
naive_panel_cp,0.909,0.7952157274495245,2.494666666666667,0.19033333333333333,0.0,2026091683,10,300,3000,5,0.5,0.1,0.05,mixed,0.8
ptcp,1.0,0.9954701980924054,4.859666666666667,0.0,0.8596666666666667,2026091683,10,300,3000,5,0.5,0.1,0.05,mixed,0.8
ptcp_randomized,0.999,0.9527781420519922,3.5756666666666668,0.010333333333333333,0.0,2026091683,10,300,3000,5,0.5,0.1,0.05,mixed,0.8
majority_cp,0.945,0.8520107179507849,2.7576666666666667,0.146,0.0,2026091684,10,300,3000,5,0.5,0.1,0.05,mixed,0.8
random_rater_cp,0.9653333333333334,0.8915013770151247,2.983,0.09666666666666666,0.0,2026091684,10,300,3000,5,0.5,0.1,0.05,mixed,0.8
naive_panel_cp,0.906,0.7866924774838087,2.4506666666666668,0.20166666666666666,0.0,2026091684,10,300,3000,5,0.5,0.1,0.05,mixed,0.8
ptcp,1.0,0.9952642381146786,4.860666666666667,0.0,0.8606666666666667,2026091684,10,300,3000,5,0.5,0.1,0.05,mixed,0.8
ptcp_randomized,1.0,0.9586151885754028,3.816,0.001,0.0,2026091684,10,300,3000,5,0.5,0.1,0.05,mixed,0.8
majority_cp,0.91,0.7872469788320062,2.421,0.20233333333333334,0.0,2026091685,10,300,3000,5,0.5,0.1,0.05,mixed,0.8
random_rater_cp,0.9583333333333334,0.8744009150767476,2.8436666666666666,0.13233333333333333,0.0,2026091685,10,300,3000,5,0.5,0.1,0.05,mixed,0.8
naive_panel_cp,0.893,0.7621743061753923,2.3133333333333335,0.21666666666666667,0.0,2026091685,10,300,3000,5,0.5,0.1,0.05,mixed,0.8
ptcp,1.0,0.9949611847242591,4.8566666666666665,0.0,0.8566666666666667,2026091685,10,300,3000,5,0.5,0.1,0.05,mixed,0.8
ptcp_randomized,0.9976666666666667,0.9532718723505861,3.567,0.012666666666666666,0.0,2026091685,10,300,3000,5,0.5,0.1,0.05,mixed,0.8
majority_cp,0.9543333333333334,0.8637902741213735,2.828333333333333,0.136,0.0,2026091686,10,300,3000,5,0.5,0.1,0.05,mixed,0.8
random_rater_cp,0.967,0.8854335011261438,2.953666666666667,0.116,0.0,2026091686,10,300,3000,5,0.5,0.1,0.05,mixed,0.8
naive_panel_cp,0.9116666666666666,0.7897686715244717,2.4836666666666667,0.19533333333333333,0.0,2026091686,10,300,3000,5,0.5,0.1,0.05,mixed,0.8
ptcp,1.0,0.9942711580546523,4.858666666666666,0.0,0.8586666666666667,2026091686,10,300,3000,5,0.5,0.1,0.05,mixed,0.8
ptcp_randomized,1.0,0.9942711580546523,4.858666666666666,0.0,0.8586666666666667,2026091686,10,300,3000,5,0.5,0.1,0.05,mixed,0.8
majority_cp,0.94,0.8402628207409087,2.703666666666667,0.15666666666666668,0.0,2026091687,10,300,3000,5,0.5,0.1,0.05,mixed,0.8
random_rater_cp,0.9783333333333334,0.9100830236991319,3.0853333333333333,0.089,0.0,2026091687,10,300,3000,5,0.5,0.1,0.05,mixed,0.8
naive_panel_cp,0.9043333333333333,0.7831291703787437,2.45,0.197,0.0,2026091687,10,300,3000,5,0.5,0.1,0.05,mixed,0.8
ptcp,1.0,0.9948713084752651,4.856,0.0,0.856,2026091687,10,300,3000,5,0.5,0.1,0.05,mixed,0.8
ptcp_randomized,1.0,0.9948713084752651,4.856,0.0,0.856,2026091687,10,300,3000,5,0.5,0.1,0.05,mixed,0.8
majority_cp,0.944,0.8537569008262726,2.7573333333333334,0.14733333333333334,0.0,2026091688,10,300,3000,5,0.5,0.1,0.05,mixed,0.8
random_rater_cp,0.9683333333333334,0.8983420383115002,3.0086666666666666,0.10333333333333333,0.0,2026091688,10,300,3000,5,0.5,0.1,0.05,mixed,0.8
naive_panel_cp,0.9356666666666666,0.8407134163337866,2.7043333333333335,0.15266666666666667,0.0,2026091688,10,300,3000,5,0.5,0.1,0.05,mixed,0.8
ptcp,0.9996666666666667,0.9955718385892912,4.867333333333334,0.0,0.8673333333333333,2026091688,10,300,3000,5,0.5,0.1,0.05,mixed,0.8
ptcp_randomized,0.9966666666666667,0.9477058181907703,3.4943333333333335,0.017333333333333333,0.0,2026091688,10,300,3000,5,0.5,0.1,0.05,mixed,0.8
majority_cp,0.946,0.8551515691338735,2.7763333333333335,0.14066666666666666,0.0,2026091689,10,300,3000,5,0.5,0.1,0.05,mixed,0.8
random_rater_cp,0.9723333333333334,0.900962745903672,3.0256666666666665,0.09733333333333333,0.0,2026091689,10,300,3000,5,0.5,0.1,0.05,mixed,0.8
naive_panel_cp,0.9056666666666666,0.7893239206644137,2.469,0.18566666666666667,0.0,2026091689,10,300,3000,5,0.5,0.1,0.05,mixed,0.8
ptcp,1.0,0.9950522923826839,4.859333333333334,0.0,0.8593333333333333,2026091689,10,300,3000,5,0.5,0.1,0.05,mixed,0.8
ptcp_randomized,0.9973333333333333,0.9480477307222772,3.4793333333333334,0.024666666666666667,0.0,2026091689,10,300,3000,5,0.5,0.1,0.05,mixed,0.8
majority_cp,0.923,0.8155153621889609,2.6113333333333335,0.18366666666666667,0.0,2026091690,10,300,3000,5,0.5,0.1,0.05,mixed,0.8
random_rater_cp,0.9706666666666667,0.8994380869649257,3.0486666666666666,0.099,0.0,2026091690,10,300,3000,5,0.5,0.1,0.05,mixed,0.8
naive_panel_cp,0.878,0.749283730929628,2.341666666666667,0.20933333333333334,0.0,2026091690,10,300,3000,5,0.5,0.1,0.05,mixed,0.8
ptcp,1.0,0.9949143919434478,4.859666666666667,0.0,0.8596666666666667,2026091690,10,300,3000,5,0.5,0.1,0.05,mixed,0.8
ptcp_randomized,0.9966666666666667,0.9487627738853727,3.5273333333333334,0.015666666666666666,0.0,2026091690,10,300,3000,5,0.5,0.1,0.05,mixed,0.8
majority_cp,0.9313333333333333,0.8307781822920839,2.636,0.16666666666666666,0.0,2026091691,10,300,3000,5,0.5,0.1,0.05,mixed,0.8
random_rater_cp,0.979,0.9137144922876693,3.0856666666666666,0.08133333333333333,0.0,2026091691,10,300,3000,5,0.5,0.1,0.05,mixed,0.8
naive_panel_cp,0.9063333333333333,0.789041548818954,2.4443333333333332,0.20166666666666666,0.0,2026091691,10,300,3000,5,0.5,0.1,0.05,mixed,0.8
ptcp,1.0,0.9957521041830997,4.868,0.0,0.868,2026091691,10,300,3000,5,0.5,0.1,0.05,mixed,0.8
ptcp_randomized,0.9996666666666667,0.9597111408985065,3.7896666666666667,0.002,0.0,2026091691,10,300,3000,5,0.5,0.1,0.05,mixed,0.8
majority_cp,0.955,0.8605479186467783,2.792666666666667,0.14833333333333334,0.0,2026091692,10,300,3000,5,0.5,0.1,0.05,mixed,0.8
random_rater_cp,0.9756666666666667,0.8973020351438364,2.993333333333333,0.10766666666666666,0.0,2026091692,10,300,3000,5,0.5,0.1,0.05,mixed,0.8
naive_panel_cp,0.915,0.7942138616004097,2.481,0.19266666666666668,0.0,2026091692,10,300,3000,5,0.5,0.1,0.05,mixed,0.8
ptcp,0.9996666666666667,0.9939062561767216,4.856,0.0,0.856,2026091692,10,300,3000,5,0.5,0.1,0.05,mixed,0.8
ptcp_randomized,0.9996666666666667,0.9709291434537599,4.292333333333334,0.0,0.29233333333333333,2026091692,10,300,3000,5,0.5,0.1,0.05,mixed,0.8
majority_cp,0.9466666666666667,0.8645261906351313,2.811,0.134,0.0,2026091693,10,300,3000,5,0.5,0.1,0.05,mixed,0.8
random_rater_cp,0.9616666666666667,0.889230620174522,2.945333333333333,0.10966666666666666,0.0,2026091693,10,300,3000,5,0.5,0.1,0.05,mixed,0.8
naive_panel_cp,0.9076666666666666,0.8021100908023809,2.5273333333333334,0.175,0.0,2026091693,10,300,3000,5,0.5,0.1,0.05,mixed,0.8
ptcp,1.0,0.9954258111409484,4.860333333333333,0.0,0.8603333333333333,2026091693,10,300,3000,5,0.5,0.1,0.05,mixed,0.8
ptcp_randomized,0.9993333333333333,0.9562050486920647,3.699,0.006333333333333333,0.0,2026091693,10,300,3000,5,0.5,0.1,0.05,mixed,0.8
majority_cp,0.9373333333333334,0.8294860349906761,2.606,0.17533333333333334,0.0,2026091694,10,300,3000,5,0.5,0.1,0.05,mixed,0.8
random_rater_cp,0.962,0.8838039109580065,2.9233333333333333,0.113,0.0,2026091694,10,300,3000,5,0.5,0.1,0.05,mixed,0.8
naive_panel_cp,0.8916666666666667,0.7563405293725021,2.3036666666666665,0.21233333333333335,0.0,2026091694,10,300,3000,5,0.5,0.1,0.05,mixed,0.8
ptcp,1.0,0.9957392577328421,4.869666666666666,0.0,0.8696666666666667,2026091694,10,300,3000,5,0.5,0.1,0.05,mixed,0.8
ptcp_randomized,0.9983333333333333,0.9548017437133139,3.639,0.007666666666666666,0.0,2026091694,10,300,3000,5,0.5,0.1,0.05,mixed,0.8
majority_cp,0.9393333333333334,0.8449369238894897,2.7356666666666665,0.158,0.0,2026091695,10,300,3000,5,0.5,0.1,0.05,mixed,0.8
random_rater_cp,0.9603333333333334,0.8826122181612895,2.928,0.12166666666666667,0.0,2026091695,10,300,3000,5,0.5,0.1,0.05,mixed,0.8
naive_panel_cp,0.9326666666666666,0.8305066230953411,2.654,0.17533333333333334,0.0,2026091695,10,300,3000,5,0.5,0.1,0.05,mixed,0.8
ptcp,1.0,0.9952954937394172,4.857666666666667,0.0,0.8576666666666667,2026091695,10,300,3000,5,0.5,0.1,0.05,mixed,0.8
ptcp_randomized,1.0,0.970564651326101,4.282666666666667,0.0,0.2826666666666667,2026091695,10,300,3000,5,0.5,0.1,0.05,mixed,0.8
majority_cp,0.957,0.8750155571861382,2.8573333333333335,0.13633333333333333,0.0,2026091696,10,300,3000,5,0.5,0.1,0.05,mixed,0.8
random_rater_cp,0.9706666666666667,0.8986019816125033,3.003,0.10133333333333333,0.0,2026091696,10,300,3000,5,0.5,0.1,0.05,mixed,0.8
naive_panel_cp,0.9176666666666666,0.8054866640917598,2.5153333333333334,0.2,0.0,2026091696,10,300,3000,5,0.5,0.1,0.05,mixed,0.8
ptcp,1.0,0.995567166958938,4.855,0.0,0.855,2026091696,10,300,3000,5,0.5,0.1,0.05,mixed,0.8
ptcp_randomized,0.9963333333333333,0.9452904816500521,3.4346666666666668,0.024,0.0,2026091696,10,300,3000,5,0.5,0.1,0.05,mixed,0.8
majority_cp,0.9303333333333333,0.8277809205605865,2.6226666666666665,0.17433333333333334,0.0,2026091697,10,300,3000,5,0.5,0.1,0.05,mixed,0.8
random_rater_cp,0.9643333333333334,0.8874383867608058,2.947,0.10933333333333334,0.0,2026091697,10,300,3000,5,0.5,0.1,0.05,mixed,0.8
naive_panel_cp,0.8886666666666667,0.7611008949016501,2.3356666666666666,0.215,0.0,2026091697,10,300,3000,5,0.5,0.1,0.05,mixed,0.8
ptcp,1.0,0.9955957915548707,4.8693333333333335,0.0,0.8693333333333333,2026091697,10,300,3000,5,0.5,0.1,0.05,mixed,0.8
ptcp_randomized,0.9913333333333333,0.9362428770373997,3.303,0.03933333333333333,0.0,2026091697,10,300,3000,5,0.5,0.1,0.05,mixed,0.8
majority_cp,0.9526666666666667,0.866370445017268,2.8256666666666668,0.134,0.0,2026091698,10,300,3000,5,0.5,0.1,0.05,mixed,0.8
random_rater_cp,0.9696666666666667,0.8954333862685208,2.987,0.10833333333333334,0.0,2026091698,10,300,3000,5,0.5,0.1,0.05,mixed,0.8
naive_panel_cp,0.9106666666666666,0.7914252723337213,2.464,0.18966666666666668,0.0,2026091698,10,300,3000,5,0.5,0.1,0.05,mixed,0.8
ptcp,1.0,0.9957771729959356,4.862333333333333,0.0,0.8623333333333333,2026091698,10,300,3000,5,0.5,0.1,0.05,mixed,0.8
ptcp_randomized,1.0,0.971954904687014,4.306,0.0,0.306,2026091698,10,300,3000,5,0.5,0.1,0.05,mixed,0.8
majority_cp,0.9613333333333334,0.8807613673977003,2.906,0.12133333333333333,0.0,2026091699,10,300,3000,5,0.5,0.1,0.05,mixed,0.8
random_rater_cp,0.9826666666666667,0.9207561159416303,3.158333333333333,0.068,0.0,2026091699,10,300,3000,5,0.5,0.1,0.05,mixed,0.8
naive_panel_cp,0.927,0.8235203527712277,2.6413333333333333,0.16166666666666665,0.0,2026091699,10,300,3000,5,0.5,0.1,0.05,mixed,0.8
ptcp,1.0,0.9952345156805121,4.868333333333333,0.0,0.8683333333333333,2026091699,10,300,3000,5,0.5,0.1,0.05,mixed,0.8
ptcp_randomized,1.0,0.9952345156805121,4.868333333333333,0.0,0.8683333333333333,2026091699,10,300,3000,5,0.5,0.1,0.05,mixed,0.8
majority_cp,0.999,0.8875884009052504,3.760666666666667,0.0003333333333333333,0.0,2026184500,3,300,3000,5,0.5,0.1,0.05,ambiguous,0.8
random_rater_cp,1.0,0.9068565042019768,3.9283333333333332,0.0,0.0,2026184500,3,300,3000,5,0.5,0.1,0.05,ambiguous,0.8
naive_panel_cp,0.9836666666666667,0.8053387335783664,3.203333333333333,0.007333333333333333,0.0,2026184500,3,300,3000,5,0.5,0.1,0.05,ambiguous,0.8
majority_cp,0.998,0.8853829629059148,3.7733333333333334,0.0006666666666666666,0.0,2026184501,3,300,3000,5,0.5,0.1,0.05,ambiguous,0.8
random_rater_cp,0.9983333333333333,0.8901419747464854,3.8103333333333333,0.0003333333333333333,0.0,2026184501,3,300,3000,5,0.5,0.1,0.05,ambiguous,0.8
naive_panel_cp,0.9943333333333333,0.8516691689422016,3.534666666666667,0.0016666666666666668,0.0,2026184501,3,300,3000,5,0.5,0.1,0.05,ambiguous,0.8
majority_cp,0.999,0.8930629523719402,3.8256666666666668,0.0,0.0,2026184502,3,300,3000,5,0.5,0.1,0.05,ambiguous,0.8
random_rater_cp,0.9996666666666667,0.9055898262044177,3.9243333333333332,0.0,0.0,2026184502,3,300,3000,5,0.5,0.1,0.05,ambiguous,0.8
naive_panel_cp,0.994,0.8530111258230653,3.5286666666666666,0.0016666666666666668,0.0,2026184502,3,300,3000,5,0.5,0.1,0.05,ambiguous,0.8
majority_cp,0.9983333333333333,0.8824516240844376,3.7306666666666666,0.0006666666666666666,0.0,2026184503,3,300,3000,5,0.5,0.1,0.05,ambiguous,0.8
random_rater_cp,0.9993333333333333,0.903698314736235,3.8986666666666667,0.0,0.0,2026184503,3,300,3000,5,0.5,0.1,0.05,ambiguous,0.8
naive_panel_cp,0.9923333333333333,0.8333393752876497,3.384333333333333,0.005333333333333333,0.0,2026184503,3,300,3000,5,0.5,0.1,0.05,ambiguous,0.8
majority_cp,0.998,0.8936855362638246,3.8223333333333334,0.0,0.0,2026184504,3,300,3000,5,0.5,0.1,0.05,ambiguous,0.8
random_rater_cp,0.9986666666666667,0.9143725427955169,3.994,0.0,0.0,2026184504,3,300,3000,5,0.5,0.1,0.05,ambiguous,0.8
naive_panel_cp,0.9843333333333333,0.8041908149014225,3.185,0.009,0.0,2026184504,3,300,3000,5,0.5,0.1,0.05,ambiguous,0.8
majority_cp,0.9963333333333333,0.8657885299332966,3.587,0.0006666666666666666,0.0,2026184505,3,300,3000,5,0.5,0.1,0.05,ambiguous,0.8
random_rater_cp,0.999,0.8937995829582592,3.799,0.0,0.0,2026184505,3,300,3000,5,0.5,0.1,0.05,ambiguous,0.8
naive_panel_cp,0.9903333333333333,0.8254102745786948,3.3176666666666668,0.004,0.0,2026184505,3,300,3000,5,0.5,0.1,0.05,ambiguous,0.8
majority_cp,0.9956666666666667,0.8571645909497763,3.5436666666666667,0.002,0.0,2026184506,3,300,3000,5,0.5,0.1,0.05,ambiguous,0.8
random_rater_cp,0.9966666666666667,0.873824670204671,3.662333333333333,0.0006666666666666666,0.0,2026184506,3,300,3000,5,0.5,0.1,0.05,ambiguous,0.8
naive_panel_cp,0.9773333333333334,0.7868022666799943,3.0833333333333335,0.012,0.0,2026184506,3,300,3000,5,0.5,0.1,0.05,ambiguous,0.8
majority_cp,0.9996666666666667,0.9131804771683689,3.9713333333333334,0.0,0.0,2026184507,3,300,3000,5,0.5,0.1,0.05,ambiguous,0.8
random_rater_cp,1.0,0.9157174497998145,3.992,0.0,0.0,2026184507,3,300,3000,5,0.5,0.1,0.05,ambiguous,0.8
naive_panel_cp,0.9866666666666667,0.8174701995246169,3.2733333333333334,0.007666666666666666,0.0,2026184507,3,300,3000,5,0.5,0.1,0.05,ambiguous,0.8
majority_cp,0.999,0.8968395747480836,3.8343333333333334,0.0,0.0,2026184508,3,300,3000,5,0.5,0.1,0.05,ambiguous,0.8
random_rater_cp,0.9993333333333333,0.901840249350461,3.873666666666667,0.0,0.0,2026184508,3,300,3000,5,0.5,0.1,0.05,ambiguous,0.8
naive_panel_cp,0.9916666666666667,0.8299785619250906,3.360333333333333,0.0036666666666666666,0.0,2026184508,3,300,3000,5,0.5,0.1,0.05,ambiguous,0.8
majority_cp,0.998,0.8775939094801032,3.668,0.0003333333333333333,0.0,2026184509,3,300,3000,5,0.5,0.1,0.05,ambiguous,0.8
random_rater_cp,0.9993333333333333,0.9045741817704326,3.8846666666666665,0.0,0.0,2026184509,3,300,3000,5,0.5,0.1,0.05,ambiguous,0.8
naive_panel_cp,0.99,0.8277664875166986,3.316,0.005666666666666667,0.0,2026184509,3,300,3000,5,0.5,0.1,0.05,ambiguous,0.8
majority_cp,0.9973333333333333,0.8580846445061241,3.5646666666666667,0.0013333333333333333,0.0,2026184510,3,300,3000,5,0.5,0.1,0.05,ambiguous,0.8
random_rater_cp,0.999,0.8810691109687535,3.737,0.0,0.0,2026184510,3,300,3000,5,0.5,0.1,0.05,ambiguous,0.8
naive_panel_cp,0.9816666666666667,0.8077052561862094,3.236666666666667,0.007666666666666666,0.0,2026184510,3,300,3000,5,0.5,0.1,0.05,ambiguous,0.8
majority_cp,0.9966666666666667,0.8662677914830953,3.599,0.0016666666666666668,0.0,2026184511,3,300,3000,5,0.5,0.1,0.05,ambiguous,0.8
random_rater_cp,1.0,0.9091415120350803,3.9283333333333332,0.0,0.0,2026184511,3,300,3000,5,0.5,0.1,0.05,ambiguous,0.8
naive_panel_cp,0.9846666666666667,0.8148806269473674,3.25,0.007,0.0,2026184511,3,300,3000,5,0.5,0.1,0.05,ambiguous,0.8
majority_cp,0.9993333333333333,0.8951731027566528,3.8096666666666668,0.0,0.0,2026184512,3,300,3000,5,0.5,0.1,0.05,ambiguous,0.8
random_rater_cp,0.9993333333333333,0.908661574959151,3.917333333333333,0.0,0.0,2026184512,3,300,3000,5,0.5,0.1,0.05,ambiguous,0.8
naive_panel_cp,0.9896666666666667,0.8273782584573723,3.336,0.005,0.0,2026184512,3,300,3000,5,0.5,0.1,0.05,ambiguous,0.8
majority_cp,0.9996666666666667,0.9022124980577334,3.885,0.0,0.0,2026184513,3,300,3000,5,0.5,0.1,0.05,ambiguous,0.8
random_rater_cp,1.0,0.9133516905185106,3.986666666666667,0.0,0.0,2026184513,3,300,3000,5,0.5,0.1,0.05,ambiguous,0.8
naive_panel_cp,0.9953333333333333,0.852627747382801,3.5163333333333333,0.0026666666666666666,0.0,2026184513,3,300,3000,5,0.5,0.1,0.05,ambiguous,0.8
majority_cp,0.998,0.8999945068259713,3.8633333333333333,0.0,0.0,2026184514,3,300,3000,5,0.5,0.1,0.05,ambiguous,0.8
random_rater_cp,0.9976666666666667,0.8843798869520021,3.741,0.0,0.0,2026184514,3,300,3000,5,0.5,0.1,0.05,ambiguous,0.8
naive_panel_cp,0.9873333333333333,0.8204735799449214,3.299,0.004333333333333333,0.0,2026184514,3,300,3000,5,0.5,0.1,0.05,ambiguous,0.8
majority_cp,0.999,0.8824928058961322,3.725,0.0,0.0,2026184515,3,300,3000,5,0.5,0.1,0.05,ambiguous,0.8
random_rater_cp,0.999,0.8824928058961322,3.725,0.0,0.0,2026184515,3,300,3000,5,0.5,0.1,0.05,ambiguous,0.8
naive_panel_cp,0.983,0.8131781211082457,3.256,0.006666666666666667,0.0,2026184515,3,300,3000,5,0.5,0.1,0.05,ambiguous,0.8
majority_cp,0.9996666666666667,0.9005672927452089,3.867,0.0,0.0,2026184516,3,300,3000,5,0.5,0.1,0.05,ambiguous,0.8
random_rater_cp,0.9996666666666667,0.9005672927452089,3.867,0.0,0.0,2026184516,3,300,3000,5,0.5,0.1,0.05,ambiguous,0.8
naive_panel_cp,0.9943333333333333,0.8459306874348974,3.461,0.0026666666666666666,0.0,2026184516,3,300,3000,5,0.5,0.1,0.05,ambiguous,0.8
majority_cp,1.0,0.940895115423301,4.281333333333333,0.0,0.2813333333333333,2026184517,3,300,3000,5,0.5,0.1,0.05,ambiguous,0.8
random_rater_cp,1.0,0.9114933740022974,3.941333333333333,0.0,0.0,2026184517,3,300,3000,5,0.5,0.1,0.05,ambiguous,0.8
naive_panel_cp,0.975,0.7874189342715455,3.078666666666667,0.009666666666666667,0.0,2026184517,3,300,3000,5,0.5,0.1,0.05,ambiguous,0.8
majority_cp,0.999,0.9053138905337964,3.9236666666666666,0.0,0.0,2026184518,3,300,3000,5,0.5,0.1,0.05,ambiguous,0.8
random_rater_cp,0.999,0.9053138905337964,3.9236666666666666,0.0,0.0,2026184518,3,300,3000,5,0.5,0.1,0.05,ambiguous,0.8
naive_panel_cp,0.988,0.8185697599160976,3.307,0.0036666666666666666,0.0,2026184518,3,300,3000,5,0.5,0.1,0.05,ambiguous,0.8
majority_cp,0.998,0.8809721235997077,3.692,0.0003333333333333333,0.0,2026184519,3,300,3000,5,0.5,0.1,0.05,ambiguous,0.8
random_rater_cp,0.9986666666666667,0.887873141404984,3.7403333333333335,0.0003333333333333333,0.0,2026184519,3,300,3000,5,0.5,0.1,0.05,ambiguous,0.8
naive_panel_cp,0.988,0.8208697197236873,3.2783333333333333,0.005666666666666667,0.0,2026184519,3,300,3000,5,0.5,0.1,0.05,ambiguous,0.8
majority_cp,0.9993333333333333,0.9041155670045063,3.9156666666666666,0.0,0.0,2026184520,3,300,3000,5,0.5,0.1,0.05,ambiguous,0.8
random_rater_cp,0.9996666666666667,0.9387973353071534,4.275666666666667,0.0,0.27566666666666667,2026184520,3,300,3000,5,0.5,0.1,0.05,ambiguous,0.8
naive_panel_cp,0.995,0.8519173636441562,3.5286666666666666,0.0013333333333333333,0.0,2026184520,3,300,3000,5,0.5,0.1,0.05,ambiguous,0.8
majority_cp,0.9993333333333333,0.893260749510684,3.812333333333333,0.0,0.0,2026184521,3,300,3000,5,0.5,0.1,0.05,ambiguous,0.8
random_rater_cp,1.0,0.9379024054934674,4.265,0.0,0.265,2026184521,3,300,3000,5,0.5,0.1,0.05,ambiguous,0.8
naive_panel_cp,0.9873333333333333,0.8194944565877837,3.3033333333333332,0.0036666666666666666,0.0,2026184521,3,300,3000,5,0.5,0.1,0.05,ambiguous,0.8
majority_cp,0.998,0.8889038055928512,3.7826666666666666,0.0,0.0,2026184522,3,300,3000,5,0.5,0.1,0.05,ambiguous,0.8
random_rater_cp,0.998,0.892595537654356,3.8106666666666666,0.0,0.0,2026184522,3,300,3000,5,0.5,0.1,0.05,ambiguous,0.8
naive_panel_cp,0.9943333333333333,0.850158935722855,3.508,0.0023333333333333335,0.0,2026184522,3,300,3000,5,0.5,0.1,0.05,ambiguous,0.8
majority_cp,0.999,0.8831597344579333,3.719333333333333,0.0,0.0,2026184523,3,300,3000,5,0.5,0.1,0.05,ambiguous,0.8
random_rater_cp,0.9996666666666667,0.9027404812945421,3.8786666666666667,0.0,0.0,2026184523,3,300,3000,5,0.5,0.1,0.05,ambiguous,0.8
naive_panel_cp,0.9836666666666667,0.8071992663898557,3.179333333333333,0.008666666666666666,0.0,2026184523,3,300,3000,5,0.5,0.1,0.05,ambiguous,0.8
majority_cp,0.9986666666666667,0.8980522319200015,3.8396666666666666,0.0006666666666666666,0.0,2026184524,3,300,3000,5,0.5,0.1,0.05,ambiguous,0.8
random_rater_cp,0.9993333333333333,0.9100861301346064,3.937,0.0,0.0,2026184524,3,300,3000,5,0.5,0.1,0.05,ambiguous,0.8
naive_panel_cp,0.9926666666666667,0.8394547564527716,3.416333333333333,0.0036666666666666666,0.0,2026184524,3,300,3000,5,0.5,0.1,0.05,ambiguous,0.8
majority_cp,0.9976666666666667,0.8873214957307112,3.758,0.0,0.0,2026184525,3,300,3000,5,0.5,0.1,0.05,ambiguous,0.8
random_rater_cp,0.9976666666666667,0.8873214957307112,3.758,0.0,0.0,2026184525,3,300,3000,5,0.5,0.1,0.05,ambiguous,0.8
naive_panel_cp,0.995,0.8571707483168445,3.5416666666666665,0.0003333333333333333,0.0,2026184525,3,300,3000,5,0.5,0.1,0.05,ambiguous,0.8
majority_cp,0.9983333333333333,0.879114848266361,3.72,0.0003333333333333333,0.0,2026184526,3,300,3000,5,0.5,0.1,0.05,ambiguous,0.8
random_rater_cp,0.9993333333333333,0.8976812395762203,3.868,0.0,0.0,2026184526,3,300,3000,5,0.5,0.1,0.05,ambiguous,0.8
naive_panel_cp,0.991,0.8205595332099717,3.308666666666667,0.0036666666666666666,0.0,2026184526,3,300,3000,5,0.5,0.1,0.05,ambiguous,0.8
majority_cp,1.0,0.9048435439144605,3.898,0.0,0.0,2026184527,3,300,3000,5,0.5,0.1,0.05,ambiguous,0.8
random_rater_cp,0.9986666666666667,0.8877448219015694,3.7603333333333335,0.0,0.0,2026184527,3,300,3000,5,0.5,0.1,0.05,ambiguous,0.8
naive_panel_cp,0.993,0.8344981259471949,3.378,0.003,0.0,2026184527,3,300,3000,5,0.5,0.1,0.05,ambiguous,0.8
majority_cp,0.9983333333333333,0.8747445926944577,3.650333333333333,0.001,0.0,2026184528,3,300,3000,5,0.5,0.1,0.05,ambiguous,0.8
random_rater_cp,1.0,0.9418264460845776,4.297,0.0,0.297,2026184528,3,300,3000,5,0.5,0.1,0.05,ambiguous,0.8
naive_panel_cp,0.987,0.8155237522502078,3.239,0.006333333333333333,0.0,2026184528,3,300,3000,5,0.5,0.1,0.05,ambiguous,0.8
majority_cp,0.9973333333333333,0.8718994847671958,3.66,0.001,0.0,2026184529,3,300,3000,5,0.5,0.1,0.05,ambiguous,0.8
random_rater_cp,0.9983333333333333,0.8864290194327047,3.7653333333333334,0.0003333333333333333,0.0,2026184529,3,300,3000,5,0.5,0.1,0.05,ambiguous,0.8
naive_panel_cp,0.9843333333333333,0.8169035058829281,3.287333333333333,0.007333333333333333,0.0,2026184529,3,300,3000,5,0.5,0.1,0.05,ambiguous,0.8
majority_cp,0.9993333333333333,0.9032229409099585,3.8733333333333335,0.0,0.0,2026184530,3,300,3000,5,0.5,0.1,0.05,ambiguous,0.8
random_rater_cp,1.0,0.9412838248378991,4.283333333333333,0.0,0.2833333333333333,2026184530,3,300,3000,5,0.5,0.1,0.05,ambiguous,0.8
naive_panel_cp,0.9873333333333333,0.8293847039750399,3.3273333333333333,0.004,0.0,2026184530,3,300,3000,5,0.5,0.1,0.05,ambiguous,0.8
majority_cp,0.999,0.901037137859717,3.852333333333333,0.0,0.0,2026184531,3,300,3000,5,0.5,0.1,0.05,ambiguous,0.8
random_rater_cp,0.999,0.891231164883141,3.7693333333333334,0.0,0.0,2026184531,3,300,3000,5,0.5,0.1,0.05,ambiguous,0.8
naive_panel_cp,0.981,0.8010704992617772,3.158333333333333,0.008,0.0,2026184531,3,300,3000,5,0.5,0.1,0.05,ambiguous,0.8
majority_cp,0.999,0.882027627207572,3.7176666666666667,0.0003333333333333333,0.0,2026184532,3,300,3000,5,0.5,0.1,0.05,ambiguous,0.8
random_rater_cp,0.999,0.8760948430770786,3.67,0.0003333333333333333,0.0,2026184532,3,300,3000,5,0.5,0.1,0.05,ambiguous,0.8
naive_panel_cp,0.9886666666666667,0.8201049425989548,3.283,0.004333333333333333,0.0,2026184532,3,300,3000,5,0.5,0.1,0.05,ambiguous,0.8
majority_cp,1.0,0.893312166833119,3.809,0.0,0.0,2026184533,3,300,3000,5,0.5,0.1,0.05,ambiguous,0.8
random_rater_cp,1.0,0.9378953029767868,4.266,0.0,0.266,2026184533,3,300,3000,5,0.5,0.1,0.05,ambiguous,0.8
naive_panel_cp,0.991,0.8286153662800343,3.3436666666666666,0.003,0.0,2026184533,3,300,3000,5,0.5,0.1,0.05,ambiguous,0.8
majority_cp,0.9926666666666667,0.8312639069954652,3.3706666666666667,0.004333333333333333,0.0,2026184534,3,300,3000,5,0.5,0.1,0.05,ambiguous,0.8
random_rater_cp,0.9973333333333333,0.8643459341544297,3.6066666666666665,0.0013333333333333333,0.0,2026184534,3,300,3000,5,0.5,0.1,0.05,ambiguous,0.8
naive_panel_cp,0.989,0.8160504275175499,3.277,0.007,0.0,2026184534,3,300,3000,5,0.5,0.1,0.05,ambiguous,0.8
majority_cp,1.0,0.8940854712850582,3.8116666666666665,0.0,0.0,2026184535,3,300,3000,5,0.5,0.1,0.05,ambiguous,0.8
random_rater_cp,1.0,0.8985496163550543,3.8436666666666666,0.0,0.0,2026184535,3,300,3000,5,0.5,0.1,0.05,ambiguous,0.8
naive_panel_cp,0.9873333333333333,0.8242680505062088,3.3353333333333333,0.004666666666666667,0.0,2026184535,3,300,3000,5,0.5,0.1,0.05,ambiguous,0.8
majority_cp,0.998,0.868377028280968,3.622333333333333,0.0003333333333333333,0.0,2026184536,3,300,3000,5,0.5,0.1,0.05,ambiguous,0.8
random_rater_cp,0.9993333333333333,0.9069873373545,3.9166666666666665,0.0,0.0,2026184536,3,300,3000,5,0.5,0.1,0.05,ambiguous,0.8
naive_panel_cp,0.9856666666666667,0.8114292083922678,3.2423333333333333,0.006666666666666667,0.0,2026184536,3,300,3000,5,0.5,0.1,0.05,ambiguous,0.8
majority_cp,0.9996666666666667,0.9017658844985593,3.8953333333333333,0.0,0.0,2026184537,3,300,3000,5,0.5,0.1,0.05,ambiguous,0.8
random_rater_cp,0.9996666666666667,0.9016050488959957,3.894,0.0,0.0,2026184537,3,300,3000,5,0.5,0.1,0.05,ambiguous,0.8
naive_panel_cp,0.9963333333333333,0.8515980566182592,3.526,0.0013333333333333333,0.0,2026184537,3,300,3000,5,0.5,0.1,0.05,ambiguous,0.8
majority_cp,0.999,0.8766562467130926,3.675666666666667,0.0,0.0,2026184538,3,300,3000,5,0.5,0.1,0.05,ambiguous,0.8
random_rater_cp,0.999,0.8790107258367312,3.692,0.0,0.0,2026184538,3,300,3000,5,0.5,0.1,0.05,ambiguous,0.8
naive_panel_cp,0.985,0.8064190833678625,3.2053333333333334,0.006333333333333333,0.0,2026184538,3,300,3000,5,0.5,0.1,0.05,ambiguous,0.8
majority_cp,0.9996666666666667,0.9396902310767764,4.274333333333334,0.0,0.2743333333333333,2026184539,3,300,3000,5,0.5,0.1,0.05,ambiguous,0.8
random_rater_cp,0.9996666666666667,0.9217602082473592,4.048333333333333,0.0,0.04833333333333333,2026184539,3,300,3000,5,0.5,0.1,0.05,ambiguous,0.8
naive_panel_cp,0.9966666666666667,0.8707072632969093,3.6323333333333334,0.0006666666666666666,0.0,2026184539,3,300,3000,5,0.5,0.1,0.05,ambiguous,0.8
majority_cp,0.9996666666666667,0.9076692955666125,3.92,0.0,0.0,2026184540,3,300,3000,5,0.5,0.1,0.05,ambiguous,0.8
random_rater_cp,0.9996666666666667,0.9029588138513309,3.8826666666666667,0.0,0.0,2026184540,3,300,3000,5,0.5,0.1,0.05,ambiguous,0.8
naive_panel_cp,0.9953333333333333,0.8489022539918475,3.4766666666666666,0.0026666666666666666,0.0,2026184540,3,300,3000,5,0.5,0.1,0.05,ambiguous,0.8
majority_cp,1.0,0.9016375489012799,3.8823333333333334,0.0,0.0,2026184541,3,300,3000,5,0.5,0.1,0.05,ambiguous,0.8
random_rater_cp,1.0,0.908858794542855,3.948,0.0,0.0,2026184541,3,300,3000,5,0.5,0.1,0.05,ambiguous,0.8
naive_panel_cp,0.9886666666666667,0.8210284164185457,3.3153333333333332,0.004666666666666667,0.0,2026184541,3,300,3000,5,0.5,0.1,0.05,ambiguous,0.8
majority_cp,0.9966666666666667,0.8794059813474656,3.7106666666666666,0.0006666666666666666,0.0,2026184542,3,300,3000,5,0.5,0.1,0.05,ambiguous,0.8
random_rater_cp,0.999,0.9000392185002862,3.867,0.0003333333333333333,0.0,2026184542,3,300,3000,5,0.5,0.1,0.05,ambiguous,0.8
naive_panel_cp,0.994,0.8494460206254407,3.486,0.002,0.0,2026184542,3,300,3000,5,0.5,0.1,0.05,ambiguous,0.8
majority_cp,0.9993333333333333,0.8889557362733987,3.7776666666666667,0.0,0.0,2026184543,3,300,3000,5,0.5,0.1,0.05,ambiguous,0.8
random_rater_cp,0.9996666666666667,0.9147049247241006,3.9876666666666667,0.0,0.0,2026184543,3,300,3000,5,0.5,0.1,0.05,ambiguous,0.8
naive_panel_cp,0.9963333333333333,0.8521479804668197,3.505,0.001,0.0,2026184543,3,300,3000,5,0.5,0.1,0.05,ambiguous,0.8
majority_cp,0.998,0.8697542149130458,3.616,0.0,0.0,2026184544,3,300,3000,5,0.5,0.1,0.05,ambiguous,0.8
random_rater_cp,0.9996666666666667,0.9027103591055771,3.8703333333333334,0.0,0.0,2026184544,3,300,3000,5,0.5,0.1,0.05,ambiguous,0.8
naive_panel_cp,0.984,0.800702707441079,3.157,0.006,0.0,2026184544,3,300,3000,5,0.5,0.1,0.05,ambiguous,0.8
majority_cp,0.9996666666666667,0.8982659619508916,3.8503333333333334,0.0003333333333333333,0.0,2026184545,3,300,3000,5,0.5,0.1,0.05,ambiguous,0.8
random_rater_cp,0.9996666666666667,0.8975396964364772,3.8446666666666665,0.0003333333333333333,0.0,2026184545,3,300,3000,5,0.5,0.1,0.05,ambiguous,0.8
naive_panel_cp,0.9916666666666667,0.8282928993364382,3.3453333333333335,0.004,0.0,2026184545,3,300,3000,5,0.5,0.1,0.05,ambiguous,0.8
majority_cp,0.9993333333333333,0.9014779650023217,3.8756666666666666,0.0003333333333333333,0.0,2026184546,3,300,3000,5,0.5,0.1,0.05,ambiguous,0.8
random_rater_cp,0.9993333333333333,0.9034821888181568,3.892333333333333,0.0003333333333333333,0.0,2026184546,3,300,3000,5,0.5,0.1,0.05,ambiguous,0.8
naive_panel_cp,0.9956666666666667,0.8514172028184007,3.506666666666667,0.002,0.0,2026184546,3,300,3000,5,0.5,0.1,0.05,ambiguous,0.8
majority_cp,0.998,0.8742790076357478,3.6656666666666666,0.0003333333333333333,0.0,2026184547,3,300,3000,5,0.5,0.1,0.05,ambiguous,0.8
random_rater_cp,0.9996666666666667,0.9171466368544391,3.9976666666666665,0.0,0.0,2026184547,3,300,3000,5,0.5,0.1,0.05,ambiguous,0.8
naive_panel_cp,0.988,0.8195074292152789,3.29,0.005666666666666667,0.0,2026184547,3,300,3000,5,0.5,0.1,0.05,ambiguous,0.8
majority_cp,0.9976666666666667,0.8633226822328152,3.593,0.0023333333333333335,0.0,2026184548,3,300,3000,5,0.5,0.1,0.05,ambiguous,0.8
random_rater_cp,0.9996666666666667,0.8948486348850602,3.8333333333333335,0.0003333333333333333,0.0,2026184548,3,300,3000,5,0.5,0.1,0.05,ambiguous,0.8
naive_panel_cp,0.9916666666666667,0.8259707850940884,3.3493333333333335,0.0036666666666666666,0.0,2026184548,3,300,3000,5,0.5,0.1,0.05,ambiguous,0.8
majority_cp,0.997,0.8679050237066035,3.6286666666666667,0.0006666666666666666,0.0,2026184549,3,300,3000,5,0.5,0.1,0.05,ambiguous,0.8
random_rater_cp,0.9993333333333333,0.9007279764622329,3.873,0.0,0.0,2026184549,3,300,3000,5,0.5,0.1,0.05,ambiguous,0.8
naive_panel_cp,0.9923333333333333,0.8347163045757237,3.3876666666666666,0.0016666666666666668,0.0,2026184549,3,300,3000,5,0.5,0.1,0.05,ambiguous,0.8
majority_cp,0.991,0.8377422037857832,3.4183333333333334,0.004666666666666667,0.0,2026184550,3,300,3000,5,0.5,0.1,0.05,ambiguous,0.8
random_rater_cp,0.9996666666666667,0.9116903178707784,3.965,0.0,0.0,2026184550,3,300,3000,5,0.5,0.1,0.05,ambiguous,0.8
naive_panel_cp,0.974,0.7829721136664473,3.0753333333333335,0.012666666666666666,0.0,2026184550,3,300,3000,5,0.5,0.1,0.05,ambiguous,0.8
majority_cp,0.9996666666666667,0.9194688286199122,4.051,0.0,0.051,2026184551,3,300,3000,5,0.5,0.1,0.05,ambiguous,0.8
random_rater_cp,1.0,0.9385104186116052,4.279333333333334,0.0,0.2793333333333333,2026184551,3,300,3000,5,0.5,0.1,0.05,ambiguous,0.8
naive_panel_cp,0.992,0.8430502148983472,3.462666666666667,0.004666666666666667,0.0,2026184551,3,300,3000,5,0.5,0.1,0.05,ambiguous,0.8
majority_cp,0.999,0.9063397600753411,3.9086666666666665,0.0,0.0,2026184552,3,300,3000,5,0.5,0.1,0.05,ambiguous,0.8
random_rater_cp,0.999,0.9086589467287421,3.9266666666666667,0.0,0.0,2026184552,3,300,3000,5,0.5,0.1,0.05,ambiguous,0.8
naive_panel_cp,0.991,0.8319762546145485,3.3613333333333335,0.0033333333333333335,0.0,2026184552,3,300,3000,5,0.5,0.1,0.05,ambiguous,0.8
majority_cp,0.9976666666666667,0.8778269138975552,3.703666666666667,0.0,0.0,2026184553,3,300,3000,5,0.5,0.1,0.05,ambiguous,0.8
random_rater_cp,1.0,0.9389323600581841,4.281,0.0,0.281,2026184553,3,300,3000,5,0.5,0.1,0.05,ambiguous,0.8
naive_panel_cp,0.9833333333333333,0.8078792724476095,3.229,0.007333333333333333,0.0,2026184553,3,300,3000,5,0.5,0.1,0.05,ambiguous,0.8
majority_cp,0.9986666666666667,0.8798450141840102,3.7043333333333335,0.0,0.0,2026184554,3,300,3000,5,0.5,0.1,0.05,ambiguous,0.8
random_rater_cp,0.9993333333333333,0.9079842976402612,3.9266666666666667,0.0,0.0,2026184554,3,300,3000,5,0.5,0.1,0.05,ambiguous,0.8
naive_panel_cp,0.99,0.8228990915233801,3.3076666666666665,0.005,0.0,2026184554,3,300,3000,5,0.5,0.1,0.05,ambiguous,0.8
majority_cp,0.9976666666666667,0.8622983147453048,3.5856666666666666,0.0006666666666666666,0.0,2026184555,3,300,3000,5,0.5,0.1,0.05,ambiguous,0.8
random_rater_cp,0.9953333333333333,0.8473361165660035,3.481,0.001,0.0,2026184555,3,300,3000,5,0.5,0.1,0.05,ambiguous,0.8
naive_panel_cp,0.9826666666666667,0.799580283879255,3.1763333333333335,0.007333333333333333,0.0,2026184555,3,300,3000,5,0.5,0.1,0.05,ambiguous,0.8
majority_cp,0.9986666666666667,0.8894390497844669,3.758,0.0003333333333333333,0.0,2026184556,3,300,3000,5,0.5,0.1,0.05,ambiguous,0.8
random_rater_cp,1.0,0.9412561711446414,4.281666666666666,0.0,0.2816666666666667,2026184556,3,300,3000,5,0.5,0.1,0.05,ambiguous,0.8
naive_panel_cp,0.9886666666666667,0.8277473532905109,3.308333333333333,0.007,0.0,2026184556,3,300,3000,5,0.5,0.1,0.05,ambiguous,0.8
majority_cp,0.9993333333333333,0.885377638669749,3.7493333333333334,0.0,0.0,2026184557,3,300,3000,5,0.5,0.1,0.05,ambiguous,0.8
random_rater_cp,0.9996666666666667,0.9123646790078712,3.970666666666667,0.0,0.0,2026184557,3,300,3000,5,0.5,0.1,0.05,ambiguous,0.8
naive_panel_cp,0.996,0.8520949251133961,3.4943333333333335,0.0023333333333333335,0.0,2026184557,3,300,3000,5,0.5,0.1,0.05,ambiguous,0.8
majority_cp,0.999,0.8929640757584557,3.789,0.0003333333333333333,0.0,2026184558,3,300,3000,5,0.5,0.1,0.05,ambiguous,0.8
random_rater_cp,0.9996666666666667,0.9021068464359111,3.867,0.0,0.0,2026184558,3,300,3000,5,0.5,0.1,0.05,ambiguous,0.8
naive_panel_cp,0.9833333333333333,0.8075652829130626,3.2083333333333335,0.006333333333333333,0.0,2026184558,3,300,3000,5,0.5,0.1,0.05,ambiguous,0.8
majority_cp,0.9996666666666667,0.8840668865208985,3.7423333333333333,0.0,0.0,2026184559,3,300,3000,5,0.5,0.1,0.05,ambiguous,0.8
random_rater_cp,1.0,0.8924777442620416,3.811,0.0,0.0,2026184559,3,300,3000,5,0.5,0.1,0.05,ambiguous,0.8
naive_panel_cp,0.9923333333333333,0.8302927798301959,3.3586666666666667,0.004333333333333333,0.0,2026184559,3,300,3000,5,0.5,0.1,0.05,ambiguous,0.8
majority_cp,0.9983333333333333,0.8671148332898526,3.628,0.0016666666666666668,0.0,2026184560,3,300,3000,5,0.5,0.1,0.05,ambiguous,0.8
random_rater_cp,0.9993333333333333,0.8878562110450572,3.7843333333333335,0.0006666666666666666,0.0,2026184560,3,300,3000,5,0.5,0.1,0.05,ambiguous,0.8
naive_panel_cp,0.9893333333333333,0.81274748238957,3.2573333333333334,0.006,0.0,2026184560,3,300,3000,5,0.5,0.1,0.05,ambiguous,0.8
majority_cp,0.9973333333333333,0.8845388121226471,3.7483333333333335,0.0,0.0,2026184561,3,300,3000,5,0.5,0.1,0.05,ambiguous,0.8
random_rater_cp,0.9986666666666667,0.9071950866955064,3.922,0.0,0.0,2026184561,3,300,3000,5,0.5,0.1,0.05,ambiguous,0.8
naive_panel_cp,0.9856666666666667,0.8181946366560305,3.272,0.005333333333333333,0.0,2026184561,3,300,3000,5,0.5,0.1,0.05,ambiguous,0.8
majority_cp,0.9996666666666667,0.9135253739726767,3.9886666666666666,0.0,0.0,2026184562,3,300,3000,5,0.5,0.1,0.05,ambiguous,0.8
random_rater_cp,0.9996666666666667,0.9189998408504984,4.054,0.0,0.054,2026184562,3,300,3000,5,0.5,0.1,0.05,ambiguous,0.8
naive_panel_cp,0.993,0.8344675280290466,3.3893333333333335,0.003,0.0,2026184562,3,300,3000,5,0.5,0.1,0.05,ambiguous,0.8
majority_cp,0.9993333333333333,0.8925132002410934,3.813,0.0,0.0,2026184563,3,300,3000,5,0.5,0.1,0.05,ambiguous,0.8
random_rater_cp,1.0,0.937877000683015,4.283333333333333,0.0,0.2833333333333333,2026184563,3,300,3000,5,0.5,0.1,0.05,ambiguous,0.8
naive_panel_cp,0.9863333333333333,0.8125074930788466,3.2493333333333334,0.006,0.0,2026184563,3,300,3000,5,0.5,0.1,0.05,ambiguous,0.8
majority_cp,0.9996666666666667,0.9069078905324865,3.925,0.0,0.0,2026184564,3,300,3000,5,0.5,0.1,0.05,ambiguous,0.8
random_rater_cp,1.0,0.9160072830625721,3.9963333333333333,0.0,0.0,2026184564,3,300,3000,5,0.5,0.1,0.05,ambiguous,0.8
naive_panel_cp,0.9873333333333333,0.8187748194555367,3.2816666666666667,0.005333333333333333,0.0,2026184564,3,300,3000,5,0.5,0.1,0.05,ambiguous,0.8
majority_cp,0.999,0.8840586925074578,3.7363333333333335,0.0,0.0,2026184565,3,300,3000,5,0.5,0.1,0.05,ambiguous,0.8
random_rater_cp,0.9996666666666667,0.8991167071656779,3.8486666666666665,0.0,0.0,2026184565,3,300,3000,5,0.5,0.1,0.05,ambiguous,0.8
naive_panel_cp,0.994,0.849139344704243,3.485333333333333,0.0023333333333333335,0.0,2026184565,3,300,3000,5,0.5,0.1,0.05,ambiguous,0.8
majority_cp,0.9993333333333333,0.8956417673920599,3.816666666666667,0.0003333333333333333,0.0,2026184566,3,300,3000,5,0.5,0.1,0.05,ambiguous,0.8
random_rater_cp,0.9993333333333333,0.9039892402537089,3.8863333333333334,0.0003333333333333333,0.0,2026184566,3,300,3000,5,0.5,0.1,0.05,ambiguous,0.8
naive_panel_cp,0.9913333333333333,0.8339482149901023,3.374,0.004666666666666667,0.0,2026184566,3,300,3000,5,0.5,0.1,0.05,ambiguous,0.8
majority_cp,0.9993333333333333,0.8792120700158345,3.6933333333333334,0.0006666666666666666,0.0,2026184567,3,300,3000,5,0.5,0.1,0.05,ambiguous,0.8
random_rater_cp,1.0,0.9034165114288949,3.8823333333333334,0.0,0.0,2026184567,3,300,3000,5,0.5,0.1,0.05,ambiguous,0.8
naive_panel_cp,0.9946666666666667,0.8320838269392957,3.3566666666666665,0.005,0.0,2026184567,3,300,3000,5,0.5,0.1,0.05,ambiguous,0.8
majority_cp,0.9983333333333333,0.8914763350186798,3.7826666666666666,0.0,0.0,2026184568,3,300,3000,5,0.5,0.1,0.05,ambiguous,0.8
random_rater_cp,0.9983333333333333,0.8914763350186798,3.7826666666666666,0.0,0.0,2026184568,3,300,3000,5,0.5,0.1,0.05,ambiguous,0.8
naive_panel_cp,0.9943333333333333,0.840263861937131,3.418,0.0006666666666666666,0.0,2026184568,3,300,3000,5,0.5,0.1,0.05,ambiguous,0.8
majority_cp,0.999,0.8845807428439195,3.7373333333333334,0.0003333333333333333,0.0,2026184569,3,300,3000,5,0.5,0.1,0.05,ambiguous,0.8
random_rater_cp,0.9993333333333333,0.8984843431604369,3.854,0.0,0.0,2026184569,3,300,3000,5,0.5,0.1,0.05,ambiguous,0.8
naive_panel_cp,0.997,0.8565309995514611,3.5316666666666667,0.0006666666666666666,0.0,2026184569,3,300,3000,5,0.5,0.1,0.05,ambiguous,0.8
majority_cp,0.9966666666666667,0.8709744231956711,3.643,0.0006666666666666666,0.0,2026184570,3,300,3000,5,0.5,0.1,0.05,ambiguous,0.8
random_rater_cp,0.9993333333333333,0.8923759496235015,3.807,0.0003333333333333333,0.0,2026184570,3,300,3000,5,0.5,0.1,0.05,ambiguous,0.8
naive_panel_cp,0.977,0.7812171216057756,3.0603333333333333,0.015333333333333332,0.0,2026184570,3,300,3000,5,0.5,0.1,0.05,ambiguous,0.8
majority_cp,0.999,0.8942443302692733,3.8093333333333335,0.0003333333333333333,0.0,2026184571,3,300,3000,5,0.5,0.1,0.05,ambiguous,0.8
random_rater_cp,0.998,0.8758137472597094,3.6686666666666667,0.001,0.0,2026184571,3,300,3000,5,0.5,0.1,0.05,ambiguous,0.8
naive_panel_cp,0.991,0.8265442794125281,3.333,0.003,0.0,2026184571,3,300,3000,5,0.5,0.1,0.05,ambiguous,0.8
majority_cp,0.9993333333333333,0.8915252459932229,3.791333333333333,0.0,0.0,2026184572,3,300,3000,5,0.5,0.1,0.05,ambiguous,0.8
random_rater_cp,0.9993333333333333,0.8882694364989339,3.7666666666666666,0.0,0.0,2026184572,3,300,3000,5,0.5,0.1,0.05,ambiguous,0.8
naive_panel_cp,0.9913333333333333,0.8340917321704192,3.3793333333333333,0.004666666666666667,0.0,2026184572,3,300,3000,5,0.5,0.1,0.05,ambiguous,0.8
majority_cp,0.9996666666666667,0.9149062718533472,3.9796666666666667,0.0,0.0,2026184573,3,300,3000,5,0.5,0.1,0.05,ambiguous,0.8
random_rater_cp,0.9996666666666667,0.9399591659950207,4.285,0.0,0.285,2026184573,3,300,3000,5,0.5,0.1,0.05,ambiguous,0.8
naive_panel_cp,0.9846666666666667,0.8101408744618055,3.2136666666666667,0.006,0.0,2026184573,3,300,3000,5,0.5,0.1,0.05,ambiguous,0.8
majority_cp,0.9996666666666667,0.9410885597943441,4.296333333333333,0.0,0.29633333333333334,2026184574,3,300,3000,5,0.5,0.1,0.05,ambiguous,0.8
random_rater_cp,0.9996666666666667,0.9410885597943441,4.296333333333333,0.0,0.29633333333333334,2026184574,3,300,3000,5,0.5,0.1,0.05,ambiguous,0.8
naive_panel_cp,0.986,0.8170233697765922,3.272,0.007,0.0,2026184574,3,300,3000,5,0.5,0.1,0.05,ambiguous,0.8
majority_cp,1.0,0.90118945506421,3.862,0.0003333333333333333,0.0,2026184575,3,300,3000,5,0.5,0.1,0.05,ambiguous,0.8
random_rater_cp,1.0,0.8886357833854958,3.76,0.0003333333333333333,0.0,2026184575,3,300,3000,5,0.5,0.1,0.05,ambiguous,0.8
naive_panel_cp,0.996,0.8531580483274016,3.4993333333333334,0.0026666666666666666,0.0,2026184575,3,300,3000,5,0.5,0.1,0.05,ambiguous,0.8
majority_cp,1.0,0.9039192378787659,3.884333333333333,0.0,0.0,2026184576,3,300,3000,5,0.5,0.1,0.05,ambiguous,0.8
random_rater_cp,1.0,0.9028447091378712,3.877,0.0,0.0,2026184576,3,300,3000,5,0.5,0.1,0.05,ambiguous,0.8
naive_panel_cp,0.9873333333333333,0.8228064265006472,3.2983333333333333,0.007333333333333333,0.0,2026184576,3,300,3000,5,0.5,0.1,0.05,ambiguous,0.8
majority_cp,0.9983333333333333,0.8707793754503843,3.6533333333333333,0.0003333333333333333,0.0,2026184577,3,300,3000,5,0.5,0.1,0.05,ambiguous,0.8
random_rater_cp,0.9983333333333333,0.875443648728362,3.684,0.0,0.0,2026184577,3,300,3000,5,0.5,0.1,0.05,ambiguous,0.8
naive_panel_cp,0.9793333333333333,0.7945098118235571,3.150333333333333,0.01,0.0,2026184577,3,300,3000,5,0.5,0.1,0.05,ambiguous,0.8
majority_cp,0.996,0.8646948870139379,3.591,0.0013333333333333333,0.0,2026184578,3,300,3000,5,0.5,0.1,0.05,ambiguous,0.8
random_rater_cp,1.0,0.9160821649845007,4.001666666666667,0.0,0.0016666666666666668,2026184578,3,300,3000,5,0.5,0.1,0.05,ambiguous,0.8
naive_panel_cp,0.987,0.8168603345582902,3.267,0.007,0.0,2026184578,3,300,3000,5,0.5,0.1,0.05,ambiguous,0.8
majority_cp,0.999,0.8876956163288157,3.7613333333333334,0.0,0.0,2026184579,3,300,3000,5,0.5,0.1,0.05,ambiguous,0.8
random_rater_cp,0.9996666666666667,0.9125478587450683,3.9683333333333333,0.0,0.0,2026184579,3,300,3000,5,0.5,0.1,0.05,ambiguous,0.8
naive_panel_cp,0.9936666666666667,0.83817863217121,3.41,0.002,0.0,2026184579,3,300,3000,5,0.5,0.1,0.05,ambiguous,0.8
majority_cp,1.0,0.8923456136259545,3.801,0.0,0.0,2026184580,3,300,3000,5,0.5,0.1,0.05,ambiguous,0.8
random_rater_cp,0.999,0.8721821427983973,3.651666666666667,0.0,0.0,2026184580,3,300,3000,5,0.5,0.1,0.05,ambiguous,0.8
naive_panel_cp,0.9893333333333333,0.8213024216246302,3.2996666666666665,0.004,0.0,2026184580,3,300,3000,5,0.5,0.1,0.05,ambiguous,0.8
majority_cp,0.9953333333333333,0.8554331521114458,3.5156666666666667,0.0013333333333333333,0.0,2026184581,3,300,3000,5,0.5,0.1,0.05,ambiguous,0.8
random_rater_cp,0.9996666666666667,0.9043246886179613,3.8996666666666666,0.0,0.0,2026184581,3,300,3000,5,0.5,0.1,0.05,ambiguous,0.8
naive_panel_cp,0.989,0.8337580912760921,3.376,0.005,0.0,2026184581,3,300,3000,5,0.5,0.1,0.05,ambiguous,0.8
majority_cp,0.9953333333333333,0.8552390275927327,3.546666666666667,0.0,0.0,2026184582,3,300,3000,5,0.5,0.1,0.05,ambiguous,0.8
random_rater_cp,0.998,0.8869685465255482,3.787,0.0,0.0,2026184582,3,300,3000,5,0.5,0.1,0.05,ambiguous,0.8
naive_panel_cp,0.9846666666666667,0.8148301596131305,3.276666666666667,0.006333333333333333,0.0,2026184582,3,300,3000,5,0.5,0.1,0.05,ambiguous,0.8
majority_cp,0.9993333333333333,0.9003574259457278,3.873666666666667,0.0,0.0,2026184583,3,300,3000,5,0.5,0.1,0.05,ambiguous,0.8
random_rater_cp,0.9996666666666667,0.9078222543280966,3.9353333333333333,0.0,0.0,2026184583,3,300,3000,5,0.5,0.1,0.05,ambiguous,0.8
naive_panel_cp,0.997,0.8612923839104217,3.5806666666666667,0.0013333333333333333,0.0,2026184583,3,300,3000,5,0.5,0.1,0.05,ambiguous,0.8
majority_cp,0.9986666666666667,0.9000171329582872,3.888333333333333,0.0,0.0,2026184584,3,300,3000,5,0.5,0.1,0.05,ambiguous,0.8
random_rater_cp,0.9993333333333333,0.9136330461400464,3.9996666666666667,0.0,0.0,2026184584,3,300,3000,5,0.5,0.1,0.05,ambiguous,0.8
naive_panel_cp,0.9913333333333333,0.8394706846431919,3.448,0.0016666666666666668,0.0,2026184584,3,300,3000,5,0.5,0.1,0.05,ambiguous,0.8
majority_cp,0.9996666666666667,0.8924127613603231,3.804666666666667,0.0,0.0,2026184585,3,300,3000,5,0.5,0.1,0.05,ambiguous,0.8
random_rater_cp,0.9996666666666667,0.893228848400285,3.812666666666667,0.0,0.0,2026184585,3,300,3000,5,0.5,0.1,0.05,ambiguous,0.8
naive_panel_cp,0.9936666666666667,0.8304038707817604,3.3543333333333334,0.0036666666666666666,0.0,2026184585,3,300,3000,5,0.5,0.1,0.05,ambiguous,0.8
majority_cp,0.993,0.8373351377635018,3.3926666666666665,0.002,0.0,2026184586,3,300,3000,5,0.5,0.1,0.05,ambiguous,0.8
random_rater_cp,0.998,0.8729288884068953,3.6416666666666666,0.0,0.0,2026184586,3,300,3000,5,0.5,0.1,0.05,ambiguous,0.8
naive_panel_cp,0.9723333333333334,0.7832262473816537,3.06,0.009666666666666667,0.0,2026184586,3,300,3000,5,0.5,0.1,0.05,ambiguous,0.8
majority_cp,0.999,0.876642894788039,3.666,0.0003333333333333333,0.0,2026184587,3,300,3000,5,0.5,0.1,0.05,ambiguous,0.8
random_rater_cp,0.9996666666666667,0.9415717226145938,4.270666666666667,0.0,0.27066666666666667,2026184587,3,300,3000,5,0.5,0.1,0.05,ambiguous,0.8
naive_panel_cp,0.9923333333333333,0.831055010359224,3.3503333333333334,0.0033333333333333335,0.0,2026184587,3,300,3000,5,0.5,0.1,0.05,ambiguous,0.8
majority_cp,1.0,0.9133444484380907,3.973333333333333,0.0,0.0,2026184588,3,300,3000,5,0.5,0.1,0.05,ambiguous,0.8
random_rater_cp,1.0,0.9402690259965918,4.284,0.0,0.284,2026184588,3,300,3000,5,0.5,0.1,0.05,ambiguous,0.8
naive_panel_cp,0.993,0.8314970755082368,3.379,0.0026666666666666666,0.0,2026184588,3,300,3000,5,0.5,0.1,0.05,ambiguous,0.8
majority_cp,0.9993333333333333,0.9011572843658233,3.8703333333333334,0.0003333333333333333,0.0,2026184589,3,300,3000,5,0.5,0.1,0.05,ambiguous,0.8
random_rater_cp,0.9993333333333333,0.9104304296879739,3.9523333333333333,0.0,0.0,2026184589,3,300,3000,5,0.5,0.1,0.05,ambiguous,0.8
naive_panel_cp,0.984,0.8190282134295306,3.284,0.007,0.0,2026184589,3,300,3000,5,0.5,0.1,0.05,ambiguous,0.8
majority_cp,0.9986666666666667,0.8890590324152848,3.765,0.0003333333333333333,0.0,2026184590,3,300,3000,5,0.5,0.1,0.05,ambiguous,0.8
random_rater_cp,0.9986666666666667,0.8914656647568961,3.786,0.0003333333333333333,0.0,2026184590,3,300,3000,5,0.5,0.1,0.05,ambiguous,0.8
naive_panel_cp,0.989,0.829402880550651,3.333,0.004,0.0,2026184590,3,300,3000,5,0.5,0.1,0.05,ambiguous,0.8
majority_cp,0.9996666666666667,0.883214343364054,3.7203333333333335,0.0,0.0,2026184591,3,300,3000,5,0.5,0.1,0.05,ambiguous,0.8
random_rater_cp,0.9996666666666667,0.8920946050169923,3.7903333333333333,0.0,0.0,2026184591,3,300,3000,5,0.5,0.1,0.05,ambiguous,0.8
naive_panel_cp,0.9926666666666667,0.8247574601166925,3.312333333333333,0.0033333333333333335,0.0,2026184591,3,300,3000,5,0.5,0.1,0.05,ambiguous,0.8
majority_cp,0.9986666666666667,0.8832124007682025,3.7196666666666665,0.0006666666666666666,0.0,2026184592,3,300,3000,5,0.5,0.1,0.05,ambiguous,0.8
random_rater_cp,1.0,0.9075320719299639,3.9146666666666667,0.0,0.0,2026184592,3,300,3000,5,0.5,0.1,0.05,ambiguous,0.8
naive_panel_cp,0.9916666666666667,0.8311888440726168,3.3476666666666666,0.0036666666666666666,0.0,2026184592,3,300,3000,5,0.5,0.1,0.05,ambiguous,0.8
majority_cp,0.9996666666666667,0.88391981303211,3.7383333333333333,0.0003333333333333333,0.0,2026184593,3,300,3000,5,0.5,0.1,0.05,ambiguous,0.8
random_rater_cp,1.0,0.9144958524749702,3.984,0.0,0.0,2026184593,3,300,3000,5,0.5,0.1,0.05,ambiguous,0.8
naive_panel_cp,0.9926666666666667,0.822755108999715,3.3103333333333333,0.0036666666666666666,0.0,2026184593,3,300,3000,5,0.5,0.1,0.05,ambiguous,0.8
majority_cp,1.0,0.9016694822980289,3.8846666666666665,0.0,0.0,2026184594,3,300,3000,5,0.5,0.1,0.05,ambiguous,0.8
random_rater_cp,1.0,0.9195734263924842,4.0536666666666665,0.0,0.05366666666666667,2026184594,3,300,3000,5,0.5,0.1,0.05,ambiguous,0.8
naive_panel_cp,0.9926666666666667,0.8333267915094466,3.39,0.002,0.0,2026184594,3,300,3000,5,0.5,0.1,0.05,ambiguous,0.8
majority_cp,0.9983333333333333,0.886302569240293,3.755,0.0,0.0,2026184595,3,300,3000,5,0.5,0.1,0.05,ambiguous,0.8
random_rater_cp,0.9996666666666667,0.9008444774711194,3.868333333333333,0.0,0.0,2026184595,3,300,3000,5,0.5,0.1,0.05,ambiguous,0.8
naive_panel_cp,0.989,0.8267030552703386,3.3396666666666666,0.005333333333333333,0.0,2026184595,3,300,3000,5,0.5,0.1,0.05,ambiguous,0.8
majority_cp,0.999,0.8912761458802383,3.804,0.0,0.0,2026184596,3,300,3000,5,0.5,0.1,0.05,ambiguous,0.8
random_rater_cp,0.9993333333333333,0.9065482727304173,3.916,0.0,0.0,2026184596,3,300,3000,5,0.5,0.1,0.05,ambiguous,0.8
naive_panel_cp,0.992,0.8382754980166416,3.42,0.004333333333333333,0.0,2026184596,3,300,3000,5,0.5,0.1,0.05,ambiguous,0.8
majority_cp,0.999,0.8926867552700579,3.8116666666666665,0.0,0.0,2026184597,3,300,3000,5,0.5,0.1,0.05,ambiguous,0.8
random_rater_cp,0.9993333333333333,0.8954416180280084,3.8353333333333333,0.0,0.0,2026184597,3,300,3000,5,0.5,0.1,0.05,ambiguous,0.8
naive_panel_cp,0.983,0.8114622298367016,3.2516666666666665,0.009666666666666667,0.0,2026184597,3,300,3000,5,0.5,0.1,0.05,ambiguous,0.8
majority_cp,0.998,0.883562449155332,3.727333333333333,0.0,0.0,2026184598,3,300,3000,5,0.5,0.1,0.05,ambiguous,0.8
random_rater_cp,0.998,0.883562449155332,3.727333333333333,0.0,0.0,2026184598,3,300,3000,5,0.5,0.1,0.05,ambiguous,0.8
naive_panel_cp,0.9893333333333333,0.8319710574275817,3.367,0.004666666666666667,0.0,2026184598,3,300,3000,5,0.5,0.1,0.05,ambiguous,0.8
majority_cp,0.999,0.8801458284162906,3.7,0.0006666666666666666,0.0,2026184599,3,300,3000,5,0.5,0.1,0.05,ambiguous,0.8
random_rater_cp,0.9996666666666667,0.8988425976476686,3.845666666666667,0.0,0.0,2026184599,3,300,3000,5,0.5,0.1,0.05,ambiguous,0.8
naive_panel_cp,0.995,0.835311683275725,3.373666666666667,0.0036666666666666666,0.0,2026184599,3,300,3000,5,0.5,0.1,0.05,ambiguous,0.8
majority_cp,0.9983333333333333,0.8904921237073271,3.776,0.0003333333333333333,0.0,2026184600,3,300,3000,5,0.5,0.1,0.05,ambiguous,0.8
random_rater_cp,0.9993333333333333,0.9071036603579071,3.908,0.0,0.0,2026184600,3,300,3000,5,0.5,0.1,0.05,ambiguous,0.8
naive_panel_cp,0.9956666666666667,0.848992101319288,3.4736666666666665,0.0013333333333333333,0.0,2026184600,3,300,3000,5,0.5,0.1,0.05,ambiguous,0.8
majority_cp,0.9986666666666667,0.8915731991145093,3.7763333333333335,0.0,0.0,2026184601,3,300,3000,5,0.5,0.1,0.05,ambiguous,0.8
random_rater_cp,0.9996666666666667,0.9118747780126799,3.941333333333333,0.0,0.0,2026184601,3,300,3000,5,0.5,0.1,0.05,ambiguous,0.8
naive_panel_cp,0.9893333333333333,0.8257194169974407,3.3193333333333332,0.005333333333333333,0.0,2026184601,3,300,3000,5,0.5,0.1,0.05,ambiguous,0.8
majority_cp,0.9996666666666667,0.9047584590649645,3.925333333333333,0.0,0.0,2026184602,3,300,3000,5,0.5,0.1,0.05,ambiguous,0.8
random_rater_cp,0.9993333333333333,0.8972176591919652,3.8653333333333335,0.0,0.0,2026184602,3,300,3000,5,0.5,0.1,0.05,ambiguous,0.8
naive_panel_cp,0.9946666666666667,0.8387367413648774,3.427,0.003,0.0,2026184602,3,300,3000,5,0.5,0.1,0.05,ambiguous,0.8
majority_cp,0.997,0.8624133287660046,3.582666666666667,0.0006666666666666666,0.0,2026184603,3,300,3000,5,0.5,0.1,0.05,ambiguous,0.8
random_rater_cp,0.9983333333333333,0.8719983365717375,3.65,0.0,0.0,2026184603,3,300,3000,5,0.5,0.1,0.05,ambiguous,0.8
naive_panel_cp,0.9906666666666667,0.8314279559536126,3.371,0.0023333333333333335,0.0,2026184603,3,300,3000,5,0.5,0.1,0.05,ambiguous,0.8
majority_cp,0.999,0.9014192628380084,3.872333333333333,0.0,0.0,2026184604,3,300,3000,5,0.5,0.1,0.05,ambiguous,0.8
random_rater_cp,0.999,0.9014192628380084,3.872333333333333,0.0,0.0,2026184604,3,300,3000,5,0.5,0.1,0.05,ambiguous,0.8
naive_panel_cp,0.989,0.8271878173925631,3.3233333333333333,0.004,0.0,2026184604,3,300,3000,5,0.5,0.1,0.05,ambiguous,0.8
majority_cp,0.9983333333333333,0.8851536168098123,3.7416666666666667,0.0003333333333333333,0.0,2026184605,3,300,3000,5,0.5,0.1,0.05,ambiguous,0.8
random_rater_cp,1.0,0.9210212013797371,4.044666666666667,0.0,0.04466666666666667,2026184605,3,300,3000,5,0.5,0.1,0.05,ambiguous,0.8
naive_panel_cp,0.9896666666666667,0.826140787899841,3.328,0.004666666666666667,0.0,2026184605,3,300,3000,5,0.5,0.1,0.05,ambiguous,0.8
majority_cp,0.9986666666666667,0.9009475993319757,3.8706666666666667,0.0,0.0,2026184606,3,300,3000,5,0.5,0.1,0.05,ambiguous,0.8
random_rater_cp,0.998,0.896056205333417,3.8296666666666668,0.0,0.0,2026184606,3,300,3000,5,0.5,0.1,0.05,ambiguous,0.8
naive_panel_cp,0.9926666666666667,0.8414846087376433,3.4366666666666665,0.0016666666666666668,0.0,2026184606,3,300,3000,5,0.5,0.1,0.05,ambiguous,0.8
majority_cp,0.9986666666666667,0.8864740855694502,3.7616666666666667,0.0,0.0,2026184607,3,300,3000,5,0.5,0.1,0.05,ambiguous,0.8
random_rater_cp,0.9986666666666667,0.8840491475291812,3.7426666666666666,0.0,0.0,2026184607,3,300,3000,5,0.5,0.1,0.05,ambiguous,0.8
naive_panel_cp,0.9956666666666667,0.8516226312099038,3.5086666666666666,0.0013333333333333333,0.0,2026184607,3,300,3000,5,0.5,0.1,0.05,ambiguous,0.8
majority_cp,0.999,0.9045088265790598,3.9033333333333333,0.0,0.0,2026184608,3,300,3000,5,0.5,0.1,0.05,ambiguous,0.8
random_rater_cp,0.999,0.9059134451184985,3.9143333333333334,0.0,0.0,2026184608,3,300,3000,5,0.5,0.1,0.05,ambiguous,0.8
naive_panel_cp,0.9976666666666667,0.8621443166096746,3.577,0.0003333333333333333,0.0,2026184608,3,300,3000,5,0.5,0.1,0.05,ambiguous,0.8
majority_cp,0.9976666666666667,0.8727288402574174,3.6456666666666666,0.0006666666666666666,0.0,2026184609,3,300,3000,5,0.5,0.1,0.05,ambiguous,0.8
random_rater_cp,0.999,0.8995278561352126,3.8466666666666667,0.0003333333333333333,0.0,2026184609,3,300,3000,5,0.5,0.1,0.05,ambiguous,0.8
naive_panel_cp,0.993,0.8425410050228667,3.4306666666666668,0.0023333333333333335,0.0,2026184609,3,300,3000,5,0.5,0.1,0.05,ambiguous,0.8
majority_cp,0.9976666666666667,0.8772016932971458,3.6823333333333332,0.0,0.0,2026184610,3,300,3000,5,0.5,0.1,0.05,ambiguous,0.8
random_rater_cp,0.9976666666666667,0.8731498801372569,3.651,0.0,0.0,2026184610,3,300,3000,5,0.5,0.1,0.05,ambiguous,0.8
naive_panel_cp,0.9803333333333333,0.8111995971099121,3.239333333333333,0.009333333333333334,0.0,2026184610,3,300,3000,5,0.5,0.1,0.05,ambiguous,0.8
majority_cp,0.998,0.8740346039781134,3.6773333333333333,0.001,0.0,2026184611,3,300,3000,5,0.5,0.1,0.05,ambiguous,0.8
random_rater_cp,0.999,0.8879321676249924,3.7836666666666665,0.0,0.0,2026184611,3,300,3000,5,0.5,0.1,0.05,ambiguous,0.8
naive_panel_cp,0.9836666666666667,0.809372513209995,3.2263333333333333,0.007333333333333333,0.0,2026184611,3,300,3000,5,0.5,0.1,0.05,ambiguous,0.8
majority_cp,0.9996666666666667,0.93895636989722,4.276666666666666,0.0,0.27666666666666667,2026184612,3,300,3000,5,0.5,0.1,0.05,ambiguous,0.8
random_rater_cp,0.9993333333333333,0.911830412677929,3.961333333333333,0.0,0.0,2026184612,3,300,3000,5,0.5,0.1,0.05,ambiguous,0.8
naive_panel_cp,0.9953333333333333,0.8595175870041285,3.5556666666666668,0.002,0.0,2026184612,3,300,3000,5,0.5,0.1,0.05,ambiguous,0.8
majority_cp,0.9956666666666667,0.8325801265605313,3.3673333333333333,0.002,0.0,2026184613,3,300,3000,5,0.5,0.1,0.05,ambiguous,0.8
random_rater_cp,0.999,0.8872006979092176,3.757,0.0,0.0,2026184613,3,300,3000,5,0.5,0.1,0.05,ambiguous,0.8
naive_panel_cp,0.9603333333333334,0.7625365255335603,2.941666666666667,0.019666666666666666,0.0,2026184613,3,300,3000,5,0.5,0.1,0.05,ambiguous,0.8
majority_cp,0.9986666666666667,0.8960453314698399,3.841666666666667,0.0,0.0,2026184614,3,300,3000,5,0.5,0.1,0.05,ambiguous,0.8
random_rater_cp,0.999,0.9036789667137509,3.9053333333333335,0.0,0.0,2026184614,3,300,3000,5,0.5,0.1,0.05,ambiguous,0.8
naive_panel_cp,0.9933333333333333,0.8566237261509245,3.5406666666666666,0.002,0.0,2026184614,3,300,3000,5,0.5,0.1,0.05,ambiguous,0.8
majority_cp,0.9986666666666667,0.8740976679425104,3.676,0.001,0.0,2026184615,3,300,3000,5,0.5,0.1,0.05,ambiguous,0.8
random_rater_cp,0.9996666666666667,0.9024074896671685,3.8943333333333334,0.0,0.0,2026184615,3,300,3000,5,0.5,0.1,0.05,ambiguous,0.8
naive_panel_cp,0.9913333333333333,0.8217817824942895,3.3183333333333334,0.005,0.0,2026184615,3,300,3000,5,0.5,0.1,0.05,ambiguous,0.8
majority_cp,0.9943333333333333,0.8479856923070848,3.48,0.002,0.0,2026184616,3,300,3000,5,0.5,0.1,0.05,ambiguous,0.8
random_rater_cp,1.0,0.8933824650823619,3.805,0.0,0.0,2026184616,3,300,3000,5,0.5,0.1,0.05,ambiguous,0.8
naive_panel_cp,0.9823333333333333,0.8079983068513623,3.2203333333333335,0.007,0.0,2026184616,3,300,3000,5,0.5,0.1,0.05,ambiguous,0.8
majority_cp,0.999,0.8926893244718273,3.8016666666666667,0.0,0.0,2026184617,3,300,3000,5,0.5,0.1,0.05,ambiguous,0.8
random_rater_cp,0.999,0.8926893244718273,3.8016666666666667,0.0,0.0,2026184617,3,300,3000,5,0.5,0.1,0.05,ambiguous,0.8
naive_panel_cp,0.991,0.8274732155815306,3.3366666666666664,0.004333333333333333,0.0,2026184617,3,300,3000,5,0.5,0.1,0.05,ambiguous,0.8
majority_cp,0.9983333333333333,0.8726278474517961,3.6723333333333334,0.0006666666666666666,0.0,2026184618,3,300,3000,5,0.5,0.1,0.05,ambiguous,0.8
random_rater_cp,0.9983333333333333,0.8744779996743582,3.6866666666666665,0.0006666666666666666,0.0,2026184618,3,300,3000,5,0.5,0.1,0.05,ambiguous,0.8
naive_panel_cp,0.987,0.815101875444144,3.280666666666667,0.005333333333333333,0.0,2026184618,3,300,3000,5,0.5,0.1,0.05,ambiguous,0.8
majority_cp,0.9983333333333333,0.8812314849173051,3.724666666666667,0.0,0.0,2026184619,3,300,3000,5,0.5,0.1,0.05,ambiguous,0.8
random_rater_cp,0.9986666666666667,0.9093136266141731,3.951,0.0,0.0,2026184619,3,300,3000,5,0.5,0.1,0.05,ambiguous,0.8
naive_panel_cp,0.992,0.8353848856426593,3.411,0.0013333333333333333,0.0,2026184619,3,300,3000,5,0.5,0.1,0.05,ambiguous,0.8
majority_cp,0.9996666666666667,0.9176134472437337,4.046,0.0,0.046,2026184620,3,300,3000,5,0.5,0.1,0.05,ambiguous,0.8
random_rater_cp,0.9993333333333333,0.9089094366048747,3.958666666666667,0.0,0.0,2026184620,3,300,3000,5,0.5,0.1,0.05,ambiguous,0.8
naive_panel_cp,0.992,0.8347734989319336,3.405666666666667,0.0033333333333333335,0.0,2026184620,3,300,3000,5,0.5,0.1,0.05,ambiguous,0.8
majority_cp,0.9996666666666667,0.902275758625879,3.8866666666666667,0.0,0.0,2026184621,3,300,3000,5,0.5,0.1,0.05,ambiguous,0.8
random_rater_cp,0.9996666666666667,0.9074891261039183,3.934,0.0,0.0,2026184621,3,300,3000,5,0.5,0.1,0.05,ambiguous,0.8
naive_panel_cp,0.995,0.8493905750505276,3.4943333333333335,0.0026666666666666666,0.0,2026184621,3,300,3000,5,0.5,0.1,0.05,ambiguous,0.8
majority_cp,0.9986666666666667,0.8790196250949396,3.7183333333333333,0.0003333333333333333,0.0,2026184622,3,300,3000,5,0.5,0.1,0.05,ambiguous,0.8
random_rater_cp,0.9986666666666667,0.8793651637587108,3.721,0.0003333333333333333,0.0,2026184622,3,300,3000,5,0.5,0.1,0.05,ambiguous,0.8
naive_panel_cp,0.9806666666666667,0.8010307814417574,3.1806666666666668,0.012,0.0,2026184622,3,300,3000,5,0.5,0.1,0.05,ambiguous,0.8
majority_cp,0.9993333333333333,0.8926869146972106,3.777,0.0003333333333333333,0.0,2026184623,3,300,3000,5,0.5,0.1,0.05,ambiguous,0.8
random_rater_cp,0.9993333333333333,0.9062623013457669,3.8886666666666665,0.0003333333333333333,0.0,2026184623,3,300,3000,5,0.5,0.1,0.05,ambiguous,0.8
naive_panel_cp,0.9913333333333333,0.8332685938760219,3.3486666666666665,0.006333333333333333,0.0,2026184623,3,300,3000,5,0.5,0.1,0.05,ambiguous,0.8
majority_cp,0.997,0.8654189884488827,3.6093333333333333,0.001,0.0,2026184624,3,300,3000,5,0.5,0.1,0.05,ambiguous,0.8
random_rater_cp,1.0,0.9051583312958267,3.9126666666666665,0.0,0.0,2026184624,3,300,3000,5,0.5,0.1,0.05,ambiguous,0.8
naive_panel_cp,0.987,0.8252347795428283,3.336,0.006666666666666667,0.0,2026184624,3,300,3000,5,0.5,0.1,0.05,ambiguous,0.8
majority_cp,0.9983333333333333,0.8822917816788922,3.7196666666666665,0.0,0.0,2026184625,3,300,3000,5,0.5,0.1,0.05,ambiguous,0.8
random_rater_cp,0.9996666666666667,0.904034440649667,3.901666666666667,0.0,0.0,2026184625,3,300,3000,5,0.5,0.1,0.05,ambiguous,0.8
naive_panel_cp,0.9933333333333333,0.8337495420260792,3.369666666666667,0.005333333333333333,0.0,2026184625,3,300,3000,5,0.5,0.1,0.05,ambiguous,0.8
majority_cp,0.9983333333333333,0.8742444281843382,3.6646666666666667,0.0,0.0,2026184626,3,300,3000,5,0.5,0.1,0.05,ambiguous,0.8
random_rater_cp,0.999,0.8971694185179112,3.8406666666666665,0.0,0.0,2026184626,3,300,3000,5,0.5,0.1,0.05,ambiguous,0.8
naive_panel_cp,0.9926666666666667,0.837579845276188,3.415,0.003,0.0,2026184626,3,300,3000,5,0.5,0.1,0.05,ambiguous,0.8
majority_cp,0.9953333333333333,0.8472479870630102,3.4803333333333333,0.0016666666666666668,0.0,2026184627,3,300,3000,5,0.5,0.1,0.05,ambiguous,0.8
random_rater_cp,0.9966666666666667,0.8584196450039717,3.5566666666666666,0.0006666666666666666,0.0,2026184627,3,300,3000,5,0.5,0.1,0.05,ambiguous,0.8
naive_panel_cp,0.9866666666666667,0.8117831726423426,3.246,0.004333333333333333,0.0,2026184627,3,300,3000,5,0.5,0.1,0.05,ambiguous,0.8
majority_cp,0.9996666666666667,0.9084943465622047,3.9346666666666668,0.0,0.0,2026184628,3,300,3000,5,0.5,0.1,0.05,ambiguous,0.8
random_rater_cp,0.9996666666666667,0.9107714839957128,3.957,0.0,0.0,2026184628,3,300,3000,5,0.5,0.1,0.05,ambiguous,0.8
naive_panel_cp,0.9916666666666667,0.8299218821327143,3.354,0.0023333333333333335,0.0,2026184628,3,300,3000,5,0.5,0.1,0.05,ambiguous,0.8
majority_cp,0.999,0.872465397152451,3.6473333333333335,0.0,0.0,2026184629,3,300,3000,5,0.5,0.1,0.05,ambiguous,0.8
random_rater_cp,1.0,0.9224634238770953,4.057333333333333,0.0,0.05733333333333333,2026184629,3,300,3000,5,0.5,0.1,0.05,ambiguous,0.8
naive_panel_cp,0.9936666666666667,0.8325856221437498,3.3783333333333334,0.0026666666666666666,0.0,2026184629,3,300,3000,5,0.5,0.1,0.05,ambiguous,0.8
majority_cp,0.9983333333333333,0.9009527912829738,3.8703333333333334,0.0,0.0,2026184630,3,300,3000,5,0.5,0.1,0.05,ambiguous,0.8
random_rater_cp,0.9993333333333333,0.9124768788927716,3.9616666666666664,0.0,0.0,2026184630,3,300,3000,5,0.5,0.1,0.05,ambiguous,0.8
naive_panel_cp,0.9953333333333333,0.8582277896251413,3.554333333333333,0.002,0.0,2026184630,3,300,3000,5,0.5,0.1,0.05,ambiguous,0.8
majority_cp,0.999,0.8751995586116437,3.66,0.0003333333333333333,0.0,2026184631,3,300,3000,5,0.5,0.1,0.05,ambiguous,0.8
random_rater_cp,1.0,0.8984394198961596,3.841666666666667,0.0,0.0,2026184631,3,300,3000,5,0.5,0.1,0.05,ambiguous,0.8
naive_panel_cp,0.9883333333333333,0.8089272390104423,3.2023333333333333,0.008,0.0,2026184631,3,300,3000,5,0.5,0.1,0.05,ambiguous,0.8
majority_cp,0.9983333333333333,0.8895637108936382,3.792666666666667,0.0,0.0,2026184632,3,300,3000,5,0.5,0.1,0.05,ambiguous,0.8
random_rater_cp,0.9983333333333333,0.8892243742003647,3.7893333333333334,0.0,0.0,2026184632,3,300,3000,5,0.5,0.1,0.05,ambiguous,0.8
naive_panel_cp,0.98,0.7993638342981675,3.1766666666666667,0.009,0.0,2026184632,3,300,3000,5,0.5,0.1,0.05,ambiguous,0.8
majority_cp,0.9983333333333333,0.8874642055760738,3.7746666666666666,0.0,0.0,2026184633,3,300,3000,5,0.5,0.1,0.05,ambiguous,0.8
random_rater_cp,1.0,0.9120849342726868,3.972,0.0,0.0,2026184633,3,300,3000,5,0.5,0.1,0.05,ambiguous,0.8
naive_panel_cp,0.992,0.8327707071805268,3.3873333333333333,0.004,0.0,2026184633,3,300,3000,5,0.5,0.1,0.05,ambiguous,0.8
majority_cp,0.9976666666666667,0.8881201118144176,3.7723333333333335,0.0003333333333333333,0.0,2026184634,3,300,3000,5,0.5,0.1,0.05,ambiguous,0.8
random_rater_cp,0.9986666666666667,0.9043399216546875,3.8966666666666665,0.0,0.0,2026184634,3,300,3000,5,0.5,0.1,0.05,ambiguous,0.8
naive_panel_cp,0.991,0.8228194371040363,3.3273333333333333,0.0036666666666666666,0.0,2026184634,3,300,3000,5,0.5,0.1,0.05,ambiguous,0.8
majority_cp,0.9996666666666667,0.8921965871550882,3.7983333333333333,0.0,0.0,2026184635,3,300,3000,5,0.5,0.1,0.05,ambiguous,0.8
random_rater_cp,0.9983333333333333,0.8793510773617933,3.707333333333333,0.0,0.0,2026184635,3,300,3000,5,0.5,0.1,0.05,ambiguous,0.8
naive_panel_cp,0.9933333333333333,0.846870350152686,3.4646666666666666,0.0023333333333333335,0.0,2026184635,3,300,3000,5,0.5,0.1,0.05,ambiguous,0.8
majority_cp,0.9983333333333333,0.8729974047224005,3.6506666666666665,0.0013333333333333333,0.0,2026184636,3,300,3000,5,0.5,0.1,0.05,ambiguous,0.8
random_rater_cp,0.9993333333333333,0.9212145275201874,4.056333333333333,0.0,0.05633333333333333,2026184636,3,300,3000,5,0.5,0.1,0.05,ambiguous,0.8
naive_panel_cp,0.9906666666666667,0.8176694744100201,3.273,0.005,0.0,2026184636,3,300,3000,5,0.5,0.1,0.05,ambiguous,0.8
majority_cp,0.9996666666666667,0.9081194954160425,3.9206666666666665,0.0,0.0,2026184637,3,300,3000,5,0.5,0.1,0.05,ambiguous,0.8
random_rater_cp,0.9996666666666667,0.9047629028556815,3.893,0.0,0.0,2026184637,3,300,3000,5,0.5,0.1,0.05,ambiguous,0.8
naive_panel_cp,0.9966666666666667,0.8485477569965963,3.4713333333333334,0.002,0.0,2026184637,3,300,3000,5,0.5,0.1,0.05,ambiguous,0.8
majority_cp,0.9993333333333333,0.8960694277296305,3.811,0.0003333333333333333,0.0,2026184638,3,300,3000,5,0.5,0.1,0.05,ambiguous,0.8
random_rater_cp,0.9996666666666667,0.9397790474274117,4.285,0.0,0.285,2026184638,3,300,3000,5,0.5,0.1,0.05,ambiguous,0.8
naive_panel_cp,0.9896666666666667,0.8318245924237768,3.3466666666666667,0.004666666666666667,0.0,2026184638,3,300,3000,5,0.5,0.1,0.05,ambiguous,0.8
majority_cp,0.9923333333333333,0.851120726897137,3.4923333333333333,0.0016666666666666668,0.0,2026184639,3,300,3000,5,0.5,0.1,0.05,ambiguous,0.8
random_rater_cp,0.993,0.8539956498170173,3.509,0.0016666666666666668,0.0,2026184639,3,300,3000,5,0.5,0.1,0.05,ambiguous,0.8
naive_panel_cp,0.9893333333333333,0.8312714345419366,3.3553333333333333,0.003,0.0,2026184639,3,300,3000,5,0.5,0.1,0.05,ambiguous,0.8
majority_cp,1.0,0.9398534013984293,4.266,0.0,0.266,2026184640,3,300,3000,5,0.5,0.1,0.05,ambiguous,0.8
random_rater_cp,1.0,0.9149877914986195,3.9736666666666665,0.0,0.0,2026184640,3,300,3000,5,0.5,0.1,0.05,ambiguous,0.8
naive_panel_cp,0.9973333333333333,0.8760661711449699,3.6586666666666665,0.0003333333333333333,0.0,2026184640,3,300,3000,5,0.5,0.1,0.05,ambiguous,0.8
majority_cp,0.9963333333333333,0.8634124058480984,3.5816666666666666,0.0006666666666666666,0.0,2026184641,3,300,3000,5,0.5,0.1,0.05,ambiguous,0.8
random_rater_cp,0.9983333333333333,0.8844410199594124,3.737,0.0003333333333333333,0.0,2026184641,3,300,3000,5,0.5,0.1,0.05,ambiguous,0.8
naive_panel_cp,0.987,0.8162062630230402,3.272666666666667,0.006,0.0,2026184641,3,300,3000,5,0.5,0.1,0.05,ambiguous,0.8
majority_cp,0.999,0.8708359362427983,3.634333333333333,0.0,0.0,2026184642,3,300,3000,5,0.5,0.1,0.05,ambiguous,0.8
random_rater_cp,0.9993333333333333,0.8806876369210921,3.707666666666667,0.0,0.0,2026184642,3,300,3000,5,0.5,0.1,0.05,ambiguous,0.8
naive_panel_cp,0.986,0.8038754852908635,3.183666666666667,0.007,0.0,2026184642,3,300,3000,5,0.5,0.1,0.05,ambiguous,0.8
majority_cp,0.9986666666666667,0.8842912023191951,3.746,0.0,0.0,2026184643,3,300,3000,5,0.5,0.1,0.05,ambiguous,0.8
random_rater_cp,0.9986666666666667,0.88413829926995,3.744,0.0,0.0,2026184643,3,300,3000,5,0.5,0.1,0.05,ambiguous,0.8
naive_panel_cp,0.984,0.8123047570335036,3.2516666666666665,0.006666666666666667,0.0,2026184643,3,300,3000,5,0.5,0.1,0.05,ambiguous,0.8
majority_cp,0.999,0.9041961379047688,3.880333333333333,0.0,0.0,2026184644,3,300,3000,5,0.5,0.1,0.05,ambiguous,0.8
random_rater_cp,1.0,0.9413503064593831,4.284,0.0,0.284,2026184644,3,300,3000,5,0.5,0.1,0.05,ambiguous,0.8
naive_panel_cp,0.986,0.8174849250818635,3.255,0.007666666666666666,0.0,2026184644,3,300,3000,5,0.5,0.1,0.05,ambiguous,0.8
majority_cp,0.9993333333333333,0.8938952684891432,3.809,0.0,0.0,2026184645,3,300,3000,5,0.5,0.1,0.05,ambiguous,0.8
random_rater_cp,0.9993333333333333,0.9080740418810156,3.933,0.0,0.0,2026184645,3,300,3000,5,0.5,0.1,0.05,ambiguous,0.8
naive_panel_cp,0.9893333333333333,0.8277136823528616,3.329,0.005666666666666667,0.0,2026184645,3,300,3000,5,0.5,0.1,0.05,ambiguous,0.8
majority_cp,0.9993333333333333,0.8982960227509839,3.8646666666666665,0.0,0.0,2026184646,3,300,3000,5,0.5,0.1,0.05,ambiguous,0.8
random_rater_cp,0.999,0.8909097383767409,3.805,0.0,0.0,2026184646,3,300,3000,5,0.5,0.1,0.05,ambiguous,0.8
naive_panel_cp,0.9963333333333333,0.8691698504844606,3.6336666666666666,0.001,0.0,2026184646,3,300,3000,5,0.5,0.1,0.05,ambiguous,0.8
majority_cp,0.9976666666666667,0.8764282894832298,3.689,0.0006666666666666666,0.0,2026184647,3,300,3000,5,0.5,0.1,0.05,ambiguous,0.8
random_rater_cp,0.9993333333333333,0.9041561426901177,3.9006666666666665,0.0,0.0,2026184647,3,300,3000,5,0.5,0.1,0.05,ambiguous,0.8
naive_panel_cp,0.9853333333333333,0.8177833931063057,3.295,0.005666666666666667,0.0,2026184647,3,300,3000,5,0.5,0.1,0.05,ambiguous,0.8
majority_cp,0.999,0.8843863217013497,3.751,0.0003333333333333333,0.0,2026184648,3,300,3000,5,0.5,0.1,0.05,ambiguous,0.8
random_rater_cp,0.9996666666666667,0.8880435960661738,3.7803333333333335,0.0003333333333333333,0.0,2026184648,3,300,3000,5,0.5,0.1,0.05,ambiguous,0.8
naive_panel_cp,0.987,0.8134938629284222,3.27,0.007666666666666666,0.0,2026184648,3,300,3000,5,0.5,0.1,0.05,ambiguous,0.8
majority_cp,0.9966666666666667,0.8676428310924145,3.626333333333333,0.0003333333333333333,0.0,2026184649,3,300,3000,5,0.5,0.1,0.05,ambiguous,0.8
random_rater_cp,0.9986666666666667,0.9094811480046118,3.96,0.0,0.0,2026184649,3,300,3000,5,0.5,0.1,0.05,ambiguous,0.8
naive_panel_cp,0.984,0.8120390405073038,3.252,0.005,0.0,2026184649,3,300,3000,5,0.5,0.1,0.05,ambiguous,0.8
majority_cp,0.9896666666666667,0.8376964600032282,3.416,0.003,0.0,2026184650,3,300,3000,5,0.5,0.1,0.05,ambiguous,0.8
random_rater_cp,0.9953333333333333,0.8687954018088276,3.626,0.0013333333333333333,0.0,2026184650,3,300,3000,5,0.5,0.1,0.05,ambiguous,0.8
naive_panel_cp,0.9773333333333334,0.8031377307370806,3.198,0.007,0.0,2026184650,3,300,3000,5,0.5,0.1,0.05,ambiguous,0.8
majority_cp,0.9993333333333333,0.8899366700132577,3.8063333333333333,0.0003333333333333333,0.0,2026184651,3,300,3000,5,0.5,0.1,0.05,ambiguous,0.8
random_rater_cp,0.9993333333333333,0.8938858733473817,3.8356666666666666,0.0003333333333333333,0.0,2026184651,3,300,3000,5,0.5,0.1,0.05,ambiguous,0.8
naive_panel_cp,0.9956666666666667,0.846193091813613,3.486666666666667,0.0016666666666666668,0.0,2026184651,3,300,3000,5,0.5,0.1,0.05,ambiguous,0.8
majority_cp,0.9996666666666667,0.8827916037515221,3.72,0.0,0.0,2026184652,3,300,3000,5,0.5,0.1,0.05,ambiguous,0.8
random_rater_cp,0.9996666666666667,0.8818870595038713,3.712666666666667,0.0,0.0,2026184652,3,300,3000,5,0.5,0.1,0.05,ambiguous,0.8
naive_panel_cp,0.9953333333333333,0.8431333931164778,3.445,0.0036666666666666666,0.0,2026184652,3,300,3000,5,0.5,0.1,0.05,ambiguous,0.8
majority_cp,1.0,0.9399902870587801,4.277,0.0,0.277,2026184653,3,300,3000,5,0.5,0.1,0.05,ambiguous,0.8
random_rater_cp,1.0,0.9014487129859796,3.8653333333333335,0.0,0.0,2026184653,3,300,3000,5,0.5,0.1,0.05,ambiguous,0.8
naive_panel_cp,0.993,0.8521677986932155,3.5123333333333333,0.002,0.0,2026184653,3,300,3000,5,0.5,0.1,0.05,ambiguous,0.8
majority_cp,0.9973333333333333,0.8540468821588498,3.52,0.0016666666666666668,0.0,2026184654,3,300,3000,5,0.5,0.1,0.05,ambiguous,0.8
random_rater_cp,1.0,0.9023214209096251,3.884,0.0,0.0,2026184654,3,300,3000,5,0.5,0.1,0.05,ambiguous,0.8
naive_panel_cp,0.9843333333333333,0.804684808578931,3.195666666666667,0.007333333333333333,0.0,2026184654,3,300,3000,5,0.5,0.1,0.05,ambiguous,0.8
majority_cp,0.998,0.8896877100001415,3.7773333333333334,0.0,0.0,2026184655,3,300,3000,5,0.5,0.1,0.05,ambiguous,0.8
random_rater_cp,0.9993333333333333,0.9217883619393499,4.051666666666667,0.0,0.051666666666666666,2026184655,3,300,3000,5,0.5,0.1,0.05,ambiguous,0.8
naive_panel_cp,0.983,0.8125026391121868,3.239333333333333,0.008333333333333333,0.0,2026184655,3,300,3000,5,0.5,0.1,0.05,ambiguous,0.8
majority_cp,0.9983333333333333,0.8837501665256736,3.7383333333333333,0.0006666666666666666,0.0,2026184656,3,300,3000,5,0.5,0.1,0.05,ambiguous,0.8
random_rater_cp,0.9986666666666667,0.9016417449674896,3.882,0.0,0.0,2026184656,3,300,3000,5,0.5,0.1,0.05,ambiguous,0.8
naive_panel_cp,0.9936666666666667,0.8430471930214728,3.4443333333333332,0.0033333333333333335,0.0,2026184656,3,300,3000,5,0.5,0.1,0.05,ambiguous,0.8
majority_cp,0.999,0.8991663512233913,3.8663333333333334,0.0,0.0,2026184657,3,300,3000,5,0.5,0.1,0.05,ambiguous,0.8
random_rater_cp,0.9993333333333333,0.9044716081740556,3.909,0.0,0.0,2026184657,3,300,3000,5,0.5,0.1,0.05,ambiguous,0.8
naive_panel_cp,0.9923333333333333,0.842081520787175,3.444,0.0026666666666666666,0.0,2026184657,3,300,3000,5,0.5,0.1,0.05,ambiguous,0.8
majority_cp,0.9946666666666667,0.8502779043681106,3.497,0.0016666666666666668,0.0,2026184658,3,300,3000,5,0.5,0.1,0.05,ambiguous,0.8
random_rater_cp,0.9966666666666667,0.8749076199416793,3.6806666666666668,0.0003333333333333333,0.0,2026184658,3,300,3000,5,0.5,0.1,0.05,ambiguous,0.8
naive_panel_cp,0.99,0.8242660213326994,3.3193333333333332,0.0023333333333333335,0.0,2026184658,3,300,3000,5,0.5,0.1,0.05,ambiguous,0.8
majority_cp,0.9996666666666667,0.9091439252316033,3.916333333333333,0.0,0.0,2026184659,3,300,3000,5,0.5,0.1,0.05,ambiguous,0.8
random_rater_cp,0.9996666666666667,0.8999437611926782,3.8346666666666667,0.0,0.0,2026184659,3,300,3000,5,0.5,0.1,0.05,ambiguous,0.8
naive_panel_cp,0.998,0.8683935485073362,3.5913333333333335,0.0013333333333333333,0.0,2026184659,3,300,3000,5,0.5,0.1,0.05,ambiguous,0.8
majority_cp,0.998,0.8721176069658835,3.650333333333333,0.0006666666666666666,0.0,2026184660,3,300,3000,5,0.5,0.1,0.05,ambiguous,0.8
random_rater_cp,1.0,0.9400070445846037,4.278,0.0,0.278,2026184660,3,300,3000,5,0.5,0.1,0.05,ambiguous,0.8
naive_panel_cp,0.9926666666666667,0.8428520359296274,3.443,0.002,0.0,2026184660,3,300,3000,5,0.5,0.1,0.05,ambiguous,0.8
majority_cp,0.9993333333333333,0.8964927323590095,3.8226666666666667,0.0,0.0,2026184661,3,300,3000,5,0.5,0.1,0.05,ambiguous,0.8
random_rater_cp,1.0,0.9179396409757168,3.9983333333333335,0.0,0.0,2026184661,3,300,3000,5,0.5,0.1,0.05,ambiguous,0.8
naive_panel_cp,0.9913333333333333,0.8308880945979336,3.3583333333333334,0.0026666666666666666,0.0,2026184661,3,300,3000,5,0.5,0.1,0.05,ambiguous,0.8
majority_cp,0.9996666666666667,0.9066857670937304,3.9186666666666667,0.0,0.0,2026184662,3,300,3000,5,0.5,0.1,0.05,ambiguous,0.8
random_rater_cp,0.9996666666666667,0.9397312952528688,4.283,0.0,0.283,2026184662,3,300,3000,5,0.5,0.1,0.05,ambiguous,0.8
naive_panel_cp,0.9913333333333333,0.8271913726790114,3.3296666666666668,0.005,0.0,2026184662,3,300,3000,5,0.5,0.1,0.05,ambiguous,0.8
majority_cp,0.9986666666666667,0.8867781692052207,3.748,0.0,0.0,2026184663,3,300,3000,5,0.5,0.1,0.05,ambiguous,0.8
random_rater_cp,0.9976666666666667,0.8737525500701965,3.6526666666666667,0.0003333333333333333,0.0,2026184663,3,300,3000,5,0.5,0.1,0.05,ambiguous,0.8
naive_panel_cp,0.98,0.8036088394698648,3.184,0.008333333333333333,0.0,2026184663,3,300,3000,5,0.5,0.1,0.05,ambiguous,0.8
majority_cp,0.994,0.833118076533369,3.3786666666666667,0.0023333333333333335,0.0,2026184664,3,300,3000,5,0.5,0.1,0.05,ambiguous,0.8
random_rater_cp,0.998,0.8590717433166131,3.555,0.0006666666666666666,0.0,2026184664,3,300,3000,5,0.5,0.1,0.05,ambiguous,0.8
naive_panel_cp,0.986,0.8118647069961774,3.243,0.005333333333333333,0.0,2026184664,3,300,3000,5,0.5,0.1,0.05,ambiguous,0.8
majority_cp,0.9996666666666667,0.9030864756596987,3.898,0.0,0.0,2026184665,3,300,3000,5,0.5,0.1,0.05,ambiguous,0.8
random_rater_cp,0.9996666666666667,0.8972229931939831,3.85,0.0,0.0,2026184665,3,300,3000,5,0.5,0.1,0.05,ambiguous,0.8
naive_panel_cp,0.9763333333333334,0.7981058162758579,3.1616666666666666,0.009,0.0,2026184665,3,300,3000,5,0.5,0.1,0.05,ambiguous,0.8
majority_cp,0.997,0.8644500121677122,3.5766666666666667,0.0013333333333333333,0.0,2026184666,3,300,3000,5,0.5,0.1,0.05,ambiguous,0.8
random_rater_cp,1.0,0.9413540043245542,4.275,0.0,0.275,2026184666,3,300,3000,5,0.5,0.1,0.05,ambiguous,0.8
naive_panel_cp,0.991,0.8236603885698511,3.3106666666666666,0.004333333333333333,0.0,2026184666,3,300,3000,5,0.5,0.1,0.05,ambiguous,0.8
majority_cp,0.9993333333333333,0.9119529073522983,3.9393333333333334,0.0,0.0,2026184667,3,300,3000,5,0.5,0.1,0.05,ambiguous,0.8
random_rater_cp,1.0,0.9901536148299941,4.874333333333333,0.0,0.8743333333333333,2026184667,3,300,3000,5,0.5,0.1,0.05,ambiguous,0.8
naive_panel_cp,0.995,0.8535664847438678,3.4976666666666665,0.003,0.0,2026184667,3,300,3000,5,0.5,0.1,0.05,ambiguous,0.8
majority_cp,0.999,0.9005914852914126,3.8573333333333335,0.0,0.0,2026184668,3,300,3000,5,0.5,0.1,0.05,ambiguous,0.8
random_rater_cp,0.999,0.9005914852914126,3.8573333333333335,0.0,0.0,2026184668,3,300,3000,5,0.5,0.1,0.05,ambiguous,0.8
naive_panel_cp,0.9953333333333333,0.8587887009670478,3.542666666666667,0.0026666666666666666,0.0,2026184668,3,300,3000,5,0.5,0.1,0.05,ambiguous,0.8
majority_cp,0.997,0.8754693715118834,3.6706666666666665,0.0003333333333333333,0.0,2026184669,3,300,3000,5,0.5,0.1,0.05,ambiguous,0.8
random_rater_cp,0.9976666666666667,0.8872915310838152,3.7636666666666665,0.0,0.0,2026184669,3,300,3000,5,0.5,0.1,0.05,ambiguous,0.8
naive_panel_cp,0.9886666666666667,0.8261155776218687,3.332,0.006333333333333333,0.0,2026184669,3,300,3000,5,0.5,0.1,0.05,ambiguous,0.8
majority_cp,0.997,0.8659785085017621,3.6193333333333335,0.0016666666666666668,0.0,2026184670,3,300,3000,5,0.5,0.1,0.05,ambiguous,0.8
random_rater_cp,1.0,0.920384228404361,4.051666666666667,0.0,0.051666666666666666,2026184670,3,300,3000,5,0.5,0.1,0.05,ambiguous,0.8
naive_panel_cp,0.9906666666666667,0.8346221731061533,3.4113333333333333,0.004,0.0,2026184670,3,300,3000,5,0.5,0.1,0.05,ambiguous,0.8
majority_cp,0.9986666666666667,0.8990757455924246,3.8606666666666665,0.0,0.0,2026184671,3,300,3000,5,0.5,0.1,0.05,ambiguous,0.8
random_rater_cp,0.9993333333333333,0.9156429588133612,3.999,0.0,0.0,2026184671,3,300,3000,5,0.5,0.1,0.05,ambiguous,0.8
naive_panel_cp,0.989,0.8214768754525226,3.2946666666666666,0.005,0.0,2026184671,3,300,3000,5,0.5,0.1,0.05,ambiguous,0.8
majority_cp,0.9973333333333333,0.877143429128262,3.6783333333333332,0.0003333333333333333,0.0,2026184672,3,300,3000,5,0.5,0.1,0.05,ambiguous,0.8
random_rater_cp,0.9993333333333333,0.8913095728942132,3.7896666666666667,0.0003333333333333333,0.0,2026184672,3,300,3000,5,0.5,0.1,0.05,ambiguous,0.8
naive_panel_cp,0.9903333333333333,0.8418607749385918,3.425,0.002,0.0,2026184672,3,300,3000,5,0.5,0.1,0.05,ambiguous,0.8
majority_cp,0.9983333333333333,0.8877887873374923,3.7493333333333334,0.0003333333333333333,0.0,2026184673,3,300,3000,5,0.5,0.1,0.05,ambiguous,0.8
random_rater_cp,0.9983333333333333,0.8903279088154517,3.7693333333333334,0.0003333333333333333,0.0,2026184673,3,300,3000,5,0.5,0.1,0.05,ambiguous,0.8
naive_panel_cp,0.995,0.8453738912709989,3.4393333333333334,0.0006666666666666666,0.0,2026184673,3,300,3000,5,0.5,0.1,0.05,ambiguous,0.8
majority_cp,1.0,0.9126651894255268,3.9996666666666667,0.0,0.0,2026184674,3,300,3000,5,0.5,0.1,0.05,ambiguous,0.8
random_rater_cp,0.9986666666666667,0.8919466272813085,3.8253333333333335,0.0,0.0,2026184674,3,300,3000,5,0.5,0.1,0.05,ambiguous,0.8
naive_panel_cp,0.9846666666666667,0.8138883652146759,3.27,0.005666666666666667,0.0,2026184674,3,300,3000,5,0.5,0.1,0.05,ambiguous,0.8
majority_cp,0.9966666666666667,0.865458796355282,3.603666666666667,0.0013333333333333333,0.0,2026184675,3,300,3000,5,0.5,0.1,0.05,ambiguous,0.8
random_rater_cp,1.0,0.9072565528606695,3.9276666666666666,0.0,0.0,2026184675,3,300,3000,5,0.5,0.1,0.05,ambiguous,0.8
naive_panel_cp,0.968,0.7803692282314079,3.062666666666667,0.017666666666666667,0.0,2026184675,3,300,3000,5,0.5,0.1,0.05,ambiguous,0.8
majority_cp,0.997,0.8757125167491404,3.6523333333333334,0.0,0.0,2026184676,3,300,3000,5,0.5,0.1,0.05,ambiguous,0.8
random_rater_cp,0.999,0.9122195447180578,3.947,0.0,0.0,2026184676,3,300,3000,5,0.5,0.1,0.05,ambiguous,0.8
naive_panel_cp,0.988,0.8279317446092807,3.324333333333333,0.004,0.0,2026184676,3,300,3000,5,0.5,0.1,0.05,ambiguous,0.8
majority_cp,0.999,0.8845247377491716,3.736,0.0,0.0,2026184677,3,300,3000,5,0.5,0.1,0.05,ambiguous,0.8
random_rater_cp,0.999,0.9023931067491449,3.8706666666666667,0.0,0.0,2026184677,3,300,3000,5,0.5,0.1,0.05,ambiguous,0.8
naive_panel_cp,0.9866666666666667,0.8120160472798807,3.232666666666667,0.008333333333333333,0.0,2026184677,3,300,3000,5,0.5,0.1,0.05,ambiguous,0.8
majority_cp,0.998,0.8846252743841251,3.7523333333333335,0.0003333333333333333,0.0,2026184678,3,300,3000,5,0.5,0.1,0.05,ambiguous,0.8
random_rater_cp,0.9996666666666667,0.9095458259199761,3.9546666666666668,0.0,0.0,2026184678,3,300,3000,5,0.5,0.1,0.05,ambiguous,0.8
naive_panel_cp,0.9913333333333333,0.8405328661780765,3.437,0.0033333333333333335,0.0,2026184678,3,300,3000,5,0.5,0.1,0.05,ambiguous,0.8
majority_cp,0.9946666666666667,0.8670161450686052,3.6126666666666667,0.0003333333333333333,0.0,2026184679,3,300,3000,5,0.5,0.1,0.05,ambiguous,0.8
random_rater_cp,0.9976666666666667,0.8930817142037085,3.804666666666667,0.0003333333333333333,0.0,2026184679,3,300,3000,5,0.5,0.1,0.05,ambiguous,0.8
naive_panel_cp,0.9803333333333333,0.8031767572635211,3.1883333333333335,0.008333333333333333,0.0,2026184679,3,300,3000,5,0.5,0.1,0.05,ambiguous,0.8
majority_cp,0.9986666666666667,0.9095754215969194,3.944,0.0,0.0,2026184680,3,300,3000,5,0.5,0.1,0.05,ambiguous,0.8
random_rater_cp,0.9976666666666667,0.8875709663552985,3.768,0.0003333333333333333,0.0,2026184680,3,300,3000,5,0.5,0.1,0.05,ambiguous,0.8
naive_panel_cp,0.9943333333333333,0.84226950311162,3.437333333333333,0.001,0.0,2026184680,3,300,3000,5,0.5,0.1,0.05,ambiguous,0.8
majority_cp,0.999,0.8897824329318864,3.788666666666667,0.0,0.0,2026184681,3,300,3000,5,0.5,0.1,0.05,ambiguous,0.8
random_rater_cp,0.999,0.8932679502649215,3.8116666666666665,0.0,0.0,2026184681,3,300,3000,5,0.5,0.1,0.05,ambiguous,0.8
naive_panel_cp,0.9853333333333333,0.8115881638900571,3.241,0.005333333333333333,0.0,2026184681,3,300,3000,5,0.5,0.1,0.05,ambiguous,0.8
majority_cp,0.9993333333333333,0.8926843227463204,3.793,0.0,0.0,2026184682,3,300,3000,5,0.5,0.1,0.05,ambiguous,0.8
random_rater_cp,0.9973333333333333,0.8772401228794852,3.6823333333333332,0.0,0.0,2026184682,3,300,3000,5,0.5,0.1,0.05,ambiguous,0.8
naive_panel_cp,0.9836666666666667,0.8012572222510768,3.1643333333333334,0.008,0.0,2026184682,3,300,3000,5,0.5,0.1,0.05,ambiguous,0.8
majority_cp,0.997,0.8750631212707899,3.69,0.001,0.0,2026184683,3,300,3000,5,0.5,0.1,0.05,ambiguous,0.8
random_rater_cp,0.9993333333333333,0.8981415423753178,3.86,0.0003333333333333333,0.0,2026184683,3,300,3000,5,0.5,0.1,0.05,ambiguous,0.8
naive_panel_cp,0.9826666666666667,0.8089498980972136,3.248,0.007,0.0,2026184683,3,300,3000,5,0.5,0.1,0.05,ambiguous,0.8
majority_cp,1.0,0.9154646978980164,3.98,0.0,0.0,2026184684,3,300,3000,5,0.5,0.1,0.05,ambiguous,0.8
random_rater_cp,1.0,0.915738301655987,3.982666666666667,0.0,0.0,2026184684,3,300,3000,5,0.5,0.1,0.05,ambiguous,0.8
naive_panel_cp,0.988,0.8158272590848848,3.259333333333333,0.004333333333333333,0.0,2026184684,3,300,3000,5,0.5,0.1,0.05,ambiguous,0.8
majority_cp,0.999,0.9056609367539751,3.896333333333333,0.0,0.0,2026184685,3,300,3000,5,0.5,0.1,0.05,ambiguous,0.8
random_rater_cp,0.9986666666666667,0.8925204996096924,3.7933333333333334,0.0,0.0,2026184685,3,300,3000,5,0.5,0.1,0.05,ambiguous,0.8
naive_panel_cp,0.9946666666666667,0.8496572329355024,3.4756666666666667,0.001,0.0,2026184685,3,300,3000,5,0.5,0.1,0.05,ambiguous,0.8
majority_cp,0.999,0.8918006151991723,3.7933333333333334,0.0003333333333333333,0.0,2026184686,3,300,3000,5,0.5,0.1,0.05,ambiguous,0.8
random_rater_cp,0.9993333333333333,0.9041403274605091,3.8986666666666667,0.0,0.0,2026184686,3,300,3000,5,0.5,0.1,0.05,ambiguous,0.8
naive_panel_cp,0.995,0.8438437144753307,3.4443333333333332,0.0016666666666666668,0.0,2026184686,3,300,3000,5,0.5,0.1,0.05,ambiguous,0.8
majority_cp,0.9996666666666667,0.9085722840102314,3.9263333333333335,0.0,0.0,2026184687,3,300,3000,5,0.5,0.1,0.05,ambiguous,0.8
random_rater_cp,0.9996666666666667,0.9418298210754853,4.289333333333333,0.0,0.28933333333333333,2026184687,3,300,3000,5,0.5,0.1,0.05,ambiguous,0.8
naive_panel_cp,0.9916666666666667,0.8431626331627851,3.445,0.0023333333333333335,0.0,2026184687,3,300,3000,5,0.5,0.1,0.05,ambiguous,0.8
majority_cp,0.9986666666666667,0.877658014837915,3.695,0.0006666666666666666,0.0,2026184688,3,300,3000,5,0.5,0.1,0.05,ambiguous,0.8
random_rater_cp,0.9996666666666667,0.898395913126946,3.8553333333333333,0.0,0.0,2026184688,3,300,3000,5,0.5,0.1,0.05,ambiguous,0.8
naive_panel_cp,0.9916666666666667,0.829869383975342,3.3586666666666667,0.003,0.0,2026184688,3,300,3000,5,0.5,0.1,0.05,ambiguous,0.8
majority_cp,0.9923333333333333,0.84241085027955,3.4596666666666667,0.003,0.0,2026184689,3,300,3000,5,0.5,0.1,0.05,ambiguous,0.8
random_rater_cp,0.9973333333333333,0.886375309623838,3.7663333333333333,0.0003333333333333333,0.0,2026184689,3,300,3000,5,0.5,0.1,0.05,ambiguous,0.8
naive_panel_cp,0.982,0.7976087887521797,3.1696666666666666,0.008666666666666666,0.0,2026184689,3,300,3000,5,0.5,0.1,0.05,ambiguous,0.8
majority_cp,0.999,0.8690604857733858,3.611,0.0016666666666666668,0.0,2026184690,3,300,3000,5,0.5,0.1,0.05,ambiguous,0.8
random_rater_cp,0.9996666666666667,0.8810417331333881,3.699,0.0003333333333333333,0.0,2026184690,3,300,3000,5,0.5,0.1,0.05,ambiguous,0.8
naive_panel_cp,0.9816666666666667,0.7999179920693258,3.139666666666667,0.011333333333333334,0.0,2026184690,3,300,3000,5,0.5,0.1,0.05,ambiguous,0.8
majority_cp,1.0,0.9168670254484371,3.989,0.0,0.0,2026184691,3,300,3000,5,0.5,0.1,0.05,ambiguous,0.8
random_rater_cp,1.0,0.9404752480037508,4.277,0.0,0.277,2026184691,3,300,3000,5,0.5,0.1,0.05,ambiguous,0.8
naive_panel_cp,0.9973333333333333,0.8640645971800156,3.5766666666666667,0.0013333333333333333,0.0,2026184691,3,300,3000,5,0.5,0.1,0.05,ambiguous,0.8
majority_cp,0.9993333333333333,0.9002199067541011,3.878,0.0,0.0,2026184692,3,300,3000,5,0.5,0.1,0.05,ambiguous,0.8
random_rater_cp,0.9996666666666667,0.9133824693279591,3.992,0.0,0.0,2026184692,3,300,3000,5,0.5,0.1,0.05,ambiguous,0.8
naive_panel_cp,0.9946666666666667,0.8396402571804916,3.441666666666667,0.0013333333333333333,0.0,2026184692,3,300,3000,5,0.5,0.1,0.05,ambiguous,0.8
majority_cp,0.9996666666666667,0.8997943299714483,3.865,0.0003333333333333333,0.0,2026184693,3,300,3000,5,0.5,0.1,0.05,ambiguous,0.8
random_rater_cp,0.9993333333333333,0.8976582531124859,3.845666666666667,0.0,0.0,2026184693,3,300,3000,5,0.5,0.1,0.05,ambiguous,0.8
naive_panel_cp,0.9933333333333333,0.8454222872609762,3.463,0.0033333333333333335,0.0,2026184693,3,300,3000,5,0.5,0.1,0.05,ambiguous,0.8
majority_cp,0.9986666666666667,0.8813219560313603,3.7136666666666667,0.0003333333333333333,0.0,2026184694,3,300,3000,5,0.5,0.1,0.05,ambiguous,0.8
random_rater_cp,0.9986666666666667,0.8799555637533731,3.701,0.0003333333333333333,0.0,2026184694,3,300,3000,5,0.5,0.1,0.05,ambiguous,0.8
naive_panel_cp,0.99,0.8196863444489259,3.2893333333333334,0.005666666666666667,0.0,2026184694,3,300,3000,5,0.5,0.1,0.05,ambiguous,0.8
majority_cp,0.9996666666666667,0.9010835805186335,3.867,0.0,0.0,2026184695,3,300,3000,5,0.5,0.1,0.05,ambiguous,0.8
random_rater_cp,0.9996666666666667,0.9110948863140192,3.9543333333333335,0.0,0.0,2026184695,3,300,3000,5,0.5,0.1,0.05,ambiguous,0.8
naive_panel_cp,0.9813333333333333,0.7966632806458526,3.153,0.014666666666666666,0.0,2026184695,3,300,3000,5,0.5,0.1,0.05,ambiguous,0.8
majority_cp,0.999,0.8885809727984029,3.772666666666667,0.0003333333333333333,0.0,2026184696,3,300,3000,5,0.5,0.1,0.05,ambiguous,0.8
random_rater_cp,0.999,0.8885809727984029,3.772666666666667,0.0003333333333333333,0.0,2026184696,3,300,3000,5,0.5,0.1,0.05,ambiguous,0.8
naive_panel_cp,0.9916666666666667,0.8308811647993191,3.365666666666667,0.004666666666666667,0.0,2026184696,3,300,3000,5,0.5,0.1,0.05,ambiguous,0.8
majority_cp,0.997,0.8915059814172973,3.7843333333333335,0.0003333333333333333,0.0,2026184697,3,300,3000,5,0.5,0.1,0.05,ambiguous,0.8
random_rater_cp,0.9986666666666667,0.9068559712613884,3.9053333333333335,0.0,0.0,2026184697,3,300,3000,5,0.5,0.1,0.05,ambiguous,0.8
naive_panel_cp,0.9886666666666667,0.8327667079461677,3.3546666666666667,0.0023333333333333335,0.0,2026184697,3,300,3000,5,0.5,0.1,0.05,ambiguous,0.8
majority_cp,0.9963333333333333,0.8612468393901025,3.5846666666666667,0.002,0.0,2026184698,3,300,3000,5,0.5,0.1,0.05,ambiguous,0.8
random_rater_cp,0.9996666666666667,0.8911860763521409,3.8066666666666666,0.0,0.0,2026184698,3,300,3000,5,0.5,0.1,0.05,ambiguous,0.8
naive_panel_cp,0.9866666666666667,0.8101604367627077,3.236666666666667,0.006,0.0,2026184698,3,300,3000,5,0.5,0.1,0.05,ambiguous,0.8
majority_cp,1.0,0.9231127697224574,4.051333333333333,0.0,0.051333333333333335,2026184699,3,300,3000,5,0.5,0.1,0.05,ambiguous,0.8
random_rater_cp,0.9993333333333333,0.9076537162007299,3.900333333333333,0.0,0.0,2026184699,3,300,3000,5,0.5,0.1,0.05,ambiguous,0.8
naive_panel_cp,0.9943333333333333,0.8444334101673303,3.437666666666667,0.0023333333333333335,0.0,2026184699,3,300,3000,5,0.5,0.1,0.05,ambiguous,0.8
majority_cp,0.9996666666666667,0.8897014952034069,3.7756666666666665,0.0,0.0,2026186500,5,300,3000,5,0.5,0.1,0.05,ambiguous,0.8
random_rater_cp,1.0,0.9093107468062595,3.942,0.0,0.0,2026186500,5,300,3000,5,0.5,0.1,0.05,ambiguous,0.8
naive_panel_cp,0.993,0.8257625968484623,3.3156666666666665,0.005333333333333333,0.0,2026186500,5,300,3000,5,0.5,0.1,0.05,ambiguous,0.8
ptcp,1.0,0.989044501798332,4.869,0.0,0.869,2026186500,5,300,3000,5,0.5,0.1,0.05,ambiguous,0.8
ptcp_randomized,1.0,0.989044501798332,4.869,0.0,0.869,2026186500,5,300,3000,5,0.5,0.1,0.05,ambiguous,0.8
majority_cp,0.999,0.8740593625812544,3.657,0.001,0.0,2026186501,5,300,3000,5,0.5,0.1,0.05,ambiguous,0.8
random_rater_cp,1.0,0.9101717007420693,3.9426666666666668,0.0,0.0,2026186501,5,300,3000,5,0.5,0.1,0.05,ambiguous,0.8
naive_panel_cp,0.986,0.8083287056580278,3.2213333333333334,0.01,0.0,2026186501,5,300,3000,5,0.5,0.1,0.05,ambiguous,0.8
ptcp,1.0,0.990007629541485,4.877666666666666,0.0,0.8776666666666667,2026186501,5,300,3000,5,0.5,0.1,0.05,ambiguous,0.8
ptcp_randomized,1.0,0.990007629541485,4.877666666666666,0.0,0.8776666666666667,2026186501,5,300,3000,5,0.5,0.1,0.05,ambiguous,0.8
majority_cp,0.9933333333333333,0.8430552491266395,3.4593333333333334,0.0036666666666666666,0.0,2026186502,5,300,3000,5,0.5,0.1,0.05,ambiguous,0.8
random_rater_cp,1.0,0.9187524811816129,4.058666666666666,0.0,0.058666666666666666,2026186502,5,300,3000,5,0.5,0.1,0.05,ambiguous,0.8
naive_panel_cp,0.9813333333333333,0.8002269649205586,3.187666666666667,0.009333333333333334,0.0,2026186502,5,300,3000,5,0.5,0.1,0.05,ambiguous,0.8
ptcp,1.0,0.9894881396643547,4.8693333333333335,0.0,0.8693333333333333,2026186502,5,300,3000,5,0.5,0.1,0.05,ambiguous,0.8
ptcp_randomized,1.0,0.9894881396643547,4.8693333333333335,0.0,0.8693333333333333,2026186502,5,300,3000,5,0.5,0.1,0.05,ambiguous,0.8
majority_cp,0.9966666666666667,0.8632228522360902,3.587,0.0016666666666666668,0.0,2026186503,5,300,3000,5,0.5,0.1,0.05,ambiguous,0.8
random_rater_cp,0.9996666666666667,0.8992261101394664,3.8663333333333334,0.0,0.0,2026186503,5,300,3000,5,0.5,0.1,0.05,ambiguous,0.8
naive_panel_cp,0.9866666666666667,0.8196629828482325,3.2973333333333334,0.005666666666666667,0.0,2026186503,5,300,3000,5,0.5,0.1,0.05,ambiguous,0.8
ptcp,1.0,0.9999963836633183,4.999666666666666,0.0,0.9996666666666667,2026186503,5,300,3000,5,0.5,0.1,0.05,ambiguous,0.8
ptcp_randomized,1.0,0.9999963836633183,4.999666666666666,0.0,0.9996666666666667,2026186503,5,300,3000,5,0.5,0.1,0.05,ambiguous,0.8
majority_cp,0.997,0.8664702109919596,3.607,0.0006666666666666666,0.0,2026186504,5,300,3000,5,0.5,0.1,0.05,ambiguous,0.8
random_rater_cp,1.0,0.9396335451736944,4.278333333333333,0.0,0.2783333333333333,2026186504,5,300,3000,5,0.5,0.1,0.05,ambiguous,0.8
naive_panel_cp,0.975,0.7823307052309477,3.065,0.012666666666666666,0.0,2026186504,5,300,3000,5,0.5,0.1,0.05,ambiguous,0.8
ptcp,1.0,0.9894198827897276,4.868333333333333,0.0,0.8683333333333333,2026186504,5,300,3000,5,0.5,0.1,0.05,ambiguous,0.8
ptcp_randomized,1.0,0.9894198827897276,4.868333333333333,0.0,0.8683333333333333,2026186504,5,300,3000,5,0.5,0.1,0.05,ambiguous,0.8
majority_cp,0.998,0.8847089710853024,3.729,0.0003333333333333333,0.0,2026186505,5,300,3000,5,0.5,0.1,0.05,ambiguous,0.8
random_rater_cp,0.9986666666666667,0.9028566352764898,3.8733333333333335,0.0,0.0,2026186505,5,300,3000,5,0.5,0.1,0.05,ambiguous,0.8
naive_panel_cp,0.98,0.8037819135492851,3.1933333333333334,0.008,0.0,2026186505,5,300,3000,5,0.5,0.1,0.05,ambiguous,0.8
ptcp,1.0,0.9888733703072218,4.866,0.0,0.866,2026186505,5,300,3000,5,0.5,0.1,0.05,ambiguous,0.8
ptcp_randomized,1.0,0.9888733703072218,4.866,0.0,0.866,2026186505,5,300,3000,5,0.5,0.1,0.05,ambiguous,0.8
majority_cp,0.9916666666666667,0.8396562061558484,3.4036666666666666,0.004,0.0,2026186506,5,300,3000,5,0.5,0.1,0.05,ambiguous,0.8
random_rater_cp,0.999,0.8903700089644395,3.766,0.0,0.0,2026186506,5,300,3000,5,0.5,0.1,0.05,ambiguous,0.8
naive_panel_cp,0.9676666666666667,0.7793212755314748,3.021333333333333,0.012666666666666666,0.0,2026186506,5,300,3000,5,0.5,0.1,0.05,ambiguous,0.8
ptcp,1.0,0.98957056671062,4.876333333333333,0.0,0.8763333333333333,2026186506,5,300,3000,5,0.5,0.1,0.05,ambiguous,0.8
ptcp_randomized,1.0,0.98957056671062,4.876333333333333,0.0,0.8763333333333333,2026186506,5,300,3000,5,0.5,0.1,0.05,ambiguous,0.8
majority_cp,0.9913333333333333,0.8361017641629975,3.393666666666667,0.004,0.0,2026186507,5,300,3000,5,0.5,0.1,0.05,ambiguous,0.8
random_rater_cp,0.9993333333333333,0.9008140497697928,3.8596666666666666,0.0,0.0,2026186507,5,300,3000,5,0.5,0.1,0.05,ambiguous,0.8
naive_panel_cp,0.972,0.7846383606576518,3.0813333333333333,0.009333333333333334,0.0,2026186507,5,300,3000,5,0.5,0.1,0.05,ambiguous,0.8
ptcp,1.0,0.9897359501197398,4.8726666666666665,0.0,0.8726666666666667,2026186507,5,300,3000,5,0.5,0.1,0.05,ambiguous,0.8
ptcp_randomized,1.0,0.9897359501197398,4.8726666666666665,0.0,0.8726666666666667,2026186507,5,300,3000,5,0.5,0.1,0.05,ambiguous,0.8
majority_cp,0.983,0.8158495067742767,3.258,0.010666666666666666,0.0,2026186508,5,300,3000,5,0.5,0.1,0.05,ambiguous,0.8
random_rater_cp,0.9996666666666667,0.8975388731537426,3.832,0.0,0.0,2026186508,5,300,3000,5,0.5,0.1,0.05,ambiguous,0.8
naive_panel_cp,0.9766666666666667,0.7938965307235945,3.1193333333333335,0.015,0.0,2026186508,5,300,3000,5,0.5,0.1,0.05,ambiguous,0.8
ptcp,1.0,0.9903392790370378,4.878,0.0,0.878,2026186508,5,300,3000,5,0.5,0.1,0.05,ambiguous,0.8
ptcp_randomized,1.0,0.9903392790370378,4.878,0.0,0.878,2026186508,5,300,3000,5,0.5,0.1,0.05,ambiguous,0.8
majority_cp,0.9963333333333333,0.8688644044495143,3.619,0.001,0.0,2026186509,5,300,3000,5,0.5,0.1,0.05,ambiguous,0.8
random_rater_cp,1.0,0.9396354548131473,4.275666666666667,0.0,0.27566666666666667,2026186509,5,300,3000,5,0.5,0.1,0.05,ambiguous,0.8
naive_panel_cp,0.982,0.8081978299794781,3.2186666666666666,0.006666666666666667,0.0,2026186509,5,300,3000,5,0.5,0.1,0.05,ambiguous,0.8
ptcp,1.0,0.9898086453106101,4.872,0.0,0.872,2026186509,5,300,3000,5,0.5,0.1,0.05,ambiguous,0.8
ptcp_randomized,1.0,0.9898086453106101,4.872,0.0,0.872,2026186509,5,300,3000,5,0.5,0.1,0.05,ambiguous,0.8
majority_cp,0.9863333333333333,0.8185268278660389,3.268666666666667,0.006333333333333333,0.0,2026186510,5,300,3000,5,0.5,0.1,0.05,ambiguous,0.8
random_rater_cp,0.999,0.8955202204474181,3.8143333333333334,0.0,0.0,2026186510,5,300,3000,5,0.5,0.1,0.05,ambiguous,0.8
naive_panel_cp,0.954,0.7536542353099579,2.88,0.024,0.0,2026186510,5,300,3000,5,0.5,0.1,0.05,ambiguous,0.8
ptcp,1.0,0.9999338058725641,4.999666666666666,0.0,0.9996666666666667,2026186510,5,300,3000,5,0.5,0.1,0.05,ambiguous,0.8
ptcp_randomized,1.0,0.989339288796922,4.872,0.0,0.872,2026186510,5,300,3000,5,0.5,0.1,0.05,ambiguous,0.8
majority_cp,0.9943333333333333,0.847936000008662,3.492,0.0033333333333333335,0.0,2026186511,5,300,3000,5,0.5,0.1,0.05,ambiguous,0.8
random_rater_cp,0.9986666666666667,0.885661535873801,3.771333333333333,0.0003333333333333333,0.0,2026186511,5,300,3000,5,0.5,0.1,0.05,ambiguous,0.8
naive_panel_cp,0.968,0.7798569360809126,3.0656666666666665,0.016666666666666666,0.0,2026186511,5,300,3000,5,0.5,0.1,0.05,ambiguous,0.8
ptcp,0.9996666666666667,0.98839081950811,4.862666666666667,0.0,0.8626666666666667,2026186511,5,300,3000,5,0.5,0.1,0.05,ambiguous,0.8
ptcp_randomized,0.9996666666666667,0.98839081950811,4.862666666666667,0.0,0.8626666666666667,2026186511,5,300,3000,5,0.5,0.1,0.05,ambiguous,0.8
majority_cp,0.9943333333333333,0.8503838802733731,3.498666666666667,0.0033333333333333335,0.0,2026186512,5,300,3000,5,0.5,0.1,0.05,ambiguous,0.8
random_rater_cp,0.9996666666666667,0.8981660285191896,3.8526666666666665,0.0,0.0,2026186512,5,300,3000,5,0.5,0.1,0.05,ambiguous,0.8
naive_panel_cp,0.968,0.7819502039895002,3.0686666666666667,0.018666666666666668,0.0,2026186512,5,300,3000,5,0.5,0.1,0.05,ambiguous,0.8
ptcp,1.0,0.98989468287003,4.8693333333333335,0.0,0.8693333333333333,2026186512,5,300,3000,5,0.5,0.1,0.05,ambiguous,0.8
ptcp_randomized,1.0,0.98989468287003,4.8693333333333335,0.0,0.8693333333333333,2026186512,5,300,3000,5,0.5,0.1,0.05,ambiguous,0.8
majority_cp,0.9936666666666667,0.8487485163676577,3.469333333333333,0.0026666666666666666,0.0,2026186513,5,300,3000,5,0.5,0.1,0.05,ambiguous,0.8
random_rater_cp,0.9993333333333333,0.9083960033847376,3.931,0.0,0.0,2026186513,5,300,3000,5,0.5,0.1,0.05,ambiguous,0.8
naive_panel_cp,0.9793333333333333,0.8045545760630592,3.1943333333333332,0.008,0.0,2026186513,5,300,3000,5,0.5,0.1,0.05,ambiguous,0.8
ptcp,0.9996666666666667,0.9883527579833796,4.863666666666667,0.0,0.8636666666666667,2026186513,5,300,3000,5,0.5,0.1,0.05,ambiguous,0.8
ptcp_randomized,0.9996666666666667,0.9883527579833796,4.863666666666667,0.0,0.8636666666666667,2026186513,5,300,3000,5,0.5,0.1,0.05,ambiguous,0.8
majority_cp,0.992,0.852732080415813,3.5143333333333335,0.002,0.0,2026186514,5,300,3000,5,0.5,0.1,0.05,ambiguous,0.8
random_rater_cp,0.998,0.8886170262900013,3.767333333333333,0.0,0.0,2026186514,5,300,3000,5,0.5,0.1,0.05,ambiguous,0.8
naive_panel_cp,0.9706666666666667,0.7907945902647192,3.122333333333333,0.011666666666666667,0.0,2026186514,5,300,3000,5,0.5,0.1,0.05,ambiguous,0.8
ptcp,1.0,0.9891362928030697,4.870333333333333,0.0,0.8703333333333333,2026186514,5,300,3000,5,0.5,0.1,0.05,ambiguous,0.8
ptcp_randomized,1.0,0.9891362928030697,4.870333333333333,0.0,0.8703333333333333,2026186514,5,300,3000,5,0.5,0.1,0.05,ambiguous,0.8
majority_cp,0.9946666666666667,0.8555570422948716,3.5036666666666667,0.002,0.0,2026186515,5,300,3000,5,0.5,0.1,0.05,ambiguous,0.8
random_rater_cp,0.9986666666666667,0.8983913947528784,3.8383333333333334,0.0,0.0,2026186515,5,300,3000,5,0.5,0.1,0.05,ambiguous,0.8
naive_panel_cp,0.9826666666666667,0.810737285518011,3.2096666666666667,0.007666666666666666,0.0,2026186515,5,300,3000,5,0.5,0.1,0.05,ambiguous,0.8
ptcp,1.0,0.9897641179121899,4.873666666666667,0.0,0.8736666666666667,2026186515,5,300,3000,5,0.5,0.1,0.05,ambiguous,0.8
ptcp_randomized,1.0,0.9897641179121899,4.873666666666667,0.0,0.8736666666666667,2026186515,5,300,3000,5,0.5,0.1,0.05,ambiguous,0.8
majority_cp,0.996,0.8597553200022865,3.56,0.0016666666666666668,0.0,2026186516,5,300,3000,5,0.5,0.1,0.05,ambiguous,0.8
random_rater_cp,1.0,0.9098568228577157,3.936,0.0,0.0,2026186516,5,300,3000,5,0.5,0.1,0.05,ambiguous,0.8
naive_panel_cp,0.9813333333333333,0.804657627891469,3.199333333333333,0.005,0.0,2026186516,5,300,3000,5,0.5,0.1,0.05,ambiguous,0.8
ptcp,1.0,0.9896633516267539,4.872333333333334,0.0,0.8723333333333333,2026186516,5,300,3000,5,0.5,0.1,0.05,ambiguous,0.8
ptcp_randomized,1.0,0.9896633516267539,4.872333333333334,0.0,0.8723333333333333,2026186516,5,300,3000,5,0.5,0.1,0.05,ambiguous,0.8
majority_cp,0.999,0.8769150681503912,3.6763333333333335,0.0006666666666666666,0.0,2026186517,5,300,3000,5,0.5,0.1,0.05,ambiguous,0.8
random_rater_cp,0.9993333333333333,0.8863874025528624,3.7456666666666667,0.0003333333333333333,0.0,2026186517,5,300,3000,5,0.5,0.1,0.05,ambiguous,0.8
naive_panel_cp,0.9866666666666667,0.8089974858786382,3.2066666666666666,0.006333333333333333,0.0,2026186517,5,300,3000,5,0.5,0.1,0.05,ambiguous,0.8
ptcp,1.0,0.9999737221149307,4.999666666666666,0.0,0.9996666666666667,2026186517,5,300,3000,5,0.5,0.1,0.05,ambiguous,0.8
ptcp_randomized,1.0,0.9999737221149307,4.999666666666666,0.0,0.9996666666666667,2026186517,5,300,3000,5,0.5,0.1,0.05,ambiguous,0.8
majority_cp,0.994,0.839808510321999,3.4203333333333332,0.0033333333333333335,0.0,2026186518,5,300,3000,5,0.5,0.1,0.05,ambiguous,0.8
random_rater_cp,0.9993333333333333,0.8963365701872082,3.8296666666666668,0.0,0.0,2026186518,5,300,3000,5,0.5,0.1,0.05,ambiguous,0.8
naive_panel_cp,0.9776666666666667,0.7849257859232567,3.0833333333333335,0.009666666666666667,0.0,2026186518,5,300,3000,5,0.5,0.1,0.05,ambiguous,0.8
ptcp,1.0,0.9999606319884815,4.999333333333333,0.0,0.9993333333333333,2026186518,5,300,3000,5,0.5,0.1,0.05,ambiguous,0.8
ptcp_randomized,1.0,0.9885937316136382,4.860333333333333,0.0,0.8603333333333333,2026186518,5,300,3000,5,0.5,0.1,0.05,ambiguous,0.8
majority_cp,0.9956666666666667,0.8536680509648356,3.507,0.001,0.0,2026186519,5,300,3000,5,0.5,0.1,0.05,ambiguous,0.8
random_rater_cp,0.9986666666666667,0.8902711086179579,3.7763333333333335,0.0,0.0,2026186519,5,300,3000,5,0.5,0.1,0.05,ambiguous,0.8
naive_panel_cp,0.9793333333333333,0.8006190272693509,3.1573333333333333,0.009,0.0,2026186519,5,300,3000,5,0.5,0.1,0.05,ambiguous,0.8
ptcp,1.0,0.9894903688521077,4.87,0.0,0.87,2026186519,5,300,3000,5,0.5,0.1,0.05,ambiguous,0.8
ptcp_randomized,1.0,0.9894903688521077,4.87,0.0,0.87,2026186519,5,300,3000,5,0.5,0.1,0.05,ambiguous,0.8
majority_cp,0.9976666666666667,0.8623331534869241,3.578333333333333,0.0016666666666666668,0.0,2026186520,5,300,3000,5,0.5,0.1,0.05,ambiguous,0.8
random_rater_cp,0.9996666666666667,0.9070596955310403,3.917,0.0,0.0,2026186520,5,300,3000,5,0.5,0.1,0.05,ambiguous,0.8
naive_panel_cp,0.9893333333333333,0.8227761402862453,3.308333333333333,0.005,0.0,2026186520,5,300,3000,5,0.5,0.1,0.05,ambiguous,0.8
ptcp,1.0,0.99057686769975,4.882,0.0,0.882,2026186520,5,300,3000,5,0.5,0.1,0.05,ambiguous,0.8
ptcp_randomized,1.0,0.99057686769975,4.882,0.0,0.882,2026186520,5,300,3000,5,0.5,0.1,0.05,ambiguous,0.8
majority_cp,0.9983333333333333,0.8841445825351275,3.7463333333333333,0.0006666666666666666,0.0,2026186521,5,300,3000,5,0.5,0.1,0.05,ambiguous,0.8
random_rater_cp,1.0,0.9015085039949053,3.8756666666666666,0.0,0.0,2026186521,5,300,3000,5,0.5,0.1,0.05,ambiguous,0.8
naive_panel_cp,0.993,0.8427595886152243,3.4476666666666667,0.0036666666666666666,0.0,2026186521,5,300,3000,5,0.5,0.1,0.05,ambiguous,0.8
ptcp,1.0,0.9908096755505406,4.877,0.0,0.877,2026186521,5,300,3000,5,0.5,0.1,0.05,ambiguous,0.8
ptcp_randomized,1.0,0.9908096755505406,4.877,0.0,0.877,2026186521,5,300,3000,5,0.5,0.1,0.05,ambiguous,0.8
majority_cp,0.9993333333333333,0.8924226033096805,3.7903333333333333,0.0,0.0,2026186522,5,300,3000,5,0.5,0.1,0.05,ambiguous,0.8
random_rater_cp,0.9973333333333333,0.8717132947992965,3.637,0.001,0.0,2026186522,5,300,3000,5,0.5,0.1,0.05,ambiguous,0.8
naive_panel_cp,0.9876666666666667,0.8286800606718918,3.347,0.005666666666666667,0.0,2026186522,5,300,3000,5,0.5,0.1,0.05,ambiguous,0.8
ptcp,1.0,0.9896379131175619,4.864333333333334,0.0,0.8643333333333333,2026186522,5,300,3000,5,0.5,0.1,0.05,ambiguous,0.8
ptcp_randomized,1.0,0.9896379131175619,4.864333333333334,0.0,0.8643333333333333,2026186522,5,300,3000,5,0.5,0.1,0.05,ambiguous,0.8
majority_cp,0.9956666666666667,0.8436012627082149,3.4516666666666667,0.004666666666666667,0.0,2026186523,5,300,3000,5,0.5,0.1,0.05,ambiguous,0.8
random_rater_cp,1.0,0.900412358592812,3.865,0.0,0.0,2026186523,5,300,3000,5,0.5,0.1,0.05,ambiguous,0.8
naive_panel_cp,0.976,0.7841360720114395,3.0856666666666666,0.013,0.0,2026186523,5,300,3000,5,0.5,0.1,0.05,ambiguous,0.8
ptcp,1.0,0.9904881847596776,4.881333333333333,0.0,0.8813333333333333,2026186523,5,300,3000,5,0.5,0.1,0.05,ambiguous,0.8
ptcp_randomized,1.0,0.9904881847596776,4.881333333333333,0.0,0.8813333333333333,2026186523,5,300,3000,5,0.5,0.1,0.05,ambiguous,0.8
majority_cp,0.993,0.8465772207202035,3.449,0.004333333333333333,0.0,2026186524,5,300,3000,5,0.5,0.1,0.05,ambiguous,0.8
random_rater_cp,0.9996666666666667,0.9155315303848444,3.974666666666667,0.0,0.0,2026186524,5,300,3000,5,0.5,0.1,0.05,ambiguous,0.8
naive_panel_cp,0.9576666666666667,0.7603298943048822,2.9183333333333334,0.021666666666666667,0.0,2026186524,5,300,3000,5,0.5,0.1,0.05,ambiguous,0.8
ptcp,0.9996666666666667,0.9902025660528421,4.873333333333333,0.0,0.8733333333333333,2026186524,5,300,3000,5,0.5,0.1,0.05,ambiguous,0.8
ptcp_randomized,0.9996666666666667,0.9902025660528421,4.873333333333333,0.0,0.8733333333333333,2026186524,5,300,3000,5,0.5,0.1,0.05,ambiguous,0.8
majority_cp,0.9953333333333333,0.8423142013648596,3.441666666666667,0.0013333333333333333,0.0,2026186525,5,300,3000,5,0.5,0.1,0.05,ambiguous,0.8
random_rater_cp,0.9983333333333333,0.8731046925469396,3.6593333333333335,0.001,0.0,2026186525,5,300,3000,5,0.5,0.1,0.05,ambiguous,0.8
naive_panel_cp,0.977,0.7911610931508576,3.128,0.011333333333333334,0.0,2026186525,5,300,3000,5,0.5,0.1,0.05,ambiguous,0.8
ptcp,1.0,0.9887363799484331,4.877,0.0,0.877,2026186525,5,300,3000,5,0.5,0.1,0.05,ambiguous,0.8
ptcp_randomized,1.0,0.9887363799484331,4.877,0.0,0.877,2026186525,5,300,3000,5,0.5,0.1,0.05,ambiguous,0.8
majority_cp,0.997,0.8706617228251385,3.648,0.0003333333333333333,0.0,2026186526,5,300,3000,5,0.5,0.1,0.05,ambiguous,0.8
random_rater_cp,0.9993333333333333,0.9120776501677186,3.9766666666666666,0.0,0.0,2026186526,5,300,3000,5,0.5,0.1,0.05,ambiguous,0.8
naive_panel_cp,0.9783333333333334,0.7941326378206368,3.138333333333333,0.009,0.0,2026186526,5,300,3000,5,0.5,0.1,0.05,ambiguous,0.8
ptcp,1.0,0.9895358453760524,4.871,0.0,0.871,2026186526,5,300,3000,5,0.5,0.1,0.05,ambiguous,0.8
ptcp_randomized,1.0,0.9895358453760524,4.871,0.0,0.871,2026186526,5,300,3000,5,0.5,0.1,0.05,ambiguous,0.8
majority_cp,0.9966666666666667,0.8609190857217861,3.575,0.002,0.0,2026186527,5,300,3000,5,0.5,0.1,0.05,ambiguous,0.8
random_rater_cp,0.9993333333333333,0.8923271818794007,3.8156666666666665,0.0003333333333333333,0.0,2026186527,5,300,3000,5,0.5,0.1,0.05,ambiguous,0.8
naive_panel_cp,0.9846666666666667,0.8101409831085736,3.248,0.006333333333333333,0.0,2026186527,5,300,3000,5,0.5,0.1,0.05,ambiguous,0.8
ptcp,1.0,0.9895257394088488,4.873333333333333,0.0,0.8733333333333333,2026186527,5,300,3000,5,0.5,0.1,0.05,ambiguous,0.8
ptcp_randomized,1.0,0.9895257394088488,4.873333333333333,0.0,0.8733333333333333,2026186527,5,300,3000,5,0.5,0.1,0.05,ambiguous,0.8
majority_cp,0.982,0.8112177631937822,3.2396666666666665,0.008666666666666666,0.0,2026186528,5,300,3000,5,0.5,0.1,0.05,ambiguous,0.8
random_rater_cp,0.9983333333333333,0.8905617167706662,3.776,0.0,0.0,2026186528,5,300,3000,5,0.5,0.1,0.05,ambiguous,0.8
naive_panel_cp,0.9623333333333334,0.7716948111764267,3.012,0.02,0.0,2026186528,5,300,3000,5,0.5,0.1,0.05,ambiguous,0.8
ptcp,1.0,0.9898841188018693,4.872333333333334,0.0,0.8723333333333333,2026186528,5,300,3000,5,0.5,0.1,0.05,ambiguous,0.8
ptcp_randomized,1.0,0.9898841188018693,4.872333333333334,0.0,0.8723333333333333,2026186528,5,300,3000,5,0.5,0.1,0.05,ambiguous,0.8
majority_cp,0.9996666666666667,0.9027521389599178,3.884,0.0,0.0,2026186529,5,300,3000,5,0.5,0.1,0.05,ambiguous,0.8
random_rater_cp,1.0,0.9393493814671023,4.2843333333333335,0.0,0.2843333333333333,2026186529,5,300,3000,5,0.5,0.1,0.05,ambiguous,0.8
naive_panel_cp,0.979,0.8016020671869076,3.1783333333333332,0.007,0.0,2026186529,5,300,3000,5,0.5,0.1,0.05,ambiguous,0.8
ptcp,1.0,1.0,5.0,0.0,1.0,2026186529,5,300,3000,5,0.5,0.1,0.05,ambiguous,0.8
ptcp_randomized,1.0,1.0,5.0,0.0,1.0,2026186529,5,300,3000,5,0.5,0.1,0.05,ambiguous,0.8
majority_cp,0.9953333333333333,0.8455327639871291,3.4756666666666667,0.0026666666666666666,0.0,2026186530,5,300,3000,5,0.5,0.1,0.05,ambiguous,0.8
random_rater_cp,1.0,0.9147295997660713,3.9876666666666667,0.0,0.0,2026186530,5,300,3000,5,0.5,0.1,0.05,ambiguous,0.8
naive_panel_cp,0.984,0.7984566126107492,3.171666666666667,0.007,0.0,2026186530,5,300,3000,5,0.5,0.1,0.05,ambiguous,0.8
ptcp,1.0,0.9894556663121707,4.868666666666667,0.0,0.8686666666666667,2026186530,5,300,3000,5,0.5,0.1,0.05,ambiguous,0.8
ptcp_randomized,1.0,0.9894556663121707,4.868666666666667,0.0,0.8686666666666667,2026186530,5,300,3000,5,0.5,0.1,0.05,ambiguous,0.8
majority_cp,0.9953333333333333,0.8471015426211564,3.463,0.002,0.0,2026186531,5,300,3000,5,0.5,0.1,0.05,ambiguous,0.8
random_rater_cp,0.9976666666666667,0.8846147555527814,3.7383333333333333,0.0003333333333333333,0.0,2026186531,5,300,3000,5,0.5,0.1,0.05,ambiguous,0.8
naive_panel_cp,0.973,0.7893938192592869,3.1003333333333334,0.012333333333333333,0.0,2026186531,5,300,3000,5,0.5,0.1,0.05,ambiguous,0.8
ptcp,1.0,0.9893895166355123,4.866666666666666,0.0,0.8666666666666667,2026186531,5,300,3000,5,0.5,0.1,0.05,ambiguous,0.8
ptcp_randomized,1.0,0.9893895166355123,4.866666666666666,0.0,0.8666666666666667,2026186531,5,300,3000,5,0.5,0.1,0.05,ambiguous,0.8
majority_cp,0.9836666666666667,0.8106455852405455,3.2316666666666665,0.0036666666666666666,0.0,2026186532,5,300,3000,5,0.5,0.1,0.05,ambiguous,0.8
random_rater_cp,0.9993333333333333,0.8887956318388516,3.7796666666666665,0.0003333333333333333,0.0,2026186532,5,300,3000,5,0.5,0.1,0.05,ambiguous,0.8
naive_panel_cp,0.9776666666666667,0.7953158016048336,3.1363333333333334,0.009333333333333334,0.0,2026186532,5,300,3000,5,0.5,0.1,0.05,ambiguous,0.8
ptcp,1.0,0.9901553975044654,4.871666666666667,0.0,0.8716666666666667,2026186532,5,300,3000,5,0.5,0.1,0.05,ambiguous,0.8
ptcp_randomized,1.0,0.9901553975044654,4.871666666666667,0.0,0.8716666666666667,2026186532,5,300,3000,5,0.5,0.1,0.05,ambiguous,0.8
majority_cp,0.9853333333333333,0.8106232077049141,3.23,0.007666666666666666,0.0,2026186533,5,300,3000,5,0.5,0.1,0.05,ambiguous,0.8
random_rater_cp,1.0,0.8977059738471425,3.8346666666666667,0.0,0.0,2026186533,5,300,3000,5,0.5,0.1,0.05,ambiguous,0.8
naive_panel_cp,0.9816666666666667,0.7992461621507579,3.1656666666666666,0.009,0.0,2026186533,5,300,3000,5,0.5,0.1,0.05,ambiguous,0.8
ptcp,1.0,0.9893899735366143,4.8693333333333335,0.0,0.8693333333333333,2026186533,5,300,3000,5,0.5,0.1,0.05,ambiguous,0.8
ptcp_randomized,1.0,0.9893899735366143,4.8693333333333335,0.0,0.8693333333333333,2026186533,5,300,3000,5,0.5,0.1,0.05,ambiguous,0.8
majority_cp,0.9993333333333333,0.8913908489525472,3.8,0.0,0.0,2026186534,5,300,3000,5,0.5,0.1,0.05,ambiguous,0.8
random_rater_cp,0.9996666666666667,0.9037260652530937,3.907,0.0,0.0,2026186534,5,300,3000,5,0.5,0.1,0.05,ambiguous,0.8
naive_panel_cp,0.9836666666666667,0.8016958928560886,3.191333333333333,0.011,0.0,2026186534,5,300,3000,5,0.5,0.1,0.05,ambiguous,0.8
ptcp,1.0,0.9886425968530772,4.869,0.0,0.869,2026186534,5,300,3000,5,0.5,0.1,0.05,ambiguous,0.8
ptcp_randomized,1.0,0.9886425968530772,4.869,0.0,0.869,2026186534,5,300,3000,5,0.5,0.1,0.05,ambiguous,0.8
majority_cp,0.9986666666666667,0.8753494372577767,3.6773333333333333,0.0,0.0,2026186535,5,300,3000,5,0.5,0.1,0.05,ambiguous,0.8
random_rater_cp,1.0,0.9384708521390662,4.274,0.0,0.274,2026186535,5,300,3000,5,0.5,0.1,0.05,ambiguous,0.8
naive_panel_cp,0.976,0.7851861564148186,3.08,0.011666666666666667,0.0,2026186535,5,300,3000,5,0.5,0.1,0.05,ambiguous,0.8
ptcp,1.0,0.9879290903074291,4.86,0.0,0.86,2026186535,5,300,3000,5,0.5,0.1,0.05,ambiguous,0.8
ptcp_randomized,1.0,0.9879290903074291,4.86,0.0,0.86,2026186535,5,300,3000,5,0.5,0.1,0.05,ambiguous,0.8
majority_cp,0.9903333333333333,0.8271662189284265,3.3316666666666666,0.0036666666666666666,0.0,2026186536,5,300,3000,5,0.5,0.1,0.05,ambiguous,0.8
random_rater_cp,0.998,0.8680619597300171,3.621,0.0006666666666666666,0.0,2026186536,5,300,3000,5,0.5,0.1,0.05,ambiguous,0.8
naive_panel_cp,0.98,0.7987736546558496,3.1493333333333333,0.009333333333333334,0.0,2026186536,5,300,3000,5,0.5,0.1,0.05,ambiguous,0.8
ptcp,1.0,0.9894863563961277,4.8693333333333335,0.0,0.8693333333333333,2026186536,5,300,3000,5,0.5,0.1,0.05,ambiguous,0.8
ptcp_randomized,1.0,0.9894863563961277,4.8693333333333335,0.0,0.8693333333333333,2026186536,5,300,3000,5,0.5,0.1,0.05,ambiguous,0.8
majority_cp,0.9973333333333333,0.8650904446553815,3.5856666666666666,0.001,0.0,2026186537,5,300,3000,5,0.5,0.1,0.05,ambiguous,0.8
random_rater_cp,0.999,0.911477789673042,3.9553333333333334,0.0,0.0,2026186537,5,300,3000,5,0.5,0.1,0.05,ambiguous,0.8
naive_panel_cp,0.9796666666666667,0.7997444086299385,3.157,0.008666666666666666,0.0,2026186537,5,300,3000,5,0.5,0.1,0.05,ambiguous,0.8
ptcp,1.0,0.9900478643811372,4.868666666666667,0.0,0.8686666666666667,2026186537,5,300,3000,5,0.5,0.1,0.05,ambiguous,0.8
ptcp_randomized,1.0,0.9900478643811372,4.868666666666667,0.0,0.8686666666666667,2026186537,5,300,3000,5,0.5,0.1,0.05,ambiguous,0.8
majority_cp,0.9943333333333333,0.8350437920213272,3.404333333333333,0.0033333333333333335,0.0,2026186538,5,300,3000,5,0.5,0.1,0.05,ambiguous,0.8
random_rater_cp,0.9986666666666667,0.8953193571372461,3.8413333333333335,0.0003333333333333333,0.0,2026186538,5,300,3000,5,0.5,0.1,0.05,ambiguous,0.8
naive_panel_cp,0.9803333333333333,0.7927966852500618,3.138,0.012666666666666666,0.0,2026186538,5,300,3000,5,0.5,0.1,0.05,ambiguous,0.8
ptcp,1.0,0.9895437585599622,4.871666666666667,0.0,0.8716666666666667,2026186538,5,300,3000,5,0.5,0.1,0.05,ambiguous,0.8
ptcp_randomized,1.0,0.9895437585599622,4.871666666666667,0.0,0.8716666666666667,2026186538,5,300,3000,5,0.5,0.1,0.05,ambiguous,0.8
majority_cp,0.9993333333333333,0.8926197283606856,3.807,0.0003333333333333333,0.0,2026186539,5,300,3000,5,0.5,0.1,0.05,ambiguous,0.8
random_rater_cp,0.9993333333333333,0.8997775671635835,3.861,0.0003333333333333333,0.0,2026186539,5,300,3000,5,0.5,0.1,0.05,ambiguous,0.8
naive_panel_cp,0.971,0.7766076243933648,3.030666666666667,0.015,0.0,2026186539,5,300,3000,5,0.5,0.1,0.05,ambiguous,0.8
ptcp,1.0,1.0,5.0,0.0,1.0,2026186539,5,300,3000,5,0.5,0.1,0.05,ambiguous,0.8
ptcp_randomized,0.9996666666666667,0.9895607026776503,4.877,0.0,0.877,2026186539,5,300,3000,5,0.5,0.1,0.05,ambiguous,0.8
majority_cp,0.9973333333333333,0.8656272984429982,3.6056666666666666,0.0003333333333333333,0.0,2026186540,5,300,3000,5,0.5,0.1,0.05,ambiguous,0.8
random_rater_cp,1.0,0.9125284491421988,3.9633333333333334,0.0,0.0,2026186540,5,300,3000,5,0.5,0.1,0.05,ambiguous,0.8
naive_panel_cp,0.978,0.7851586177859339,3.073,0.012333333333333333,0.0,2026186540,5,300,3000,5,0.5,0.1,0.05,ambiguous,0.8
ptcp,1.0,1.0,5.0,0.0,1.0,2026186540,5,300,3000,5,0.5,0.1,0.05,ambiguous,0.8
ptcp_randomized,1.0,1.0,5.0,0.0,1.0,2026186540,5,300,3000,5,0.5,0.1,0.05,ambiguous,0.8
majority_cp,0.9933333333333333,0.8461875420220022,3.448,0.001,0.0,2026186541,5,300,3000,5,0.5,0.1,0.05,ambiguous,0.8
random_rater_cp,0.9973333333333333,0.8822479223818933,3.707333333333333,0.0003333333333333333,0.0,2026186541,5,300,3000,5,0.5,0.1,0.05,ambiguous,0.8
naive_panel_cp,0.9763333333333334,0.7883887036764209,3.082333333333333,0.010666666666666666,0.0,2026186541,5,300,3000,5,0.5,0.1,0.05,ambiguous,0.8
ptcp,1.0,0.9999860780340998,4.999333333333333,0.0,0.9993333333333333,2026186541,5,300,3000,5,0.5,0.1,0.05,ambiguous,0.8
ptcp_randomized,1.0,0.9999860780340998,4.999333333333333,0.0,0.9993333333333333,2026186541,5,300,3000,5,0.5,0.1,0.05,ambiguous,0.8
majority_cp,0.9946666666666667,0.8474094660605057,3.4776666666666665,0.001,0.0,2026186542,5,300,3000,5,0.5,0.1,0.05,ambiguous,0.8
random_rater_cp,0.999,0.8953938141829793,3.8313333333333333,0.0,0.0,2026186542,5,300,3000,5,0.5,0.1,0.05,ambiguous,0.8
naive_panel_cp,0.985,0.8085963158938281,3.224,0.006333333333333333,0.0,2026186542,5,300,3000,5,0.5,0.1,0.05,ambiguous,0.8
ptcp,1.0,0.9902478821140606,4.876333333333333,0.0,0.8763333333333333,2026186542,5,300,3000,5,0.5,0.1,0.05,ambiguous,0.8
ptcp_randomized,1.0,0.9902478821140606,4.876333333333333,0.0,0.8763333333333333,2026186542,5,300,3000,5,0.5,0.1,0.05,ambiguous,0.8
majority_cp,0.9966666666666667,0.870208202676347,3.6506666666666665,0.0,0.0,2026186543,5,300,3000,5,0.5,0.1,0.05,ambiguous,0.8
random_rater_cp,0.9983333333333333,0.8896479276904304,3.7943333333333333,0.0,0.0,2026186543,5,300,3000,5,0.5,0.1,0.05,ambiguous,0.8
naive_panel_cp,0.9813333333333333,0.793660171605542,3.1466666666666665,0.009333333333333334,0.0,2026186543,5,300,3000,5,0.5,0.1,0.05,ambiguous,0.8
ptcp,1.0,0.9901824357254221,4.876666666666667,0.0,0.8766666666666667,2026186543,5,300,3000,5,0.5,0.1,0.05,ambiguous,0.8
ptcp_randomized,1.0,0.9901824357254221,4.876666666666667,0.0,0.8766666666666667,2026186543,5,300,3000,5,0.5,0.1,0.05,ambiguous,0.8
majority_cp,0.994,0.8550157385172246,3.5193333333333334,0.0023333333333333335,0.0,2026186544,5,300,3000,5,0.5,0.1,0.05,ambiguous,0.8
random_rater_cp,0.999,0.8919172712490543,3.7956666666666665,0.0006666666666666666,0.0,2026186544,5,300,3000,5,0.5,0.1,0.05,ambiguous,0.8
naive_panel_cp,0.981,0.8080772978171199,3.2096666666666667,0.008666666666666666,0.0,2026186544,5,300,3000,5,0.5,0.1,0.05,ambiguous,0.8
ptcp,1.0,0.9890637766455467,4.866666666666666,0.0,0.8666666666666667,2026186544,5,300,3000,5,0.5,0.1,0.05,ambiguous,0.8
ptcp_randomized,1.0,0.9890637766455467,4.866666666666666,0.0,0.8666666666666667,2026186544,5,300,3000,5,0.5,0.1,0.05,ambiguous,0.8
majority_cp,0.9963333333333333,0.8617840827220538,3.5573333333333332,0.0013333333333333333,0.0,2026186545,5,300,3000,5,0.5,0.1,0.05,ambiguous,0.8
random_rater_cp,0.9993333333333333,0.9123863889361127,3.957,0.0,0.0,2026186545,5,300,3000,5,0.5,0.1,0.05,ambiguous,0.8
naive_panel_cp,0.974,0.7891361506813996,3.0893333333333333,0.015,0.0,2026186545,5,300,3000,5,0.5,0.1,0.05,ambiguous,0.8
ptcp,1.0,0.9999790905482195,4.999333333333333,0.0,0.9993333333333333,2026186545,5,300,3000,5,0.5,0.1,0.05,ambiguous,0.8
ptcp_randomized,1.0,0.9999790905482195,4.999333333333333,0.0,0.9993333333333333,2026186545,5,300,3000,5,0.5,0.1,0.05,ambiguous,0.8
majority_cp,0.9986666666666667,0.8713660608792451,3.645,0.0006666666666666666,0.0,2026186546,5,300,3000,5,0.5,0.1,0.05,ambiguous,0.8
random_rater_cp,0.9993333333333333,0.9034055037260885,3.906,0.0,0.0,2026186546,5,300,3000,5,0.5,0.1,0.05,ambiguous,0.8
naive_panel_cp,0.9723333333333334,0.7839820351058298,3.0813333333333333,0.012,0.0,2026186546,5,300,3000,5,0.5,0.1,0.05,ambiguous,0.8
ptcp,1.0,0.9884918320163818,4.862666666666667,0.0,0.8626666666666667,2026186546,5,300,3000,5,0.5,0.1,0.05,ambiguous,0.8
ptcp_randomized,1.0,0.9884918320163818,4.862666666666667,0.0,0.8626666666666667,2026186546,5,300,3000,5,0.5,0.1,0.05,ambiguous,0.8
majority_cp,0.9976666666666667,0.8737173001693255,3.6633333333333336,0.0,0.0,2026186547,5,300,3000,5,0.5,0.1,0.05,ambiguous,0.8
random_rater_cp,0.9993333333333333,0.9100684991021741,3.9543333333333335,0.0,0.0,2026186547,5,300,3000,5,0.5,0.1,0.05,ambiguous,0.8
naive_panel_cp,0.9803333333333333,0.8032954503447445,3.192,0.007333333333333333,0.0,2026186547,5,300,3000,5,0.5,0.1,0.05,ambiguous,0.8
ptcp,1.0,0.9890780896219564,4.868,0.0,0.868,2026186547,5,300,3000,5,0.5,0.1,0.05,ambiguous,0.8
ptcp_randomized,1.0,0.9890780896219564,4.868,0.0,0.868,2026186547,5,300,3000,5,0.5,0.1,0.05,ambiguous,0.8
majority_cp,1.0,0.8883651058400731,3.755,0.0,0.0,2026186548,5,300,3000,5,0.5,0.1,0.05,ambiguous,0.8
random_rater_cp,1.0,0.9116649682994493,3.9446666666666665,0.0,0.0,2026186548,5,300,3000,5,0.5,0.1,0.05,ambiguous,0.8
naive_panel_cp,0.9866666666666667,0.8056018626616943,3.183333333333333,0.007333333333333333,0.0,2026186548,5,300,3000,5,0.5,0.1,0.05,ambiguous,0.8
ptcp,1.0,0.9908721523868222,4.877666666666666,0.0,0.8776666666666667,2026186548,5,300,3000,5,0.5,0.1,0.05,ambiguous,0.8
ptcp_randomized,1.0,0.9908721523868222,4.877666666666666,0.0,0.8776666666666667,2026186548,5,300,3000,5,0.5,0.1,0.05,ambiguous,0.8
majority_cp,0.998,0.8678475274744334,3.602333333333333,0.001,0.0,2026186549,5,300,3000,5,0.5,0.1,0.05,ambiguous,0.8
random_rater_cp,0.9996666666666667,0.9030491287098948,3.86,0.0,0.0,2026186549,5,300,3000,5,0.5,0.1,0.05,ambiguous,0.8
naive_panel_cp,0.9753333333333334,0.7838791803026275,3.0613333333333332,0.014333333333333333,0.0,2026186549,5,300,3000,5,0.5,0.1,0.05,ambiguous,0.8
ptcp,1.0,0.9908945826905634,4.878333333333333,0.0,0.8783333333333333,2026186549,5,300,3000,5,0.5,0.1,0.05,ambiguous,0.8
ptcp_randomized,1.0,0.9908945826905634,4.878333333333333,0.0,0.8783333333333333,2026186549,5,300,3000,5,0.5,0.1,0.05,ambiguous,0.8
majority_cp,0.9893333333333333,0.8211642438261606,3.3093333333333335,0.005,0.0,2026186550,5,300,3000,5,0.5,0.1,0.05,ambiguous,0.8
random_rater_cp,0.9986666666666667,0.8869815114411873,3.7643333333333335,0.0006666666666666666,0.0,2026186550,5,300,3000,5,0.5,0.1,0.05,ambiguous,0.8
naive_panel_cp,0.9776666666666667,0.7871610433782207,3.1066666666666665,0.009333333333333334,0.0,2026186550,5,300,3000,5,0.5,0.1,0.05,ambiguous,0.8
ptcp,1.0,0.9894473734609643,4.867666666666667,0.0,0.8676666666666667,2026186550,5,300,3000,5,0.5,0.1,0.05,ambiguous,0.8
ptcp_randomized,1.0,0.9894473734609643,4.867666666666667,0.0,0.8676666666666667,2026186550,5,300,3000,5,0.5,0.1,0.05,ambiguous,0.8
majority_cp,0.9963333333333333,0.8611886567954958,3.5673333333333335,0.0006666666666666666,0.0,2026186551,5,300,3000,5,0.5,0.1,0.05,ambiguous,0.8
random_rater_cp,0.9986666666666667,0.8917980557922262,3.797,0.0003333333333333333,0.0,2026186551,5,300,3000,5,0.5,0.1,0.05,ambiguous,0.8
naive_panel_cp,0.9836666666666667,0.8044863767616184,3.181,0.009,0.0,2026186551,5,300,3000,5,0.5,0.1,0.05,ambiguous,0.8
ptcp,1.0,0.9900777523604368,4.870666666666667,0.0,0.8706666666666667,2026186551,5,300,3000,5,0.5,0.1,0.05,ambiguous,0.8
ptcp_randomized,1.0,0.9900777523604368,4.870666666666667,0.0,0.8706666666666667,2026186551,5,300,3000,5,0.5,0.1,0.05,ambiguous,0.8
majority_cp,0.993,0.841430801666101,3.4243333333333332,0.0023333333333333335,0.0,2026186552,5,300,3000,5,0.5,0.1,0.05,ambiguous,0.8
random_rater_cp,0.9996666666666667,0.9100270533187022,3.9423333333333335,0.0,0.0,2026186552,5,300,3000,5,0.5,0.1,0.05,ambiguous,0.8
naive_panel_cp,0.98,0.7978426874421689,3.1483333333333334,0.011,0.0,2026186552,5,300,3000,5,0.5,0.1,0.05,ambiguous,0.8
ptcp,1.0,0.9899055404788011,4.874,0.0,0.874,2026186552,5,300,3000,5,0.5,0.1,0.05,ambiguous,0.8
ptcp_randomized,1.0,0.9899055404788011,4.874,0.0,0.874,2026186552,5,300,3000,5,0.5,0.1,0.05,ambiguous,0.8
majority_cp,0.9823333333333333,0.8042700174358604,3.1966666666666668,0.01,0.0,2026186553,5,300,3000,5,0.5,0.1,0.05,ambiguous,0.8
random_rater_cp,0.9996666666666667,0.8972299426782759,3.856,0.0,0.0,2026186553,5,300,3000,5,0.5,0.1,0.05,ambiguous,0.8
naive_panel_cp,0.9603333333333334,0.7625199946948399,2.9443333333333332,0.018333333333333333,0.0,2026186553,5,300,3000,5,0.5,0.1,0.05,ambiguous,0.8
ptcp,1.0,0.9900670459087724,4.873333333333333,0.0,0.8733333333333333,2026186553,5,300,3000,5,0.5,0.1,0.05,ambiguous,0.8
ptcp_randomized,1.0,0.9900670459087724,4.873333333333333,0.0,0.8733333333333333,2026186553,5,300,3000,5,0.5,0.1,0.05,ambiguous,0.8
majority_cp,0.9943333333333333,0.8436094834508796,3.439,0.0033333333333333335,0.0,2026186554,5,300,3000,5,0.5,0.1,0.05,ambiguous,0.8
random_rater_cp,0.9996666666666667,0.896802743290829,3.8303333333333334,0.0003333333333333333,0.0,2026186554,5,300,3000,5,0.5,0.1,0.05,ambiguous,0.8
naive_panel_cp,0.9816666666666667,0.8008685635529091,3.1656666666666666,0.01,0.0,2026186554,5,300,3000,5,0.5,0.1,0.05,ambiguous,0.8
ptcp,1.0,0.9999392277479522,4.999,0.0,0.999,2026186554,5,300,3000,5,0.5,0.1,0.05,ambiguous,0.8
ptcp_randomized,1.0,0.9895811880766365,4.868333333333333,0.0,0.8683333333333333,2026186554,5,300,3000,5,0.5,0.1,0.05,ambiguous,0.8
majority_cp,0.9963333333333333,0.8568404449862319,3.5243333333333333,0.0016666666666666668,0.0,2026186555,5,300,3000,5,0.5,0.1,0.05,ambiguous,0.8
random_rater_cp,0.999,0.8830290982363134,3.728,0.0003333333333333333,0.0,2026186555,5,300,3000,5,0.5,0.1,0.05,ambiguous,0.8
naive_panel_cp,0.982,0.8021079245102453,3.1653333333333333,0.007,0.0,2026186555,5,300,3000,5,0.5,0.1,0.05,ambiguous,0.8
ptcp,1.0,0.9893614317141131,4.866333333333333,0.0,0.8663333333333333,2026186555,5,300,3000,5,0.5,0.1,0.05,ambiguous,0.8
ptcp_randomized,1.0,0.9893614317141131,4.866333333333333,0.0,0.8663333333333333,2026186555,5,300,3000,5,0.5,0.1,0.05,ambiguous,0.8
majority_cp,0.994,0.8376217991662626,3.41,0.004,0.0,2026186556,5,300,3000,5,0.5,0.1,0.05,ambiguous,0.8
random_rater_cp,0.999,0.890680545463197,3.793,0.0,0.0,2026186556,5,300,3000,5,0.5,0.1,0.05,ambiguous,0.8
naive_panel_cp,0.985,0.8036257176113429,3.1936666666666667,0.009666666666666667,0.0,2026186556,5,300,3000,5,0.5,0.1,0.05,ambiguous,0.8
ptcp,1.0,0.9894921257837841,4.866666666666666,0.0,0.8666666666666667,2026186556,5,300,3000,5,0.5,0.1,0.05,ambiguous,0.8
ptcp_randomized,1.0,0.9894921257837841,4.866666666666666,0.0,0.8666666666666667,2026186556,5,300,3000,5,0.5,0.1,0.05,ambiguous,0.8
majority_cp,0.9963333333333333,0.8547842320994308,3.5056666666666665,0.001,0.0,2026186557,5,300,3000,5,0.5,0.1,0.05,ambiguous,0.8
random_rater_cp,0.9996666666666667,0.9120667120692139,3.9546666666666668,0.0,0.0,2026186557,5,300,3000,5,0.5,0.1,0.05,ambiguous,0.8
naive_panel_cp,0.9743333333333334,0.7896806579648515,3.0966666666666667,0.012333333333333333,0.0,2026186557,5,300,3000,5,0.5,0.1,0.05,ambiguous,0.8
ptcp,1.0,0.9895888993643569,4.862333333333333,0.0,0.8623333333333333,2026186557,5,300,3000,5,0.5,0.1,0.05,ambiguous,0.8
ptcp_randomized,1.0,0.9895888993643569,4.862333333333333,0.0,0.8623333333333333,2026186557,5,300,3000,5,0.5,0.1,0.05,ambiguous,0.8
majority_cp,0.9886666666666667,0.8280523669592385,3.3316666666666666,0.004333333333333333,0.0,2026186558,5,300,3000,5,0.5,0.1,0.05,ambiguous,0.8
random_rater_cp,1.0,0.9033950387801039,3.8753333333333333,0.0,0.0,2026186558,5,300,3000,5,0.5,0.1,0.05,ambiguous,0.8
naive_panel_cp,0.9776666666666667,0.7880829789554943,3.082333333333333,0.011666666666666667,0.0,2026186558,5,300,3000,5,0.5,0.1,0.05,ambiguous,0.8
ptcp,1.0,0.9900370278707975,4.872333333333334,0.0,0.8723333333333333,2026186558,5,300,3000,5,0.5,0.1,0.05,ambiguous,0.8
ptcp_randomized,1.0,0.9900370278707975,4.872333333333334,0.0,0.8723333333333333,2026186558,5,300,3000,5,0.5,0.1,0.05,ambiguous,0.8
majority_cp,0.9903333333333333,0.8399809841922843,3.4086666666666665,0.0026666666666666666,0.0,2026186559,5,300,3000,5,0.5,0.1,0.05,ambiguous,0.8
random_rater_cp,0.9993333333333333,0.8976555487614736,3.828333333333333,0.0,0.0,2026186559,5,300,3000,5,0.5,0.1,0.05,ambiguous,0.8
naive_panel_cp,0.9686666666666667,0.7743129960180886,3.0,0.013666666666666667,0.0,2026186559,5,300,3000,5,0.5,0.1,0.05,ambiguous,0.8
ptcp,1.0,0.9899589079474821,4.871666666666667,0.0,0.8716666666666667,2026186559,5,300,3000,5,0.5,0.1,0.05,ambiguous,0.8
ptcp_randomized,1.0,0.9899589079474821,4.871666666666667,0.0,0.8716666666666667,2026186559,5,300,3000,5,0.5,0.1,0.05,ambiguous,0.8
majority_cp,0.9903333333333333,0.8371403784371614,3.407,0.004333333333333333,0.0,2026186560,5,300,3000,5,0.5,0.1,0.05,ambiguous,0.8
random_rater_cp,0.998,0.889108051905179,3.7693333333333334,0.0003333333333333333,0.0,2026186560,5,300,3000,5,0.5,0.1,0.05,ambiguous,0.8
naive_panel_cp,0.9543333333333334,0.7594538514349481,2.9283333333333332,0.019,0.0,2026186560,5,300,3000,5,0.5,0.1,0.05,ambiguous,0.8
ptcp,1.0,0.9900349624460999,4.871,0.0,0.871,2026186560,5,300,3000,5,0.5,0.1,0.05,ambiguous,0.8
ptcp_randomized,1.0,0.9900349624460999,4.871,0.0,0.871,2026186560,5,300,3000,5,0.5,0.1,0.05,ambiguous,0.8
majority_cp,0.9973333333333333,0.8616894654579705,3.5763333333333334,0.0016666666666666668,0.0,2026186561,5,300,3000,5,0.5,0.1,0.05,ambiguous,0.8
random_rater_cp,0.9993333333333333,0.9012907782406151,3.8753333333333333,0.0,0.0,2026186561,5,300,3000,5,0.5,0.1,0.05,ambiguous,0.8
naive_panel_cp,0.967,0.7665044909894244,2.9673333333333334,0.018333333333333333,0.0,2026186561,5,300,3000,5,0.5,0.1,0.05,ambiguous,0.8
ptcp,1.0,0.9893851376995112,4.866333333333333,0.0,0.8663333333333333,2026186561,5,300,3000,5,0.5,0.1,0.05,ambiguous,0.8
ptcp_randomized,1.0,0.9893851376995112,4.866333333333333,0.0,0.8663333333333333,2026186561,5,300,3000,5,0.5,0.1,0.05,ambiguous,0.8
majority_cp,0.9946666666666667,0.8530816505886359,3.5123333333333333,0.0013333333333333333,0.0,2026186562,5,300,3000,5,0.5,0.1,0.05,ambiguous,0.8
random_rater_cp,0.9996666666666667,0.9122928132816145,3.9546666666666668,0.0,0.0,2026186562,5,300,3000,5,0.5,0.1,0.05,ambiguous,0.8
naive_panel_cp,0.9863333333333333,0.8163260054425533,3.267,0.006,0.0,2026186562,5,300,3000,5,0.5,0.1,0.05,ambiguous,0.8
ptcp,1.0,0.9900840066318942,4.875,0.0,0.875,2026186562,5,300,3000,5,0.5,0.1,0.05,ambiguous,0.8
ptcp_randomized,1.0,0.9900840066318942,4.875,0.0,0.875,2026186562,5,300,3000,5,0.5,0.1,0.05,ambiguous,0.8
majority_cp,0.9963333333333333,0.8655881014304386,3.596,0.0016666666666666668,0.0,2026186563,5,300,3000,5,0.5,0.1,0.05,ambiguous,0.8
random_rater_cp,0.999,0.8987830073019416,3.849666666666667,0.0,0.0,2026186563,5,300,3000,5,0.5,0.1,0.05,ambiguous,0.8
naive_panel_cp,0.9566666666666667,0.7631003182042377,2.941666666666667,0.025333333333333333,0.0,2026186563,5,300,3000,5,0.5,0.1,0.05,ambiguous,0.8
ptcp,1.0,0.9884830507654353,4.86,0.0,0.86,2026186563,5,300,3000,5,0.5,0.1,0.05,ambiguous,0.8
ptcp_randomized,1.0,0.9884830507654353,4.86,0.0,0.86,2026186563,5,300,3000,5,0.5,0.1,0.05,ambiguous,0.8
majority_cp,0.9913333333333333,0.8469917170732958,3.4633333333333334,0.0036666666666666666,0.0,2026186564,5,300,3000,5,0.5,0.1,0.05,ambiguous,0.8
random_rater_cp,1.0,0.9396114629003657,4.277666666666667,0.0,0.2776666666666667,2026186564,5,300,3000,5,0.5,0.1,0.05,ambiguous,0.8
naive_panel_cp,0.9736666666666667,0.7846558619551568,3.074,0.015333333333333332,0.0,2026186564,5,300,3000,5,0.5,0.1,0.05,ambiguous,0.8
ptcp,1.0,0.989531651830635,4.87,0.0,0.87,2026186564,5,300,3000,5,0.5,0.1,0.05,ambiguous,0.8
ptcp_randomized,1.0,0.989531651830635,4.87,0.0,0.87,2026186564,5,300,3000,5,0.5,0.1,0.05,ambiguous,0.8
majority_cp,0.992,0.8323652008004707,3.365,0.0026666666666666666,0.0,2026186565,5,300,3000,5,0.5,0.1,0.05,ambiguous,0.8
random_rater_cp,0.9993333333333333,0.8938284859300941,3.816666666666667,0.0,0.0,2026186565,5,300,3000,5,0.5,0.1,0.05,ambiguous,0.8
naive_panel_cp,0.9766666666666667,0.7823502144445844,3.0536666666666665,0.011666666666666667,0.0,2026186565,5,300,3000,5,0.5,0.1,0.05,ambiguous,0.8
ptcp,1.0,0.9890630511601648,4.866666666666666,0.0,0.8666666666666667,2026186565,5,300,3000,5,0.5,0.1,0.05,ambiguous,0.8
ptcp_randomized,1.0,0.9890630511601648,4.866666666666666,0.0,0.8666666666666667,2026186565,5,300,3000,5,0.5,0.1,0.05,ambiguous,0.8
majority_cp,0.9983333333333333,0.8761375847097509,3.6896666666666667,0.0013333333333333333,0.0,2026186566,5,300,3000,5,0.5,0.1,0.05,ambiguous,0.8
random_rater_cp,1.0,0.9372411832052251,4.270666666666667,0.0,0.27066666666666667,2026186566,5,300,3000,5,0.5,0.1,0.05,ambiguous,0.8
naive_panel_cp,0.9733333333333334,0.7807513681608022,3.0676666666666668,0.009666666666666667,0.0,2026186566,5,300,3000,5,0.5,0.1,0.05,ambiguous,0.8
ptcp,1.0,0.9889994957907395,4.863666666666667,0.0,0.8636666666666667,2026186566,5,300,3000,5,0.5,0.1,0.05,ambiguous,0.8
ptcp_randomized,1.0,0.9889994957907395,4.863666666666667,0.0,0.8636666666666667,2026186566,5,300,3000,5,0.5,0.1,0.05,ambiguous,0.8
majority_cp,0.9923333333333333,0.8391779231243227,3.4223333333333334,0.005,0.0,2026186567,5,300,3000,5,0.5,0.1,0.05,ambiguous,0.8
random_rater_cp,0.9993333333333333,0.8995554882581055,3.856,0.0003333333333333333,0.0,2026186567,5,300,3000,5,0.5,0.1,0.05,ambiguous,0.8
naive_panel_cp,0.9643333333333334,0.7647258080746675,2.965,0.020666666666666667,0.0,2026186567,5,300,3000,5,0.5,0.1,0.05,ambiguous,0.8
ptcp,1.0,0.989695876654772,4.871666666666667,0.0,0.8716666666666667,2026186567,5,300,3000,5,0.5,0.1,0.05,ambiguous,0.8
ptcp_randomized,1.0,0.989695876654772,4.871666666666667,0.0,0.8716666666666667,2026186567,5,300,3000,5,0.5,0.1,0.05,ambiguous,0.8
majority_cp,0.9813333333333333,0.8014364138425838,3.192,0.008666666666666666,0.0,2026186568,5,300,3000,5,0.5,0.1,0.05,ambiguous,0.8
random_rater_cp,0.9983333333333333,0.8922030316243621,3.8213333333333335,0.0003333333333333333,0.0,2026186568,5,300,3000,5,0.5,0.1,0.05,ambiguous,0.8
naive_panel_cp,0.9676666666666667,0.7731357207985959,3.012,0.018,0.0,2026186568,5,300,3000,5,0.5,0.1,0.05,ambiguous,0.8
ptcp,1.0,0.9886136768025402,4.860666666666667,0.0,0.8606666666666667,2026186568,5,300,3000,5,0.5,0.1,0.05,ambiguous,0.8
ptcp_randomized,1.0,0.9886136768025402,4.860666666666667,0.0,0.8606666666666667,2026186568,5,300,3000,5,0.5,0.1,0.05,ambiguous,0.8
majority_cp,0.9936666666666667,0.8452403588834092,3.4616666666666664,0.0016666666666666668,0.0,2026186569,5,300,3000,5,0.5,0.1,0.05,ambiguous,0.8
random_rater_cp,0.9986666666666667,0.8945231239886052,3.817,0.0,0.0,2026186569,5,300,3000,5,0.5,0.1,0.05,ambiguous,0.8
naive_panel_cp,0.9653333333333334,0.7724963553611057,3.0086666666666666,0.014,0.0,2026186569,5,300,3000,5,0.5,0.1,0.05,ambiguous,0.8
ptcp,1.0,0.9895735023079931,4.869666666666666,0.0,0.8696666666666667,2026186569,5,300,3000,5,0.5,0.1,0.05,ambiguous,0.8
ptcp_randomized,1.0,0.9895735023079931,4.869666666666666,0.0,0.8696666666666667,2026186569,5,300,3000,5,0.5,0.1,0.05,ambiguous,0.8
majority_cp,0.9966666666666667,0.8563598126393026,3.546,0.0016666666666666668,0.0,2026186570,5,300,3000,5,0.5,0.1,0.05,ambiguous,0.8
random_rater_cp,1.0,0.9190652637503907,4.047666666666666,0.0,0.04766666666666667,2026186570,5,300,3000,5,0.5,0.1,0.05,ambiguous,0.8
naive_panel_cp,0.9856666666666667,0.815727250631787,3.280666666666667,0.007,0.0,2026186570,5,300,3000,5,0.5,0.1,0.05,ambiguous,0.8
ptcp,1.0,0.9999523009670799,4.999333333333333,0.0,0.9993333333333333,2026186570,5,300,3000,5,0.5,0.1,0.05,ambiguous,0.8
ptcp_randomized,1.0,0.9999523009670799,4.999333333333333,0.0,0.9993333333333333,2026186570,5,300,3000,5,0.5,0.1,0.05,ambiguous,0.8
majority_cp,0.9953333333333333,0.8541654467491313,3.5116666666666667,0.0013333333333333333,0.0,2026186571,5,300,3000,5,0.5,0.1,0.05,ambiguous,0.8
random_rater_cp,0.9993333333333333,0.9059130134051974,3.893,0.0,0.0,2026186571,5,300,3000,5,0.5,0.1,0.05,ambiguous,0.8
naive_panel_cp,0.9736666666666667,0.7875621499810201,3.09,0.013,0.0,2026186571,5,300,3000,5,0.5,0.1,0.05,ambiguous,0.8
ptcp,0.9996666666666667,0.9904136581903387,4.876333333333333,0.0,0.8763333333333333,2026186571,5,300,3000,5,0.5,0.1,0.05,ambiguous,0.8
ptcp_randomized,0.9996666666666667,0.9904136581903387,4.876333333333333,0.0,0.8763333333333333,2026186571,5,300,3000,5,0.5,0.1,0.05,ambiguous,0.8
majority_cp,0.9986666666666667,0.8640598742860699,3.574666666666667,0.0016666666666666668,0.0,2026186572,5,300,3000,5,0.5,0.1,0.05,ambiguous,0.8
random_rater_cp,0.999,0.8693523709205034,3.6153333333333335,0.0016666666666666668,0.0,2026186572,5,300,3000,5,0.5,0.1,0.05,ambiguous,0.8
naive_panel_cp,0.9563333333333334,0.7641017839712306,2.9606666666666666,0.023333333333333334,0.0,2026186572,5,300,3000,5,0.5,0.1,0.05,ambiguous,0.8
ptcp,1.0,0.9892235148150741,4.865666666666667,0.0,0.8656666666666667,2026186572,5,300,3000,5,0.5,0.1,0.05,ambiguous,0.8
ptcp_randomized,1.0,0.9892235148150741,4.865666666666667,0.0,0.8656666666666667,2026186572,5,300,3000,5,0.5,0.1,0.05,ambiguous,0.8
majority_cp,0.9993333333333333,0.8838280731733605,3.739,0.0003333333333333333,0.0,2026186573,5,300,3000,5,0.5,0.1,0.05,ambiguous,0.8
random_rater_cp,0.9983333333333333,0.8722968953842792,3.655,0.0003333333333333333,0.0,2026186573,5,300,3000,5,0.5,0.1,0.05,ambiguous,0.8
naive_panel_cp,0.9796666666666667,0.7947737553952011,3.1313333333333335,0.011,0.0,2026186573,5,300,3000,5,0.5,0.1,0.05,ambiguous,0.8
ptcp,1.0,0.9901740687274796,4.873,0.0,0.873,2026186573,5,300,3000,5,0.5,0.1,0.05,ambiguous,0.8
ptcp_randomized,1.0,0.9901740687274796,4.873,0.0,0.873,2026186573,5,300,3000,5,0.5,0.1,0.05,ambiguous,0.8
majority_cp,0.997,0.8708601384439502,3.643,0.0013333333333333333,0.0,2026186574,5,300,3000,5,0.5,0.1,0.05,ambiguous,0.8
random_rater_cp,0.998,0.8866004724834332,3.76,0.0006666666666666666,0.0,2026186574,5,300,3000,5,0.5,0.1,0.05,ambiguous,0.8
naive_panel_cp,0.9846666666666667,0.8079144218694866,3.2243333333333335,0.010333333333333333,0.0,2026186574,5,300,3000,5,0.5,0.1,0.05,ambiguous,0.8
ptcp,1.0,0.9896976533731234,4.862666666666667,0.0,0.8626666666666667,2026186574,5,300,3000,5,0.5,0.1,0.05,ambiguous,0.8
ptcp_randomized,1.0,0.9896976533731234,4.862666666666667,0.0,0.8626666666666667,2026186574,5,300,3000,5,0.5,0.1,0.05,ambiguous,0.8
majority_cp,0.9993333333333333,0.8862251686998179,3.7443333333333335,0.0,0.0,2026186575,5,300,3000,5,0.5,0.1,0.05,ambiguous,0.8
random_rater_cp,1.0,0.9213765828907539,4.046666666666667,0.0,0.04666666666666667,2026186575,5,300,3000,5,0.5,0.1,0.05,ambiguous,0.8
naive_panel_cp,0.9733333333333334,0.7869847854992134,3.0886666666666667,0.012666666666666666,0.0,2026186575,5,300,3000,5,0.5,0.1,0.05,ambiguous,0.8
ptcp,1.0,0.9895553053608649,4.879,0.0,0.879,2026186575,5,300,3000,5,0.5,0.1,0.05,ambiguous,0.8
ptcp_randomized,1.0,0.9895553053608649,4.879,0.0,0.879,2026186575,5,300,3000,5,0.5,0.1,0.05,ambiguous,0.8
majority_cp,0.992,0.8285854650381566,3.3423333333333334,0.005,0.0,2026186576,5,300,3000,5,0.5,0.1,0.05,ambiguous,0.8
random_rater_cp,0.9993333333333333,0.8919772809009194,3.792,0.0003333333333333333,0.0,2026186576,5,300,3000,5,0.5,0.1,0.05,ambiguous,0.8
naive_panel_cp,0.9686666666666667,0.7661760835609971,2.969,0.016666666666666666,0.0,2026186576,5,300,3000,5,0.5,0.1,0.05,ambiguous,0.8
ptcp,1.0,0.9907550938643727,4.876333333333333,0.0,0.8763333333333333,2026186576,5,300,3000,5,0.5,0.1,0.05,ambiguous,0.8
ptcp_randomized,1.0,0.9907550938643727,4.876333333333333,0.0,0.8763333333333333,2026186576,5,300,3000,5,0.5,0.1,0.05,ambiguous,0.8
majority_cp,0.9936666666666667,0.8493545537101185,3.4663333333333335,0.0026666666666666666,0.0,2026186577,5,300,3000,5,0.5,0.1,0.05,ambiguous,0.8
random_rater_cp,1.0,0.9412424121189525,4.284,0.0,0.284,2026186577,5,300,3000,5,0.5,0.1,0.05,ambiguous,0.8
naive_panel_cp,0.98,0.7993188128338711,3.133,0.008,0.0,2026186577,5,300,3000,5,0.5,0.1,0.05,ambiguous,0.8
ptcp,1.0,0.989277765328092,4.872333333333334,0.0,0.8723333333333333,2026186577,5,300,3000,5,0.5,0.1,0.05,ambiguous,0.8
ptcp_randomized,1.0,0.989277765328092,4.872333333333334,0.0,0.8723333333333333,2026186577,5,300,3000,5,0.5,0.1,0.05,ambiguous,0.8
majority_cp,0.9983333333333333,0.8690314522932392,3.6293333333333333,0.001,0.0,2026186578,5,300,3000,5,0.5,0.1,0.05,ambiguous,0.8
random_rater_cp,1.0,0.92002894289496,4.049666666666667,0.0,0.049666666666666665,2026186578,5,300,3000,5,0.5,0.1,0.05,ambiguous,0.8
naive_panel_cp,0.9866666666666667,0.8123123074855821,3.2476666666666665,0.008,0.0,2026186578,5,300,3000,5,0.5,0.1,0.05,ambiguous,0.8
ptcp,1.0,0.9903363735168602,4.872333333333334,0.0,0.8723333333333333,2026186578,5,300,3000,5,0.5,0.1,0.05,ambiguous,0.8
ptcp_randomized,1.0,0.9903363735168602,4.872333333333334,0.0,0.8723333333333333,2026186578,5,300,3000,5,0.5,0.1,0.05,ambiguous,0.8
majority_cp,0.9946666666666667,0.8437010061029085,3.4443333333333332,0.002,0.0,2026186579,5,300,3000,5,0.5,0.1,0.05,ambiguous,0.8
random_rater_cp,1.0,0.9200163707498201,4.050333333333334,0.0,0.050333333333333334,2026186579,5,300,3000,5,0.5,0.1,0.05,ambiguous,0.8
naive_panel_cp,0.979,0.791959745829975,3.1193333333333335,0.011666666666666667,0.0,2026186579,5,300,3000,5,0.5,0.1,0.05,ambiguous,0.8
ptcp,1.0,0.9999293928749582,4.999,0.0,0.999,2026186579,5,300,3000,5,0.5,0.1,0.05,ambiguous,0.8
ptcp_randomized,1.0,0.9999293928749582,4.999,0.0,0.999,2026186579,5,300,3000,5,0.5,0.1,0.05,ambiguous,0.8
majority_cp,0.995,0.8473458503367883,3.464,0.0006666666666666666,0.0,2026186580,5,300,3000,5,0.5,0.1,0.05,ambiguous,0.8
random_rater_cp,0.9996666666666667,0.9095201319399454,3.925333333333333,0.0,0.0,2026186580,5,300,3000,5,0.5,0.1,0.05,ambiguous,0.8
naive_panel_cp,0.9833333333333333,0.797929400804447,3.143,0.008,0.0,2026186580,5,300,3000,5,0.5,0.1,0.05,ambiguous,0.8
ptcp,1.0,0.9903444010114633,4.875,0.0,0.875,2026186580,5,300,3000,5,0.5,0.1,0.05,ambiguous,0.8
ptcp_randomized,1.0,0.9903444010114633,4.875,0.0,0.875,2026186580,5,300,3000,5,0.5,0.1,0.05,ambiguous,0.8
majority_cp,0.9913333333333333,0.8403566645210809,3.4196666666666666,0.005333333333333333,0.0,2026186581,5,300,3000,5,0.5,0.1,0.05,ambiguous,0.8
random_rater_cp,1.0,0.9398730544829172,4.289333333333333,0.0,0.28933333333333333,2026186581,5,300,3000,5,0.5,0.1,0.05,ambiguous,0.8
naive_panel_cp,0.9673333333333334,0.7813041306102271,3.0556666666666668,0.015,0.0,2026186581,5,300,3000,5,0.5,0.1,0.05,ambiguous,0.8
ptcp,1.0,0.989743829117671,4.876,0.0,0.876,2026186581,5,300,3000,5,0.5,0.1,0.05,ambiguous,0.8
ptcp_randomized,1.0,0.989743829117671,4.876,0.0,0.876,2026186581,5,300,3000,5,0.5,0.1,0.05,ambiguous,0.8
majority_cp,0.993,0.8515324105311928,3.4976666666666665,0.0026666666666666666,0.0,2026186582,5,300,3000,5,0.5,0.1,0.05,ambiguous,0.8
random_rater_cp,0.9993333333333333,0.9033317507022778,3.876333333333333,0.0,0.0,2026186582,5,300,3000,5,0.5,0.1,0.05,ambiguous,0.8
naive_panel_cp,0.979,0.7935465030731272,3.1193333333333335,0.011,0.0,2026186582,5,300,3000,5,0.5,0.1,0.05,ambiguous,0.8
ptcp,1.0,0.9895283981802234,4.872333333333334,0.0,0.8723333333333333,2026186582,5,300,3000,5,0.5,0.1,0.05,ambiguous,0.8
ptcp_randomized,1.0,0.9895283981802234,4.872333333333334,0.0,0.8723333333333333,2026186582,5,300,3000,5,0.5,0.1,0.05,ambiguous,0.8
majority_cp,0.9973333333333333,0.870045195797091,3.6336666666666666,0.0003333333333333333,0.0,2026186583,5,300,3000,5,0.5,0.1,0.05,ambiguous,0.8
random_rater_cp,0.9993333333333333,0.9020816004494162,3.8786666666666667,0.0,0.0,2026186583,5,300,3000,5,0.5,0.1,0.05,ambiguous,0.8
naive_panel_cp,0.9806666666666667,0.8033573220875156,3.1976666666666667,0.009,0.0,2026186583,5,300,3000,5,0.5,0.1,0.05,ambiguous,0.8
ptcp,0.9996666666666667,0.9887562083377059,4.86,0.0,0.86,2026186583,5,300,3000,5,0.5,0.1,0.05,ambiguous,0.8
ptcp_randomized,0.9996666666666667,0.9887562083377059,4.86,0.0,0.86,2026186583,5,300,3000,5,0.5,0.1,0.05,ambiguous,0.8
majority_cp,0.987,0.8238067537439614,3.3316666666666666,0.004333333333333333,0.0,2026186584,5,300,3000,5,0.5,0.1,0.05,ambiguous,0.8
random_rater_cp,0.9983333333333333,0.8948412709595541,3.828,0.0,0.0,2026186584,5,300,3000,5,0.5,0.1,0.05,ambiguous,0.8
naive_panel_cp,0.9643333333333334,0.7672331503534268,2.9846666666666666,0.014666666666666666,0.0,2026186584,5,300,3000,5,0.5,0.1,0.05,ambiguous,0.8
ptcp,1.0,0.9899400966617066,4.875333333333334,0.0,0.8753333333333333,2026186584,5,300,3000,5,0.5,0.1,0.05,ambiguous,0.8
ptcp_randomized,1.0,0.9899400966617066,4.875333333333334,0.0,0.8753333333333333,2026186584,5,300,3000,5,0.5,0.1,0.05,ambiguous,0.8
majority_cp,0.998,0.8740864304220374,3.6693333333333333,0.0006666666666666666,0.0,2026186585,5,300,3000,5,0.5,0.1,0.05,ambiguous,0.8
random_rater_cp,0.9986666666666667,0.8864137055351973,3.764666666666667,0.0,0.0,2026186585,5,300,3000,5,0.5,0.1,0.05,ambiguous,0.8
naive_panel_cp,0.9913333333333333,0.8267245300004383,3.344,0.005333333333333333,0.0,2026186585,5,300,3000,5,0.5,0.1,0.05,ambiguous,0.8
ptcp,1.0,0.9893352404366472,4.872,0.0,0.872,2026186585,5,300,3000,5,0.5,0.1,0.05,ambiguous,0.8
ptcp_randomized,1.0,0.9893352404366472,4.872,0.0,0.872,2026186585,5,300,3000,5,0.5,0.1,0.05,ambiguous,0.8
majority_cp,0.9956666666666667,0.8621175926834712,3.5733333333333333,0.001,0.0,2026186586,5,300,3000,5,0.5,0.1,0.05,ambiguous,0.8
random_rater_cp,0.9996666666666667,0.8974338390400498,3.837666666666667,0.0,0.0,2026186586,5,300,3000,5,0.5,0.1,0.05,ambiguous,0.8
naive_panel_cp,0.9643333333333334,0.7678184616149606,2.977,0.017333333333333333,0.0,2026186586,5,300,3000,5,0.5,0.1,0.05,ambiguous,0.8
ptcp,1.0,0.988949212324058,4.868,0.0,0.868,2026186586,5,300,3000,5,0.5,0.1,0.05,ambiguous,0.8
ptcp_randomized,1.0,0.988949212324058,4.868,0.0,0.868,2026186586,5,300,3000,5,0.5,0.1,0.05,ambiguous,0.8
majority_cp,0.9966666666666667,0.8497355865151837,3.474666666666667,0.001,0.0,2026186587,5,300,3000,5,0.5,0.1,0.05,ambiguous,0.8
random_rater_cp,1.0,0.9405293181529688,4.294,0.0,0.294,2026186587,5,300,3000,5,0.5,0.1,0.05,ambiguous,0.8
naive_panel_cp,0.982,0.7938524190257827,3.1066666666666665,0.010333333333333333,0.0,2026186587,5,300,3000,5,0.5,0.1,0.05,ambiguous,0.8
ptcp,1.0,0.9902078294040269,4.885,0.0,0.885,2026186587,5,300,3000,5,0.5,0.1,0.05,ambiguous,0.8
ptcp_randomized,1.0,0.9902078294040269,4.885,0.0,0.885,2026186587,5,300,3000,5,0.5,0.1,0.05,ambiguous,0.8
majority_cp,0.9906666666666667,0.8357230416463978,3.3956666666666666,0.0023333333333333335,0.0,2026186588,5,300,3000,5,0.5,0.1,0.05,ambiguous,0.8
random_rater_cp,0.998,0.89738539541321,3.8393333333333333,0.0,0.0,2026186588,5,300,3000,5,0.5,0.1,0.05,ambiguous,0.8
naive_panel_cp,0.9713333333333334,0.7749958935253762,3.0083333333333333,0.017666666666666667,0.0,2026186588,5,300,3000,5,0.5,0.1,0.05,ambiguous,0.8
ptcp,1.0,0.9902987712550639,4.8806666666666665,0.0,0.8806666666666667,2026186588,5,300,3000,5,0.5,0.1,0.05,ambiguous,0.8
ptcp_randomized,1.0,0.9902987712550639,4.8806666666666665,0.0,0.8806666666666667,2026186588,5,300,3000,5,0.5,0.1,0.05,ambiguous,0.8
majority_cp,0.9886666666666667,0.8206591229127335,3.2943333333333333,0.006,0.0,2026186589,5,300,3000,5,0.5,0.1,0.05,ambiguous,0.8
random_rater_cp,0.999,0.8885489046095163,3.7693333333333334,0.0,0.0,2026186589,5,300,3000,5,0.5,0.1,0.05,ambiguous,0.8
naive_panel_cp,0.9383333333333334,0.7311384998628274,2.772666666666667,0.037333333333333336,0.0,2026186589,5,300,3000,5,0.5,0.1,0.05,ambiguous,0.8
ptcp,1.0,0.9885312515834944,4.863666666666667,0.0,0.8636666666666667,2026186589,5,300,3000,5,0.5,0.1,0.05,ambiguous,0.8
ptcp_randomized,1.0,0.9885312515834944,4.863666666666667,0.0,0.8636666666666667,2026186589,5,300,3000,5,0.5,0.1,0.05,ambiguous,0.8
majority_cp,0.9943333333333333,0.8505792701777949,3.4943333333333335,0.0016666666666666668,0.0,2026186590,5,300,3000,5,0.5,0.1,0.05,ambiguous,0.8
random_rater_cp,0.9986666666666667,0.8875218138971419,3.7536666666666667,0.0,0.0,2026186590,5,300,3000,5,0.5,0.1,0.05,ambiguous,0.8
naive_panel_cp,0.9733333333333334,0.7870820763946365,3.0873333333333335,0.013333333333333334,0.0,2026186590,5,300,3000,5,0.5,0.1,0.05,ambiguous,0.8
ptcp,0.9996666666666667,0.9900276113581074,4.881666666666667,0.0,0.8816666666666667,2026186590,5,300,3000,5,0.5,0.1,0.05,ambiguous,0.8
ptcp_randomized,0.9996666666666667,0.9900276113581074,4.881666666666667,0.0,0.8816666666666667,2026186590,5,300,3000,5,0.5,0.1,0.05,ambiguous,0.8
majority_cp,0.9953333333333333,0.8608179120657581,3.5596666666666668,0.0013333333333333333,0.0,2026186591,5,300,3000,5,0.5,0.1,0.05,ambiguous,0.8
random_rater_cp,0.999,0.8945431659380386,3.818,0.0,0.0,2026186591,5,300,3000,5,0.5,0.1,0.05,ambiguous,0.8
naive_panel_cp,0.9866666666666667,0.8168351683260969,3.263,0.006666666666666667,0.0,2026186591,5,300,3000,5,0.5,0.1,0.05,ambiguous,0.8
ptcp,1.0,0.9909557473059251,4.882333333333333,0.0,0.8823333333333333,2026186591,5,300,3000,5,0.5,0.1,0.05,ambiguous,0.8
ptcp_randomized,1.0,0.9909557473059251,4.882333333333333,0.0,0.8823333333333333,2026186591,5,300,3000,5,0.5,0.1,0.05,ambiguous,0.8
majority_cp,0.986,0.8125687845310353,3.2423333333333333,0.004,0.0,2026186592,5,300,3000,5,0.5,0.1,0.05,ambiguous,0.8
random_rater_cp,1.0,0.9405405492458683,4.283333333333333,0.0,0.2833333333333333,2026186592,5,300,3000,5,0.5,0.1,0.05,ambiguous,0.8
naive_panel_cp,0.9416666666666667,0.7371624699423365,2.802,0.024666666666666667,0.0,2026186592,5,300,3000,5,0.5,0.1,0.05,ambiguous,0.8
ptcp,1.0,0.9894628274609537,4.873,0.0,0.873,2026186592,5,300,3000,5,0.5,0.1,0.05,ambiguous,0.8
ptcp_randomized,1.0,0.9894628274609537,4.873,0.0,0.873,2026186592,5,300,3000,5,0.5,0.1,0.05,ambiguous,0.8
majority_cp,0.9983333333333333,0.8847979441962792,3.7416666666666667,0.0,0.0,2026186593,5,300,3000,5,0.5,0.1,0.05,ambiguous,0.8
random_rater_cp,0.9983333333333333,0.8847979441962792,3.7416666666666667,0.0,0.0,2026186593,5,300,3000,5,0.5,0.1,0.05,ambiguous,0.8
naive_panel_cp,0.9856666666666667,0.8110183364372354,3.23,0.006666666666666667,0.0,2026186593,5,300,3000,5,0.5,0.1,0.05,ambiguous,0.8
ptcp,0.9996666666666667,0.9892613647215767,4.860333333333333,0.0,0.8603333333333333,2026186593,5,300,3000,5,0.5,0.1,0.05,ambiguous,0.8
ptcp_randomized,0.9996666666666667,0.9892613647215767,4.860333333333333,0.0,0.8603333333333333,2026186593,5,300,3000,5,0.5,0.1,0.05,ambiguous,0.8
majority_cp,0.9946666666666667,0.8537461029051135,3.5483333333333333,0.0006666666666666666,0.0,2026186594,5,300,3000,5,0.5,0.1,0.05,ambiguous,0.8
random_rater_cp,0.999,0.8909696098640181,3.816666666666667,0.0,0.0,2026186594,5,300,3000,5,0.5,0.1,0.05,ambiguous,0.8
naive_panel_cp,0.9803333333333333,0.8017577993697793,3.215333333333333,0.007333333333333333,0.0,2026186594,5,300,3000,5,0.5,0.1,0.05,ambiguous,0.8
ptcp,0.9996666666666667,0.989968549208972,4.8853333333333335,0.0,0.8853333333333333,2026186594,5,300,3000,5,0.5,0.1,0.05,ambiguous,0.8
ptcp_randomized,0.9996666666666667,0.989968549208972,4.8853333333333335,0.0,0.8853333333333333,2026186594,5,300,3000,5,0.5,0.1,0.05,ambiguous,0.8
majority_cp,1.0,0.9028783722359571,3.8783333333333334,0.0003333333333333333,0.0,2026186595,5,300,3000,5,0.5,0.1,0.05,ambiguous,0.8
random_rater_cp,0.999,0.880326694797869,3.703,0.0006666666666666666,0.0,2026186595,5,300,3000,5,0.5,0.1,0.05,ambiguous,0.8
naive_panel_cp,0.9886666666666667,0.8096785381045664,3.220666666666667,0.009333333333333334,0.0,2026186595,5,300,3000,5,0.5,0.1,0.05,ambiguous,0.8
ptcp,1.0,0.9895919455987162,4.871666666666667,0.0,0.8716666666666667,2026186595,5,300,3000,5,0.5,0.1,0.05,ambiguous,0.8
ptcp_randomized,1.0,0.9895919455987162,4.871666666666667,0.0,0.8716666666666667,2026186595,5,300,3000,5,0.5,0.1,0.05,ambiguous,0.8
majority_cp,0.9973333333333333,0.8623378930949935,3.5713333333333335,0.001,0.0,2026186596,5,300,3000,5,0.5,0.1,0.05,ambiguous,0.8
random_rater_cp,1.0,0.9394356047763185,4.28,0.0,0.28,2026186596,5,300,3000,5,0.5,0.1,0.05,ambiguous,0.8
naive_panel_cp,0.9843333333333333,0.8064181102584579,3.199333333333333,0.008,0.0,2026186596,5,300,3000,5,0.5,0.1,0.05,ambiguous,0.8
ptcp,1.0,0.9899362358833326,4.876333333333333,0.0,0.8763333333333333,2026186596,5,300,3000,5,0.5,0.1,0.05,ambiguous,0.8
ptcp_randomized,1.0,0.9899362358833326,4.876333333333333,0.0,0.8763333333333333,2026186596,5,300,3000,5,0.5,0.1,0.05,ambiguous,0.8
majority_cp,0.9916666666666667,0.839067271163794,3.433333333333333,0.005333333333333333,0.0,2026186597,5,300,3000,5,0.5,0.1,0.05,ambiguous,0.8
random_rater_cp,0.9993333333333333,0.8988849484285923,3.8606666666666665,0.0,0.0,2026186597,5,300,3000,5,0.5,0.1,0.05,ambiguous,0.8
naive_panel_cp,0.9673333333333334,0.7798174809790659,3.07,0.016666666666666666,0.0,2026186597,5,300,3000,5,0.5,0.1,0.05,ambiguous,0.8
ptcp,1.0,0.9999750966254475,4.999333333333333,0.0,0.9993333333333333,2026186597,5,300,3000,5,0.5,0.1,0.05,ambiguous,0.8
ptcp_randomized,1.0,0.9999750966254475,4.999333333333333,0.0,0.9993333333333333,2026186597,5,300,3000,5,0.5,0.1,0.05,ambiguous,0.8
majority_cp,0.9953333333333333,0.8530943180763143,3.517333333333333,0.003,0.0,2026186598,5,300,3000,5,0.5,0.1,0.05,ambiguous,0.8
random_rater_cp,0.9996666666666667,0.904507907438761,3.902,0.0,0.0,2026186598,5,300,3000,5,0.5,0.1,0.05,ambiguous,0.8
naive_panel_cp,0.978,0.7935125905129511,3.1293333333333333,0.012666666666666666,0.0,2026186598,5,300,3000,5,0.5,0.1,0.05,ambiguous,0.8
ptcp,1.0,0.9895956697085786,4.873333333333333,0.0,0.8733333333333333,2026186598,5,300,3000,5,0.5,0.1,0.05,ambiguous,0.8
ptcp_randomized,1.0,0.9895956697085786,4.873333333333333,0.0,0.8733333333333333,2026186598,5,300,3000,5,0.5,0.1,0.05,ambiguous,0.8
majority_cp,0.9983333333333333,0.8745928170678307,3.6606666666666667,0.0006666666666666666,0.0,2026186599,5,300,3000,5,0.5,0.1,0.05,ambiguous,0.8
random_rater_cp,0.9996666666666667,0.9101993730027992,3.9466666666666668,0.0,0.0,2026186599,5,300,3000,5,0.5,0.1,0.05,ambiguous,0.8
naive_panel_cp,0.9723333333333334,0.7830101330344226,3.066,0.013,0.0,2026186599,5,300,3000,5,0.5,0.1,0.05,ambiguous,0.8
ptcp,1.0,0.9892981138489378,4.865666666666667,0.0,0.8656666666666667,2026186599,5,300,3000,5,0.5,0.1,0.05,ambiguous,0.8
ptcp_randomized,1.0,0.9892981138489378,4.865666666666667,0.0,0.8656666666666667,2026186599,5,300,3000,5,0.5,0.1,0.05,ambiguous,0.8
majority_cp,0.9986666666666667,0.8911336426299858,3.7856666666666667,0.0,0.0,2026186600,5,300,3000,5,0.5,0.1,0.05,ambiguous,0.8
random_rater_cp,0.9993333333333333,0.9036871892083376,3.887,0.0,0.0,2026186600,5,300,3000,5,0.5,0.1,0.05,ambiguous,0.8
naive_panel_cp,0.9743333333333334,0.7901877699992125,3.102333333333333,0.014333333333333333,0.0,2026186600,5,300,3000,5,0.5,0.1,0.05,ambiguous,0.8
ptcp,1.0,0.999970402647748,4.999666666666666,0.0,0.9996666666666667,2026186600,5,300,3000,5,0.5,0.1,0.05,ambiguous,0.8
ptcp_randomized,1.0,0.9900895043690667,4.874,0.0,0.874,2026186600,5,300,3000,5,0.5,0.1,0.05,ambiguous,0.8
majority_cp,0.9946666666666667,0.846513196853731,3.4543333333333335,0.002,0.0,2026186601,5,300,3000,5,0.5,0.1,0.05,ambiguous,0.8
random_rater_cp,0.9996666666666667,0.8942334095610088,3.808666666666667,0.0,0.0,2026186601,5,300,3000,5,0.5,0.1,0.05,ambiguous,0.8
naive_panel_cp,0.9686666666666667,0.7771049896987261,3.030666666666667,0.018,0.0,2026186601,5,300,3000,5,0.5,0.1,0.05,ambiguous,0.8
ptcp,1.0,0.9901305174737026,4.877666666666666,0.0,0.8776666666666667,2026186601,5,300,3000,5,0.5,0.1,0.05,ambiguous,0.8
ptcp_randomized,1.0,0.9901305174737026,4.877666666666666,0.0,0.8776666666666667,2026186601,5,300,3000,5,0.5,0.1,0.05,ambiguous,0.8
majority_cp,0.9996666666666667,0.8878363173542766,3.763333333333333,0.0,0.0,2026186602,5,300,3000,5,0.5,0.1,0.05,ambiguous,0.8
random_rater_cp,1.0,0.9122078328289038,3.9676666666666667,0.0,0.0,2026186602,5,300,3000,5,0.5,0.1,0.05,ambiguous,0.8
naive_panel_cp,0.9683333333333334,0.7747687746882014,3.017,0.017,0.0,2026186602,5,300,3000,5,0.5,0.1,0.05,ambiguous,0.8
ptcp,1.0,0.9896240657531269,4.871,0.0,0.871,2026186602,5,300,3000,5,0.5,0.1,0.05,ambiguous,0.8
ptcp_randomized,1.0,0.9896240657531269,4.871,0.0,0.871,2026186602,5,300,3000,5,0.5,0.1,0.05,ambiguous,0.8
majority_cp,0.989,0.8238032969224014,3.3193333333333332,0.006333333333333333,0.0,2026186603,5,300,3000,5,0.5,0.1,0.05,ambiguous,0.8
random_rater_cp,0.9986666666666667,0.8845178674226549,3.7463333333333333,0.0003333333333333333,0.0,2026186603,5,300,3000,5,0.5,0.1,0.05,ambiguous,0.8
naive_panel_cp,0.9646666666666667,0.7682021531461026,2.981,0.017333333333333333,0.0,2026186603,5,300,3000,5,0.5,0.1,0.05,ambiguous,0.8
ptcp,1.0,0.9901087243925731,4.870333333333333,0.0,0.8703333333333333,2026186603,5,300,3000,5,0.5,0.1,0.05,ambiguous,0.8
ptcp_randomized,1.0,0.9901087243925731,4.870333333333333,0.0,0.8703333333333333,2026186603,5,300,3000,5,0.5,0.1,0.05,ambiguous,0.8
majority_cp,0.9946666666666667,0.8514940535872207,3.5056666666666665,0.002,0.0,2026186604,5,300,3000,5,0.5,0.1,0.05,ambiguous,0.8
random_rater_cp,0.9996666666666667,0.9121297204243277,3.9566666666666666,0.0,0.0,2026186604,5,300,3000,5,0.5,0.1,0.05,ambiguous,0.8
naive_panel_cp,0.9773333333333334,0.7886218419823148,3.097,0.014666666666666666,0.0,2026186604,5,300,3000,5,0.5,0.1,0.05,ambiguous,0.8
ptcp,1.0,0.9896158946630977,4.867666666666667,0.0,0.8676666666666667,2026186604,5,300,3000,5,0.5,0.1,0.05,ambiguous,0.8
ptcp_randomized,1.0,0.9896158946630977,4.867666666666667,0.0,0.8676666666666667,2026186604,5,300,3000,5,0.5,0.1,0.05,ambiguous,0.8
majority_cp,1.0,0.9387701464852547,4.276,0.0,0.276,2026186605,5,300,3000,5,0.5,0.1,0.05,ambiguous,0.8
random_rater_cp,1.0,0.9387701464852547,4.276,0.0,0.276,2026186605,5,300,3000,5,0.5,0.1,0.05,ambiguous,0.8
naive_panel_cp,0.9743333333333334,0.7917988112362025,3.1126666666666667,0.011,0.0,2026186605,5,300,3000,5,0.5,0.1,0.05,ambiguous,0.8
ptcp,1.0,0.9905236898363965,4.878333333333333,0.0,0.8783333333333333,2026186605,5,300,3000,5,0.5,0.1,0.05,ambiguous,0.8
ptcp_randomized,1.0,0.9905236898363965,4.878333333333333,0.0,0.8783333333333333,2026186605,5,300,3000,5,0.5,0.1,0.05,ambiguous,0.8
majority_cp,0.9966666666666667,0.8672378768406939,3.614,0.0016666666666666668,0.0,2026186606,5,300,3000,5,0.5,0.1,0.05,ambiguous,0.8
random_rater_cp,0.999,0.9143967349393312,3.987,0.0,0.0,2026186606,5,300,3000,5,0.5,0.1,0.05,ambiguous,0.8
naive_panel_cp,0.9746666666666667,0.7905667212965715,3.102333333333333,0.011666666666666667,0.0,2026186606,5,300,3000,5,0.5,0.1,0.05,ambiguous,0.8
ptcp,0.9996666666666667,0.988403515546235,4.8693333333333335,0.0,0.8693333333333333,2026186606,5,300,3000,5,0.5,0.1,0.05,ambiguous,0.8
ptcp_randomized,0.9996666666666667,0.988403515546235,4.8693333333333335,0.0,0.8693333333333333,2026186606,5,300,3000,5,0.5,0.1,0.05,ambiguous,0.8
majority_cp,0.9973333333333333,0.8600712483540838,3.5806666666666667,0.002,0.0,2026186607,5,300,3000,5,0.5,0.1,0.05,ambiguous,0.8
random_rater_cp,0.999,0.8726019706183805,3.667666666666667,0.0006666666666666666,0.0,2026186607,5,300,3000,5,0.5,0.1,0.05,ambiguous,0.8
naive_panel_cp,0.9876666666666667,0.8184161563753249,3.2983333333333333,0.007,0.0,2026186607,5,300,3000,5,0.5,0.1,0.05,ambiguous,0.8
ptcp,1.0,0.9907519873259789,4.881666666666667,0.0,0.8816666666666667,2026186607,5,300,3000,5,0.5,0.1,0.05,ambiguous,0.8
ptcp_randomized,1.0,0.9907519873259789,4.881666666666667,0.0,0.8816666666666667,2026186607,5,300,3000,5,0.5,0.1,0.05,ambiguous,0.8
majority_cp,0.994,0.8439399540952133,3.465,0.0013333333333333333,0.0,2026186608,5,300,3000,5,0.5,0.1,0.05,ambiguous,0.8
random_rater_cp,1.0,0.938722608135756,4.275666666666667,0.0,0.27566666666666667,2026186608,5,300,3000,5,0.5,0.1,0.05,ambiguous,0.8
naive_panel_cp,0.976,0.79154648553618,3.126333333333333,0.009333333333333334,0.0,2026186608,5,300,3000,5,0.5,0.1,0.05,ambiguous,0.8
ptcp,1.0,1.0,5.0,0.0,1.0,2026186608,5,300,3000,5,0.5,0.1,0.05,ambiguous,0.8
ptcp_randomized,1.0,1.0,5.0,0.0,1.0,2026186608,5,300,3000,5,0.5,0.1,0.05,ambiguous,0.8
majority_cp,0.9943333333333333,0.8510573720019583,3.51,0.002,0.0,2026186609,5,300,3000,5,0.5,0.1,0.05,ambiguous,0.8
random_rater_cp,0.998,0.8737949104282228,3.6633333333333336,0.0006666666666666666,0.0,2026186609,5,300,3000,5,0.5,0.1,0.05,ambiguous,0.8
naive_panel_cp,0.979,0.7930676689662889,3.137,0.011,0.0,2026186609,5,300,3000,5,0.5,0.1,0.05,ambiguous,0.8
ptcp,1.0,0.9897867445139298,4.866,0.0,0.866,2026186609,5,300,3000,5,0.5,0.1,0.05,ambiguous,0.8
ptcp_randomized,1.0,0.9897867445139298,4.866,0.0,0.866,2026186609,5,300,3000,5,0.5,0.1,0.05,ambiguous,0.8
majority_cp,0.9996666666666667,0.9064516770800217,3.921666666666667,0.0,0.0,2026186610,5,300,3000,5,0.5,0.1,0.05,ambiguous,0.8
random_rater_cp,0.9996666666666667,0.908622743214592,3.9396666666666667,0.0,0.0,2026186610,5,300,3000,5,0.5,0.1,0.05,ambiguous,0.8
naive_panel_cp,0.987,0.8073590199078111,3.2083333333333335,0.005666666666666667,0.0,2026186610,5,300,3000,5,0.5,0.1,0.05,ambiguous,0.8
ptcp,1.0,0.9999732870933962,4.999333333333333,0.0,0.9993333333333333,2026186610,5,300,3000,5,0.5,0.1,0.05,ambiguous,0.8
ptcp_randomized,1.0,0.9999732870933962,4.999333333333333,0.0,0.9993333333333333,2026186610,5,300,3000,5,0.5,0.1,0.05,ambiguous,0.8
majority_cp,0.9983333333333333,0.8783033847096552,3.687333333333333,0.0,0.0,2026186611,5,300,3000,5,0.5,0.1,0.05,ambiguous,0.8
random_rater_cp,1.0,0.9152201599013462,3.994666666666667,0.0,0.0,2026186611,5,300,3000,5,0.5,0.1,0.05,ambiguous,0.8
naive_panel_cp,0.994,0.8405928816278706,3.424,0.003,0.0,2026186611,5,300,3000,5,0.5,0.1,0.05,ambiguous,0.8
ptcp,1.0,0.9899012374241755,4.875666666666667,0.0,0.8756666666666667,2026186611,5,300,3000,5,0.5,0.1,0.05,ambiguous,0.8
ptcp_randomized,1.0,0.9899012374241755,4.875666666666667,0.0,0.8756666666666667,2026186611,5,300,3000,5,0.5,0.1,0.05,ambiguous,0.8
majority_cp,0.995,0.8402386543015237,3.4366666666666665,0.0026666666666666666,0.0,2026186612,5,300,3000,5,0.5,0.1,0.05,ambiguous,0.8
random_rater_cp,0.9986666666666667,0.8882952513160117,3.7983333333333333,0.0003333333333333333,0.0,2026186612,5,300,3000,5,0.5,0.1,0.05,ambiguous,0.8
naive_panel_cp,0.9736666666666667,0.7804201744264923,3.063,0.012666666666666666,0.0,2026186612,5,300,3000,5,0.5,0.1,0.05,ambiguous,0.8
ptcp,1.0,0.9895102402185909,4.8773333333333335,0.0,0.8773333333333333,2026186612,5,300,3000,5,0.5,0.1,0.05,ambiguous,0.8
ptcp_randomized,1.0,0.9895102402185909,4.8773333333333335,0.0,0.8773333333333333,2026186612,5,300,3000,5,0.5,0.1,0.05,ambiguous,0.8
majority_cp,0.9956666666666667,0.8641818299487947,3.5883333333333334,0.0006666666666666666,0.0,2026186613,5,300,3000,5,0.5,0.1,0.05,ambiguous,0.8
random_rater_cp,0.9983333333333333,0.8814854449756925,3.7133333333333334,0.0,0.0,2026186613,5,300,3000,5,0.5,0.1,0.05,ambiguous,0.8
naive_panel_cp,0.986,0.8071301948428422,3.213,0.006333333333333333,0.0,2026186613,5,300,3000,5,0.5,0.1,0.05,ambiguous,0.8
ptcp,0.9996666666666667,0.9894756442289311,4.873333333333333,0.0,0.8733333333333333,2026186613,5,300,3000,5,0.5,0.1,0.05,ambiguous,0.8
ptcp_randomized,0.9996666666666667,0.9894756442289311,4.873333333333333,0.0,0.8733333333333333,2026186613,5,300,3000,5,0.5,0.1,0.05,ambiguous,0.8
majority_cp,0.9996666666666667,0.8868712595665963,3.748,0.0003333333333333333,0.0,2026186614,5,300,3000,5,0.5,0.1,0.05,ambiguous,0.8
random_rater_cp,0.9996666666666667,0.8936151119717273,3.7996666666666665,0.0003333333333333333,0.0,2026186614,5,300,3000,5,0.5,0.1,0.05,ambiguous,0.8
naive_panel_cp,0.9773333333333334,0.7915805379117102,3.1016666666666666,0.010666666666666666,0.0,2026186614,5,300,3000,5,0.5,0.1,0.05,ambiguous,0.8
ptcp,1.0,0.9894080353303252,4.8726666666666665,0.0,0.8726666666666667,2026186614,5,300,3000,5,0.5,0.1,0.05,ambiguous,0.8
ptcp_randomized,1.0,0.9894080353303252,4.8726666666666665,0.0,0.8726666666666667,2026186614,5,300,3000,5,0.5,0.1,0.05,ambiguous,0.8
majority_cp,0.9953333333333333,0.8588106454425306,3.5496666666666665,0.0003333333333333333,0.0,2026186615,5,300,3000,5,0.5,0.1,0.05,ambiguous,0.8
random_rater_cp,1.0,0.9094249690110527,3.929,0.0,0.0,2026186615,5,300,3000,5,0.5,0.1,0.05,ambiguous,0.8
naive_panel_cp,0.9823333333333333,0.8079416480406341,3.208,0.007,0.0,2026186615,5,300,3000,5,0.5,0.1,0.05,ambiguous,0.8
ptcp,1.0,1.0,5.0,0.0,1.0,2026186615,5,300,3000,5,0.5,0.1,0.05,ambiguous,0.8
ptcp_randomized,1.0,0.9899212707390613,4.8773333333333335,0.0,0.8773333333333333,2026186615,5,300,3000,5,0.5,0.1,0.05,ambiguous,0.8
majority_cp,0.9916666666666667,0.8404537701957567,3.4316666666666666,0.0036666666666666666,0.0,2026186616,5,300,3000,5,0.5,0.1,0.05,ambiguous,0.8
random_rater_cp,0.998,0.882447802007187,3.7216666666666667,0.001,0.0,2026186616,5,300,3000,5,0.5,0.1,0.05,ambiguous,0.8
naive_panel_cp,0.9803333333333333,0.8020492299490922,3.188,0.008666666666666666,0.0,2026186616,5,300,3000,5,0.5,0.1,0.05,ambiguous,0.8
ptcp,1.0,0.9898411486987898,4.8726666666666665,0.0,0.8726666666666667,2026186616,5,300,3000,5,0.5,0.1,0.05,ambiguous,0.8
ptcp_randomized,1.0,0.9898411486987898,4.8726666666666665,0.0,0.8726666666666667,2026186616,5,300,3000,5,0.5,0.1,0.05,ambiguous,0.8
majority_cp,0.9966666666666667,0.8558061577363429,3.533,0.0023333333333333335,0.0,2026186617,5,300,3000,5,0.5,0.1,0.05,ambiguous,0.8
random_rater_cp,1.0,0.9142400095572443,3.9926666666666666,0.0,0.0,2026186617,5,300,3000,5,0.5,0.1,0.05,ambiguous,0.8
naive_panel_cp,0.967,0.7751491330602812,3.0286666666666666,0.017333333333333333,0.0,2026186617,5,300,3000,5,0.5,0.1,0.05,ambiguous,0.8
ptcp,1.0,0.9899206796104069,4.875,0.0,0.875,2026186617,5,300,3000,5,0.5,0.1,0.05,ambiguous,0.8
ptcp_randomized,1.0,0.9899206796104069,4.875,0.0,0.875,2026186617,5,300,3000,5,0.5,0.1,0.05,ambiguous,0.8
majority_cp,0.9973333333333333,0.8686871415711879,3.6113333333333335,0.0006666666666666666,0.0,2026186618,5,300,3000,5,0.5,0.1,0.05,ambiguous,0.8
random_rater_cp,0.9993333333333333,0.8988493992712133,3.8476666666666666,0.0003333333333333333,0.0,2026186618,5,300,3000,5,0.5,0.1,0.05,ambiguous,0.8
naive_panel_cp,0.9883333333333333,0.8200745715919054,3.2743333333333333,0.003,0.0,2026186618,5,300,3000,5,0.5,0.1,0.05,ambiguous,0.8
ptcp,1.0,0.9899293029035615,4.876333333333333,0.0,0.8763333333333333,2026186618,5,300,3000,5,0.5,0.1,0.05,ambiguous,0.8
ptcp_randomized,1.0,0.9899293029035615,4.876333333333333,0.0,0.8763333333333333,2026186618,5,300,3000,5,0.5,0.1,0.05,ambiguous,0.8
majority_cp,0.9966666666666667,0.8664868727958891,3.614,0.0013333333333333333,0.0,2026186619,5,300,3000,5,0.5,0.1,0.05,ambiguous,0.8
random_rater_cp,0.998,0.8844390757039508,3.7506666666666666,0.0,0.0,2026186619,5,300,3000,5,0.5,0.1,0.05,ambiguous,0.8
naive_panel_cp,0.9563333333333334,0.7509998946933149,2.891,0.025333333333333333,0.0,2026186619,5,300,3000,5,0.5,0.1,0.05,ambiguous,0.8
ptcp,1.0,0.9891585030929498,4.870333333333333,0.0,0.8703333333333333,2026186619,5,300,3000,5,0.5,0.1,0.05,ambiguous,0.8
ptcp_randomized,1.0,0.9891585030929498,4.870333333333333,0.0,0.8703333333333333,2026186619,5,300,3000,5,0.5,0.1,0.05,ambiguous,0.8
majority_cp,0.9746666666666667,0.7830384570736696,3.0693333333333332,0.012,0.0,2026186620,5,300,3000,5,0.5,0.1,0.05,ambiguous,0.8
random_rater_cp,0.9996666666666667,0.9033116250093505,3.909666666666667,0.0,0.0,2026186620,5,300,3000,5,0.5,0.1,0.05,ambiguous,0.8
naive_panel_cp,0.9643333333333334,0.766368816851417,2.9723333333333333,0.017,0.0,2026186620,5,300,3000,5,0.5,0.1,0.05,ambiguous,0.8
ptcp,1.0,0.988571312774935,4.868,0.0,0.868,2026186620,5,300,3000,5,0.5,0.1,0.05,ambiguous,0.8
ptcp_randomized,1.0,0.988571312774935,4.868,0.0,0.868,2026186620,5,300,3000,5,0.5,0.1,0.05,ambiguous,0.8
majority_cp,0.997,0.8619356294524284,3.579,0.0013333333333333333,0.0,2026186621,5,300,3000,5,0.5,0.1,0.05,ambiguous,0.8
random_rater_cp,1.0,0.9152358431275553,3.993,0.0,0.0,2026186621,5,300,3000,5,0.5,0.1,0.05,ambiguous,0.8
naive_panel_cp,0.9796666666666667,0.7971858838616699,3.1473333333333335,0.011,0.0,2026186621,5,300,3000,5,0.5,0.1,0.05,ambiguous,0.8
ptcp,1.0,0.9890451771995762,4.8646666666666665,0.0,0.8646666666666667,2026186621,5,300,3000,5,0.5,0.1,0.05,ambiguous,0.8
ptcp_randomized,1.0,0.9890451771995762,4.8646666666666665,0.0,0.8646666666666667,2026186621,5,300,3000,5,0.5,0.1,0.05,ambiguous,0.8
majority_cp,0.9953333333333333,0.8589076505071244,3.524,0.0013333333333333333,0.0,2026186622,5,300,3000,5,0.5,0.1,0.05,ambiguous,0.8
random_rater_cp,0.9996666666666667,0.9414124835999649,4.292666666666666,0.0,0.2926666666666667,2026186622,5,300,3000,5,0.5,0.1,0.05,ambiguous,0.8
naive_panel_cp,0.9866666666666667,0.810489212754209,3.1946666666666665,0.008666666666666666,0.0,2026186622,5,300,3000,5,0.5,0.1,0.05,ambiguous,0.8
ptcp,1.0,0.9890645563396651,4.873,0.0,0.873,2026186622,5,300,3000,5,0.5,0.1,0.05,ambiguous,0.8
ptcp_randomized,1.0,0.9890645563396651,4.873,0.0,0.873,2026186622,5,300,3000,5,0.5,0.1,0.05,ambiguous,0.8
majority_cp,0.9946666666666667,0.8500410813297831,3.493333333333333,0.0013333333333333333,0.0,2026186623,5,300,3000,5,0.5,0.1,0.05,ambiguous,0.8
random_rater_cp,0.997,0.8718537215014384,3.658,0.0,0.0,2026186623,5,300,3000,5,0.5,0.1,0.05,ambiguous,0.8
naive_panel_cp,0.9806666666666667,0.8034248768390189,3.1896666666666667,0.008,0.0,2026186623,5,300,3000,5,0.5,0.1,0.05,ambiguous,0.8
ptcp,1.0,0.9908001956634215,4.879,0.0,0.879,2026186623,5,300,3000,5,0.5,0.1,0.05,ambiguous,0.8
ptcp_randomized,1.0,0.9908001956634215,4.879,0.0,0.879,2026186623,5,300,3000,5,0.5,0.1,0.05,ambiguous,0.8
majority_cp,0.9923333333333333,0.8414693018578191,3.4353333333333333,0.003,0.0,2026186624,5,300,3000,5,0.5,0.1,0.05,ambiguous,0.8
random_rater_cp,1.0,0.8862056945958189,3.747333333333333,0.0003333333333333333,0.0,2026186624,5,300,3000,5,0.5,0.1,0.05,ambiguous,0.8
naive_panel_cp,0.9676666666666667,0.7739784735871454,3.0196666666666667,0.014333333333333333,0.0,2026186624,5,300,3000,5,0.5,0.1,0.05,ambiguous,0.8
ptcp,1.0,0.9886934916911932,4.8646666666666665,0.0,0.8646666666666667,2026186624,5,300,3000,5,0.5,0.1,0.05,ambiguous,0.8
ptcp_randomized,1.0,0.9886934916911932,4.8646666666666665,0.0,0.8646666666666667,2026186624,5,300,3000,5,0.5,0.1,0.05,ambiguous,0.8
majority_cp,0.9976666666666667,0.8833872020509322,3.717,0.0,0.0,2026186625,5,300,3000,5,0.5,0.1,0.05,ambiguous,0.8
random_rater_cp,0.9993333333333333,0.9126197940044202,3.9596666666666667,0.0,0.0,2026186625,5,300,3000,5,0.5,0.1,0.05,ambiguous,0.8
naive_panel_cp,0.97,0.7853437289077463,3.0726666666666667,0.011333333333333334,0.0,2026186625,5,300,3000,5,0.5,0.1,0.05,ambiguous,0.8
ptcp,1.0,0.9901879766918358,4.876666666666667,0.0,0.8766666666666667,2026186625,5,300,3000,5,0.5,0.1,0.05,ambiguous,0.8
ptcp_randomized,1.0,0.9901879766918358,4.876666666666667,0.0,0.8766666666666667,2026186625,5,300,3000,5,0.5,0.1,0.05,ambiguous,0.8
majority_cp,0.9943333333333333,0.8484589589140269,3.461333333333333,0.0013333333333333333,0.0,2026186626,5,300,3000,5,0.5,0.1,0.05,ambiguous,0.8
random_rater_cp,1.0,0.9424264337937777,4.283,0.0,0.283,2026186626,5,300,3000,5,0.5,0.1,0.05,ambiguous,0.8
naive_panel_cp,0.9763333333333334,0.7877006736711947,3.083666666666667,0.013333333333333334,0.0,2026186626,5,300,3000,5,0.5,0.1,0.05,ambiguous,0.8
ptcp,1.0,0.9898547546253658,4.875333333333334,0.0,0.8753333333333333,2026186626,5,300,3000,5,0.5,0.1,0.05,ambiguous,0.8
ptcp_randomized,1.0,0.9898547546253658,4.875333333333334,0.0,0.8753333333333333,2026186626,5,300,3000,5,0.5,0.1,0.05,ambiguous,0.8
majority_cp,0.999,0.8799621412737916,3.7096666666666667,0.0003333333333333333,0.0,2026186627,5,300,3000,5,0.5,0.1,0.05,ambiguous,0.8
random_rater_cp,0.9996666666666667,0.8982823567241127,3.862,0.0,0.0,2026186627,5,300,3000,5,0.5,0.1,0.05,ambiguous,0.8
naive_panel_cp,0.976,0.7928018579524654,3.121,0.008,0.0,2026186627,5,300,3000,5,0.5,0.1,0.05,ambiguous,0.8
ptcp,1.0,0.9894880231363555,4.874666666666666,0.0,0.8746666666666667,2026186627,5,300,3000,5,0.5,0.1,0.05,ambiguous,0.8
ptcp_randomized,1.0,0.9894880231363555,4.874666666666666,0.0,0.8746666666666667,2026186627,5,300,3000,5,0.5,0.1,0.05,ambiguous,0.8
majority_cp,0.9976666666666667,0.8828862200752604,3.7226666666666666,0.0,0.0,2026186628,5,300,3000,5,0.5,0.1,0.05,ambiguous,0.8
random_rater_cp,0.999,0.9023998337996743,3.8746666666666667,0.0,0.0,2026186628,5,300,3000,5,0.5,0.1,0.05,ambiguous,0.8
naive_panel_cp,0.9856666666666667,0.8165966597396861,3.2836666666666665,0.0023333333333333335,0.0,2026186628,5,300,3000,5,0.5,0.1,0.05,ambiguous,0.8
ptcp,1.0,0.990236230708481,4.879333333333333,0.0,0.8793333333333333,2026186628,5,300,3000,5,0.5,0.1,0.05,ambiguous,0.8
ptcp_randomized,1.0,0.990236230708481,4.879333333333333,0.0,0.8793333333333333,2026186628,5,300,3000,5,0.5,0.1,0.05,ambiguous,0.8
majority_cp,0.9956666666666667,0.8584150612077633,3.5533333333333332,0.0013333333333333333,0.0,2026186629,5,300,3000,5,0.5,0.1,0.05,ambiguous,0.8
random_rater_cp,0.998,0.8834969696745008,3.7413333333333334,0.0003333333333333333,0.0,2026186629,5,300,3000,5,0.5,0.1,0.05,ambiguous,0.8
naive_panel_cp,0.9756666666666667,0.7764859047960924,3.0276666666666667,0.011333333333333334,0.0,2026186629,5,300,3000,5,0.5,0.1,0.05,ambiguous,0.8
ptcp,1.0,0.9881052879596338,4.862333333333333,0.0,0.8623333333333333,2026186629,5,300,3000,5,0.5,0.1,0.05,ambiguous,0.8
ptcp_randomized,1.0,0.9881052879596338,4.862333333333333,0.0,0.8623333333333333,2026186629,5,300,3000,5,0.5,0.1,0.05,ambiguous,0.8
majority_cp,0.9963333333333333,0.8622125876478667,3.5773333333333333,0.0006666666666666666,0.0,2026186630,5,300,3000,5,0.5,0.1,0.05,ambiguous,0.8
random_rater_cp,0.9986666666666667,0.8994493636693666,3.849666666666667,0.0,0.0,2026186630,5,300,3000,5,0.5,0.1,0.05,ambiguous,0.8
naive_panel_cp,0.975,0.7789248494736067,3.038666666666667,0.012666666666666666,0.0,2026186630,5,300,3000,5,0.5,0.1,0.05,ambiguous,0.8
ptcp,1.0,0.9901382983401787,4.877666666666666,0.0,0.8776666666666667,2026186630,5,300,3000,5,0.5,0.1,0.05,ambiguous,0.8
ptcp_randomized,1.0,0.9901382983401787,4.877666666666666,0.0,0.8776666666666667,2026186630,5,300,3000,5,0.5,0.1,0.05,ambiguous,0.8
majority_cp,0.999,0.8945954131159909,3.7933333333333334,0.0003333333333333333,0.0,2026186631,5,300,3000,5,0.5,0.1,0.05,ambiguous,0.8
random_rater_cp,0.9993333333333333,0.9021706056333185,3.85,0.0003333333333333333,0.0,2026186631,5,300,3000,5,0.5,0.1,0.05,ambiguous,0.8
naive_panel_cp,0.9783333333333334,0.7994161667607541,3.1453333333333333,0.011,0.0,2026186631,5,300,3000,5,0.5,0.1,0.05,ambiguous,0.8
ptcp,1.0,0.989010450348754,4.865,0.0,0.865,2026186631,5,300,3000,5,0.5,0.1,0.05,ambiguous,0.8
ptcp_randomized,1.0,0.989010450348754,4.865,0.0,0.865,2026186631,5,300,3000,5,0.5,0.1,0.05,ambiguous,0.8
majority_cp,0.9976666666666667,0.8705165134669222,3.64,0.0006666666666666666,0.0,2026186632,5,300,3000,5,0.5,0.1,0.05,ambiguous,0.8
random_rater_cp,0.9996666666666667,0.897440426627395,3.8453333333333335,0.0,0.0,2026186632,5,300,3000,5,0.5,0.1,0.05,ambiguous,0.8
naive_panel_cp,0.9866666666666667,0.812058157103799,3.239333333333333,0.006333333333333333,0.0,2026186632,5,300,3000,5,0.5,0.1,0.05,ambiguous,0.8
ptcp,1.0,0.9890283604968233,4.870666666666667,0.0,0.8706666666666667,2026186632,5,300,3000,5,0.5,0.1,0.05,ambiguous,0.8
ptcp_randomized,1.0,0.9890283604968233,4.870666666666667,0.0,0.8706666666666667,2026186632,5,300,3000,5,0.5,0.1,0.05,ambiguous,0.8
majority_cp,0.9903333333333333,0.8310072887831029,3.3666666666666667,0.0036666666666666666,0.0,2026186633,5,300,3000,5,0.5,0.1,0.05,ambiguous,0.8
random_rater_cp,0.9966666666666667,0.8670840222347593,3.611,0.0013333333333333333,0.0,2026186633,5,300,3000,5,0.5,0.1,0.05,ambiguous,0.8
naive_panel_cp,0.988,0.8210290474298646,3.2986666666666666,0.004333333333333333,0.0,2026186633,5,300,3000,5,0.5,0.1,0.05,ambiguous,0.8
ptcp,0.9996666666666667,0.9887438179285439,4.867,0.0,0.867,2026186633,5,300,3000,5,0.5,0.1,0.05,ambiguous,0.8
ptcp_randomized,0.9996666666666667,0.9887438179285439,4.867,0.0,0.867,2026186633,5,300,3000,5,0.5,0.1,0.05,ambiguous,0.8
majority_cp,0.9973333333333333,0.8657814779104307,3.6016666666666666,0.0013333333333333333,0.0,2026186634,5,300,3000,5,0.5,0.1,0.05,ambiguous,0.8
random_rater_cp,0.9996666666666667,0.9036602304189176,3.8983333333333334,0.0,0.0,2026186634,5,300,3000,5,0.5,0.1,0.05,ambiguous,0.8
naive_panel_cp,0.9846666666666667,0.812447701524889,3.231,0.007333333333333333,0.0,2026186634,5,300,3000,5,0.5,0.1,0.05,ambiguous,0.8
ptcp,1.0,0.9897896340802553,4.874666666666666,0.0,0.8746666666666667,2026186634,5,300,3000,5,0.5,0.1,0.05,ambiguous,0.8
ptcp_randomized,1.0,0.9897896340802553,4.874666666666666,0.0,0.8746666666666667,2026186634,5,300,3000,5,0.5,0.1,0.05,ambiguous,0.8
majority_cp,0.9916666666666667,0.8422409048627142,3.4196666666666666,0.0033333333333333335,0.0,2026186635,5,300,3000,5,0.5,0.1,0.05,ambiguous,0.8
random_rater_cp,0.997,0.8799666535029589,3.691,0.0,0.0,2026186635,5,300,3000,5,0.5,0.1,0.05,ambiguous,0.8
naive_panel_cp,0.979,0.8038120855623481,3.1733333333333333,0.007333333333333333,0.0,2026186635,5,300,3000,5,0.5,0.1,0.05,ambiguous,0.8
ptcp,1.0,0.9890303890571511,4.867,0.0,0.867,2026186635,5,300,3000,5,0.5,0.1,0.05,ambiguous,0.8
ptcp_randomized,1.0,0.9890303890571511,4.867,0.0,0.867,2026186635,5,300,3000,5,0.5,0.1,0.05,ambiguous,0.8
majority_cp,0.9943333333333333,0.8350050331672617,3.3853333333333335,0.006666666666666667,0.0,2026186636,5,300,3000,5,0.5,0.1,0.05,ambiguous,0.8
random_rater_cp,0.9996666666666667,0.8964054709491532,3.828333333333333,0.0,0.0,2026186636,5,300,3000,5,0.5,0.1,0.05,ambiguous,0.8
naive_panel_cp,0.9706666666666667,0.779562842923398,3.042,0.019333333333333334,0.0,2026186636,5,300,3000,5,0.5,0.1,0.05,ambiguous,0.8
ptcp,1.0,0.999994273655755,4.999333333333333,0.0,0.9993333333333333,2026186636,5,300,3000,5,0.5,0.1,0.05,ambiguous,0.8
ptcp_randomized,1.0,0.999994273655755,4.999333333333333,0.0,0.9993333333333333,2026186636,5,300,3000,5,0.5,0.1,0.05,ambiguous,0.8
majority_cp,0.9943333333333333,0.841804203773595,3.4266666666666667,0.004666666666666667,0.0,2026186637,5,300,3000,5,0.5,0.1,0.05,ambiguous,0.8
random_rater_cp,0.9993333333333333,0.899561674253368,3.8473333333333333,0.0003333333333333333,0.0,2026186637,5,300,3000,5,0.5,0.1,0.05,ambiguous,0.8
naive_panel_cp,0.9823333333333333,0.7968030395621802,3.1496666666666666,0.010333333333333333,0.0,2026186637,5,300,3000,5,0.5,0.1,0.05,ambiguous,0.8
ptcp,1.0,0.9999985581504206,4.999666666666666,0.0,0.9996666666666667,2026186637,5,300,3000,5,0.5,0.1,0.05,ambiguous,0.8
ptcp_randomized,1.0,0.9999985581504206,4.999666666666666,0.0,0.9996666666666667,2026186637,5,300,3000,5,0.5,0.1,0.05,ambiguous,0.8
majority_cp,0.9973333333333333,0.8700350535498983,3.6293333333333333,0.0003333333333333333,0.0,2026186638,5,300,3000,5,0.5,0.1,0.05,ambiguous,0.8
random_rater_cp,0.9993333333333333,0.9008605121715646,3.8703333333333334,0.0,0.0,2026186638,5,300,3000,5,0.5,0.1,0.05,ambiguous,0.8
naive_panel_cp,0.977,0.7897146768635559,3.099,0.011,0.0,2026186638,5,300,3000,5,0.5,0.1,0.05,ambiguous,0.8
ptcp,1.0,1.0,5.0,0.0,1.0,2026186638,5,300,3000,5,0.5,0.1,0.05,ambiguous,0.8
ptcp_randomized,1.0,1.0,5.0,0.0,1.0,2026186638,5,300,3000,5,0.5,0.1,0.05,ambiguous,0.8
majority_cp,0.9976666666666667,0.8677590932128644,3.6286666666666667,0.001,0.0,2026186639,5,300,3000,5,0.5,0.1,0.05,ambiguous,0.8
random_rater_cp,0.9986666666666667,0.8748827663724229,3.6803333333333335,0.0006666666666666666,0.0,2026186639,5,300,3000,5,0.5,0.1,0.05,ambiguous,0.8
naive_panel_cp,0.9863333333333333,0.8066990566527436,3.225,0.006333333333333333,0.0,2026186639,5,300,3000,5,0.5,0.1,0.05,ambiguous,0.8
ptcp,1.0,0.989132089389751,4.868666666666667,0.0,0.8686666666666667,2026186639,5,300,3000,5,0.5,0.1,0.05,ambiguous,0.8
ptcp_randomized,1.0,0.989132089389751,4.868666666666667,0.0,0.8686666666666667,2026186639,5,300,3000,5,0.5,0.1,0.05,ambiguous,0.8
majority_cp,0.992,0.843704313954155,3.445666666666667,0.0016666666666666668,0.0,2026186640,5,300,3000,5,0.5,0.1,0.05,ambiguous,0.8
random_rater_cp,0.9993333333333333,0.9095960127906513,3.9476666666666667,0.0,0.0,2026186640,5,300,3000,5,0.5,0.1,0.05,ambiguous,0.8
naive_panel_cp,0.9733333333333334,0.7866284524457251,3.078333333333333,0.011666666666666667,0.0,2026186640,5,300,3000,5,0.5,0.1,0.05,ambiguous,0.8
ptcp,0.9996666666666667,0.9898244644590884,4.874333333333333,0.0,0.8743333333333333,2026186640,5,300,3000,5,0.5,0.1,0.05,ambiguous,0.8
ptcp_randomized,0.9996666666666667,0.9898244644590884,4.874333333333333,0.0,0.8743333333333333,2026186640,5,300,3000,5,0.5,0.1,0.05,ambiguous,0.8
majority_cp,0.998,0.8782771315361982,3.6803333333333335,0.0003333333333333333,0.0,2026186641,5,300,3000,5,0.5,0.1,0.05,ambiguous,0.8
random_rater_cp,0.9993333333333333,0.9005541957697988,3.848333333333333,0.0,0.0,2026186641,5,300,3000,5,0.5,0.1,0.05,ambiguous,0.8
naive_panel_cp,0.989,0.8235327763735398,3.307,0.006333333333333333,0.0,2026186641,5,300,3000,5,0.5,0.1,0.05,ambiguous,0.8
ptcp,1.0,0.9887514172182201,4.8646666666666665,0.0,0.8646666666666667,2026186641,5,300,3000,5,0.5,0.1,0.05,ambiguous,0.8
ptcp_randomized,1.0,0.9887514172182201,4.8646666666666665,0.0,0.8646666666666667,2026186641,5,300,3000,5,0.5,0.1,0.05,ambiguous,0.8
majority_cp,0.99,0.8285693273171258,3.3253333333333335,0.004,0.0,2026186642,5,300,3000,5,0.5,0.1,0.05,ambiguous,0.8
random_rater_cp,1.0,0.9088290112534476,3.9226666666666667,0.0,0.0,2026186642,5,300,3000,5,0.5,0.1,0.05,ambiguous,0.8
naive_panel_cp,0.975,0.7859497490242847,3.062333333333333,0.012666666666666666,0.0,2026186642,5,300,3000,5,0.5,0.1,0.05,ambiguous,0.8
ptcp,1.0,0.9906319545688511,4.8773333333333335,0.0,0.8773333333333333,2026186642,5,300,3000,5,0.5,0.1,0.05,ambiguous,0.8
ptcp_randomized,1.0,0.9906319545688511,4.8773333333333335,0.0,0.8773333333333333,2026186642,5,300,3000,5,0.5,0.1,0.05,ambiguous,0.8
majority_cp,0.998,0.8732424128761959,3.6533333333333333,0.0006666666666666666,0.0,2026186643,5,300,3000,5,0.5,0.1,0.05,ambiguous,0.8
random_rater_cp,0.9983333333333333,0.8895057355658832,3.7776666666666667,0.0003333333333333333,0.0,2026186643,5,300,3000,5,0.5,0.1,0.05,ambiguous,0.8
naive_panel_cp,0.9753333333333334,0.7910245125070122,3.110333333333333,0.010333333333333333,0.0,2026186643,5,300,3000,5,0.5,0.1,0.05,ambiguous,0.8
ptcp,0.9996666666666667,0.9897355552432449,4.873333333333333,0.0,0.8733333333333333,2026186643,5,300,3000,5,0.5,0.1,0.05,ambiguous,0.8
ptcp_randomized,0.9996666666666667,0.9897355552432449,4.873333333333333,0.0,0.8733333333333333,2026186643,5,300,3000,5,0.5,0.1,0.05,ambiguous,0.8
majority_cp,0.9993333333333333,0.9011406977247167,3.88,0.0,0.0,2026186644,5,300,3000,5,0.5,0.1,0.05,ambiguous,0.8
random_rater_cp,0.9993333333333333,0.8876452202651902,3.767,0.0,0.0,2026186644,5,300,3000,5,0.5,0.1,0.05,ambiguous,0.8
naive_panel_cp,0.9783333333333334,0.7936865867460965,3.1403333333333334,0.009333333333333334,0.0,2026186644,5,300,3000,5,0.5,0.1,0.05,ambiguous,0.8
ptcp,1.0,1.0,5.0,0.0,1.0,2026186644,5,300,3000,5,0.5,0.1,0.05,ambiguous,0.8
ptcp_randomized,1.0,1.0,5.0,0.0,1.0,2026186644,5,300,3000,5,0.5,0.1,0.05,ambiguous,0.8
majority_cp,0.9966666666666667,0.862388584562254,3.583,0.0016666666666666668,0.0,2026186645,5,300,3000,5,0.5,0.1,0.05,ambiguous,0.8
random_rater_cp,0.9993333333333333,0.8992292689582976,3.861666666666667,0.0,0.0,2026186645,5,300,3000,5,0.5,0.1,0.05,ambiguous,0.8
naive_panel_cp,0.978,0.7933310156360736,3.1293333333333333,0.009,0.0,2026186645,5,300,3000,5,0.5,0.1,0.05,ambiguous,0.8
ptcp,1.0,0.9894689819958994,4.868333333333333,0.0,0.8683333333333333,2026186645,5,300,3000,5,0.5,0.1,0.05,ambiguous,0.8
ptcp_randomized,1.0,0.9894689819958994,4.868333333333333,0.0,0.8683333333333333,2026186645,5,300,3000,5,0.5,0.1,0.05,ambiguous,0.8
majority_cp,0.993,0.842145908179865,3.443,0.003,0.0,2026186646,5,300,3000,5,0.5,0.1,0.05,ambiguous,0.8
random_rater_cp,1.0,0.9136562845291744,3.9713333333333334,0.0,0.0,2026186646,5,300,3000,5,0.5,0.1,0.05,ambiguous,0.8
naive_panel_cp,0.9863333333333333,0.811602308769557,3.240666666666667,0.007,0.0,2026186646,5,300,3000,5,0.5,0.1,0.05,ambiguous,0.8
ptcp,1.0,0.9899409801028993,4.874666666666666,0.0,0.8746666666666667,2026186646,5,300,3000,5,0.5,0.1,0.05,ambiguous,0.8
ptcp_randomized,1.0,0.9899409801028993,4.874666666666666,0.0,0.8746666666666667,2026186646,5,300,3000,5,0.5,0.1,0.05,ambiguous,0.8
majority_cp,0.999,0.8691634369693082,3.624,0.0006666666666666666,0.0,2026186647,5,300,3000,5,0.5,0.1,0.05,ambiguous,0.8
random_rater_cp,0.9993333333333333,0.8774051341513468,3.6856666666666666,0.0006666666666666666,0.0,2026186647,5,300,3000,5,0.5,0.1,0.05,ambiguous,0.8
naive_panel_cp,0.976,0.7949589376791003,3.133,0.014333333333333333,0.0,2026186647,5,300,3000,5,0.5,0.1,0.05,ambiguous,0.8
ptcp,1.0,0.9893309443441441,4.873333333333333,0.0,0.8733333333333333,2026186647,5,300,3000,5,0.5,0.1,0.05,ambiguous,0.8
ptcp_randomized,1.0,0.9893309443441441,4.873333333333333,0.0,0.8733333333333333,2026186647,5,300,3000,5,0.5,0.1,0.05,ambiguous,0.8
majority_cp,0.999,0.8744158125915783,3.6553333333333335,0.0,0.0,2026186648,5,300,3000,5,0.5,0.1,0.05,ambiguous,0.8
random_rater_cp,0.9996666666666667,0.9176058025186764,3.9966666666666666,0.0,0.0,2026186648,5,300,3000,5,0.5,0.1,0.05,ambiguous,0.8
naive_panel_cp,0.9796666666666667,0.7958489308980478,3.1336666666666666,0.009333333333333334,0.0,2026186648,5,300,3000,5,0.5,0.1,0.05,ambiguous,0.8
ptcp,1.0,1.0,5.0,0.0,1.0,2026186648,5,300,3000,5,0.5,0.1,0.05,ambiguous,0.8
ptcp_randomized,1.0,1.0,5.0,0.0,1.0,2026186648,5,300,3000,5,0.5,0.1,0.05,ambiguous,0.8
majority_cp,0.9913333333333333,0.8345183283161061,3.3943333333333334,0.003,0.0,2026186649,5,300,3000,5,0.5,0.1,0.05,ambiguous,0.8
random_rater_cp,0.999,0.8911697859847342,3.796333333333333,0.0,0.0,2026186649,5,300,3000,5,0.5,0.1,0.05,ambiguous,0.8
naive_panel_cp,0.972,0.7862489360440496,3.099,0.014,0.0,2026186649,5,300,3000,5,0.5,0.1,0.05,ambiguous,0.8
ptcp,1.0,0.9999591448472808,4.999666666666666,0.0,0.9996666666666667,2026186649,5,300,3000,5,0.5,0.1,0.05,ambiguous,0.8
ptcp_randomized,1.0,0.9999591448472808,4.999666666666666,0.0,0.9996666666666667,2026186649,5,300,3000,5,0.5,0.1,0.05,ambiguous,0.8
majority_cp,0.9986666666666667,0.8651133748204595,3.5763333333333334,0.0006666666666666666,0.0,2026186650,5,300,3000,5,0.5,0.1,0.05,ambiguous,0.8
random_rater_cp,0.9993333333333333,0.8880046329847788,3.7543333333333333,0.0,0.0,2026186650,5,300,3000,5,0.5,0.1,0.05,ambiguous,0.8
naive_panel_cp,0.9926666666666667,0.8331199876762407,3.3596666666666666,0.004666666666666667,0.0,2026186650,5,300,3000,5,0.5,0.1,0.05,ambiguous,0.8
ptcp,1.0,0.9902204347099096,4.869666666666666,0.0,0.8696666666666667,2026186650,5,300,3000,5,0.5,0.1,0.05,ambiguous,0.8
ptcp_randomized,1.0,0.9902204347099096,4.869666666666666,0.0,0.8696666666666667,2026186650,5,300,3000,5,0.5,0.1,0.05,ambiguous,0.8
majority_cp,0.9963333333333333,0.8775506291949569,3.7016666666666667,0.0,0.0,2026186651,5,300,3000,5,0.5,0.1,0.05,ambiguous,0.8
random_rater_cp,0.999,0.9058816036477852,3.9153333333333333,0.0,0.0,2026186651,5,300,3000,5,0.5,0.1,0.05,ambiguous,0.8
naive_panel_cp,0.9696666666666667,0.7878465103321404,3.105,0.010666666666666666,0.0,2026186651,5,300,3000,5,0.5,0.1,0.05,ambiguous,0.8
ptcp,1.0,0.9999887075478541,4.999666666666666,0.0,0.9996666666666667,2026186651,5,300,3000,5,0.5,0.1,0.05,ambiguous,0.8
ptcp_randomized,1.0,0.9999887075478541,4.999666666666666,0.0,0.9996666666666667,2026186651,5,300,3000,5,0.5,0.1,0.05,ambiguous,0.8
majority_cp,0.994,0.853553990526699,3.535,0.0026666666666666666,0.0,2026186652,5,300,3000,5,0.5,0.1,0.05,ambiguous,0.8
random_rater_cp,0.999,0.9002998312574161,3.87,0.0003333333333333333,0.0,2026186652,5,300,3000,5,0.5,0.1,0.05,ambiguous,0.8
naive_panel_cp,0.9743333333333334,0.7889034439779367,3.1286666666666667,0.010333333333333333,0.0,2026186652,5,300,3000,5,0.5,0.1,0.05,ambiguous,0.8
ptcp,1.0,0.9890849833996196,4.865333333333333,0.0,0.8653333333333333,2026186652,5,300,3000,5,0.5,0.1,0.05,ambiguous,0.8
ptcp_randomized,1.0,0.9890849833996196,4.865333333333333,0.0,0.8653333333333333,2026186652,5,300,3000,5,0.5,0.1,0.05,ambiguous,0.8
majority_cp,0.9886666666666667,0.8213758225206614,3.296666666666667,0.005333333333333333,0.0,2026186653,5,300,3000,5,0.5,0.1,0.05,ambiguous,0.8
random_rater_cp,0.9996666666666667,0.9079804357871724,3.9183333333333334,0.0,0.0,2026186653,5,300,3000,5,0.5,0.1,0.05,ambiguous,0.8
naive_panel_cp,0.9713333333333334,0.7823661359025176,3.0516666666666667,0.013666666666666667,0.0,2026186653,5,300,3000,5,0.5,0.1,0.05,ambiguous,0.8
ptcp,1.0,1.0,5.0,0.0,1.0,2026186653,5,300,3000,5,0.5,0.1,0.05,ambiguous,0.8
ptcp_randomized,1.0,1.0,5.0,0.0,1.0,2026186653,5,300,3000,5,0.5,0.1,0.05,ambiguous,0.8
majority_cp,0.996,0.8560875577342313,3.5453333333333332,0.0006666666666666666,0.0,2026186654,5,300,3000,5,0.5,0.1,0.05,ambiguous,0.8
random_rater_cp,0.9993333333333333,0.8953532771925777,3.83,0.0,0.0,2026186654,5,300,3000,5,0.5,0.1,0.05,ambiguous,0.8
naive_panel_cp,0.9553333333333334,0.7566902854924668,2.945333333333333,0.019666666666666666,0.0,2026186654,5,300,3000,5,0.5,0.1,0.05,ambiguous,0.8
ptcp,1.0,0.9899337385589528,4.873666666666667,0.0,0.8736666666666667,2026186654,5,300,3000,5,0.5,0.1,0.05,ambiguous,0.8
ptcp_randomized,1.0,0.9899337385589528,4.873666666666667,0.0,0.8736666666666667,2026186654,5,300,3000,5,0.5,0.1,0.05,ambiguous,0.8
majority_cp,0.9946666666666667,0.8347978757550736,3.3956666666666666,0.0036666666666666666,0.0,2026186655,5,300,3000,5,0.5,0.1,0.05,ambiguous,0.8
random_rater_cp,0.9996666666666667,0.9018950803542711,3.885666666666667,0.0,0.0,2026186655,5,300,3000,5,0.5,0.1,0.05,ambiguous,0.8
naive_panel_cp,0.959,0.7543292705443768,2.91,0.023,0.0,2026186655,5,300,3000,5,0.5,0.1,0.05,ambiguous,0.8
ptcp,1.0,0.9888206725614864,4.869,0.0,0.869,2026186655,5,300,3000,5,0.5,0.1,0.05,ambiguous,0.8
ptcp_randomized,1.0,0.9888206725614864,4.869,0.0,0.869,2026186655,5,300,3000,5,0.5,0.1,0.05,ambiguous,0.8
majority_cp,0.9993333333333333,0.8856952292211331,3.7266666666666666,0.0,0.0,2026186656,5,300,3000,5,0.5,0.1,0.05,ambiguous,0.8
random_rater_cp,1.0,0.9153897213144495,3.9686666666666666,0.0,0.0,2026186656,5,300,3000,5,0.5,0.1,0.05,ambiguous,0.8
naive_panel_cp,0.9793333333333333,0.7899415532209174,3.086,0.010666666666666666,0.0,2026186656,5,300,3000,5,0.5,0.1,0.05,ambiguous,0.8
ptcp,1.0,0.9902842327966801,4.874,0.0,0.874,2026186656,5,300,3000,5,0.5,0.1,0.05,ambiguous,0.8
ptcp_randomized,1.0,0.9902842327966801,4.874,0.0,0.874,2026186656,5,300,3000,5,0.5,0.1,0.05,ambiguous,0.8
majority_cp,0.9986666666666667,0.8710798544808035,3.6273333333333335,0.0003333333333333333,0.0,2026186657,5,300,3000,5,0.5,0.1,0.05,ambiguous,0.8
random_rater_cp,0.999,0.8870117200612219,3.755,0.0,0.0,2026186657,5,300,3000,5,0.5,0.1,0.05,ambiguous,0.8
naive_panel_cp,0.9853333333333333,0.8015894902225997,3.17,0.005666666666666667,0.0,2026186657,5,300,3000,5,0.5,0.1,0.05,ambiguous,0.8
ptcp,1.0,0.9905604089586357,4.881,0.0,0.881,2026186657,5,300,3000,5,0.5,0.1,0.05,ambiguous,0.8
ptcp_randomized,1.0,0.9905604089586357,4.881,0.0,0.881,2026186657,5,300,3000,5,0.5,0.1,0.05,ambiguous,0.8
majority_cp,0.9943333333333333,0.8499079224750067,3.513333333333333,0.0023333333333333335,0.0,2026186658,5,300,3000,5,0.5,0.1,0.05,ambiguous,0.8
random_rater_cp,0.999,0.8996505523564171,3.885666666666667,0.0,0.0,2026186658,5,300,3000,5,0.5,0.1,0.05,ambiguous,0.8
naive_panel_cp,0.9706666666666667,0.778721270499852,3.053,0.011,0.0,2026186658,5,300,3000,5,0.5,0.1,0.05,ambiguous,0.8
ptcp,1.0,0.9882434562253783,4.862,0.0,0.862,2026186658,5,300,3000,5,0.5,0.1,0.05,ambiguous,0.8
ptcp_randomized,1.0,0.9882434562253783,4.862,0.0,0.862,2026186658,5,300,3000,5,0.5,0.1,0.05,ambiguous,0.8
majority_cp,0.9973333333333333,0.8685029783386872,3.6353333333333335,0.001,0.0,2026186659,5,300,3000,5,0.5,0.1,0.05,ambiguous,0.8
random_rater_cp,0.9996666666666667,0.9059092330241736,3.913666666666667,0.0,0.0,2026186659,5,300,3000,5,0.5,0.1,0.05,ambiguous,0.8
naive_panel_cp,0.9683333333333334,0.7747979891460124,3.0276666666666667,0.013333333333333334,0.0,2026186659,5,300,3000,5,0.5,0.1,0.05,ambiguous,0.8
ptcp,1.0,0.988828660750976,4.868333333333333,0.0,0.8683333333333333,2026186659,5,300,3000,5,0.5,0.1,0.05,ambiguous,0.8
ptcp_randomized,1.0,0.988828660750976,4.868333333333333,0.0,0.8683333333333333,2026186659,5,300,3000,5,0.5,0.1,0.05,ambiguous,0.8
majority_cp,0.9986666666666667,0.8612812246651721,3.574666666666667,0.0013333333333333333,0.0,2026186660,5,300,3000,5,0.5,0.1,0.05,ambiguous,0.8
random_rater_cp,1.0,0.9189866525028308,4.048333333333333,0.0,0.04833333333333333,2026186660,5,300,3000,5,0.5,0.1,0.05,ambiguous,0.8
naive_panel_cp,0.9643333333333334,0.7713944049908357,2.994,0.020666666666666667,0.0,2026186660,5,300,3000,5,0.5,0.1,0.05,ambiguous,0.8
ptcp,1.0,0.9893576783565936,4.873,0.0,0.873,2026186660,5,300,3000,5,0.5,0.1,0.05,ambiguous,0.8
ptcp_randomized,1.0,0.9893576783565936,4.873,0.0,0.873,2026186660,5,300,3000,5,0.5,0.1,0.05,ambiguous,0.8
majority_cp,0.996,0.8676518969476782,3.6106666666666665,0.0006666666666666666,0.0,2026186661,5,300,3000,5,0.5,0.1,0.05,ambiguous,0.8
random_rater_cp,0.9983333333333333,0.9005479945283753,3.859,0.0003333333333333333,0.0,2026186661,5,300,3000,5,0.5,0.1,0.05,ambiguous,0.8
naive_panel_cp,0.9823333333333333,0.8022765906455158,3.177,0.006,0.0,2026186661,5,300,3000,5,0.5,0.1,0.05,ambiguous,0.8
ptcp,1.0,0.9999653575927065,4.999333333333333,0.0,0.9993333333333333,2026186661,5,300,3000,5,0.5,0.1,0.05,ambiguous,0.8
ptcp_randomized,1.0,0.9999653575927065,4.999333333333333,0.0,0.9993333333333333,2026186661,5,300,3000,5,0.5,0.1,0.05,ambiguous,0.8
majority_cp,0.9926666666666667,0.8339556025913246,3.3886666666666665,0.002,0.0,2026186662,5,300,3000,5,0.5,0.1,0.05,ambiguous,0.8
random_rater_cp,0.999,0.8955915895891964,3.832666666666667,0.0,0.0,2026186662,5,300,3000,5,0.5,0.1,0.05,ambiguous,0.8
naive_panel_cp,0.976,0.7899288375441608,3.1163333333333334,0.009666666666666667,0.0,2026186662,5,300,3000,5,0.5,0.1,0.05,ambiguous,0.8
ptcp,1.0,1.0,5.0,0.0,1.0,2026186662,5,300,3000,5,0.5,0.1,0.05,ambiguous,0.8
ptcp_randomized,1.0,0.9882831354735347,4.869666666666666,0.0,0.8696666666666667,2026186662,5,300,3000,5,0.5,0.1,0.05,ambiguous,0.8
majority_cp,0.998,0.8778170609644683,3.692,0.0003333333333333333,0.0,2026186663,5,300,3000,5,0.5,0.1,0.05,ambiguous,0.8
random_rater_cp,0.9973333333333333,0.8740351049615832,3.6626666666666665,0.0006666666666666666,0.0,2026186663,5,300,3000,5,0.5,0.1,0.05,ambiguous,0.8
naive_panel_cp,0.9783333333333334,0.8016041595617696,3.1863333333333332,0.008666666666666666,0.0,2026186663,5,300,3000,5,0.5,0.1,0.05,ambiguous,0.8
ptcp,1.0,1.0,5.0,0.0,1.0,2026186663,5,300,3000,5,0.5,0.1,0.05,ambiguous,0.8
ptcp_randomized,0.9996666666666667,0.9891027824806676,4.870333333333333,0.0,0.8703333333333333,2026186663,5,300,3000,5,0.5,0.1,0.05,ambiguous,0.8
majority_cp,0.9823333333333333,0.7998023585063714,3.151,0.014,0.0,2026186664,5,300,3000,5,0.5,0.1,0.05,ambiguous,0.8
random_rater_cp,0.996,0.8664874607224298,3.5913333333333335,0.002,0.0,2026186664,5,300,3000,5,0.5,0.1,0.05,ambiguous,0.8
naive_panel_cp,0.9686666666666667,0.769895551655879,2.976,0.022333333333333334,0.0,2026186664,5,300,3000,5,0.5,0.1,0.05,ambiguous,0.8
ptcp,1.0,0.9896509900810949,4.865333333333333,0.0,0.8653333333333333,2026186664,5,300,3000,5,0.5,0.1,0.05,ambiguous,0.8
ptcp_randomized,1.0,0.9896509900810949,4.865333333333333,0.0,0.8653333333333333,2026186664,5,300,3000,5,0.5,0.1,0.05,ambiguous,0.8
majority_cp,0.9996666666666667,0.8805197431714896,3.7093333333333334,0.0,0.0,2026186665,5,300,3000,5,0.5,0.1,0.05,ambiguous,0.8
random_rater_cp,1.0,0.9206351661925712,4.056666666666667,0.0,0.056666666666666664,2026186665,5,300,3000,5,0.5,0.1,0.05,ambiguous,0.8
naive_panel_cp,0.987,0.8156467346150392,3.274,0.006,0.0,2026186665,5,300,3000,5,0.5,0.1,0.05,ambiguous,0.8
ptcp,1.0,0.9894115755084002,4.875666666666667,0.0,0.8756666666666667,2026186665,5,300,3000,5,0.5,0.1,0.05,ambiguous,0.8
ptcp_randomized,1.0,0.9894115755084002,4.875666666666667,0.0,0.8756666666666667,2026186665,5,300,3000,5,0.5,0.1,0.05,ambiguous,0.8
majority_cp,0.996,0.8508598238144769,3.5036666666666667,0.0016666666666666668,0.0,2026186666,5,300,3000,5,0.5,0.1,0.05,ambiguous,0.8
random_rater_cp,0.9996666666666667,0.913476966614892,3.9833333333333334,0.0,0.0,2026186666,5,300,3000,5,0.5,0.1,0.05,ambiguous,0.8
naive_panel_cp,0.988,0.8183268558572154,3.2903333333333333,0.004666666666666667,0.0,2026186666,5,300,3000,5,0.5,0.1,0.05,ambiguous,0.8
ptcp,1.0,0.9998948221025202,4.998333333333333,0.0,0.9983333333333333,2026186666,5,300,3000,5,0.5,0.1,0.05,ambiguous,0.8
ptcp_randomized,1.0,0.9998948221025202,4.998333333333333,0.0,0.9983333333333333,2026186666,5,300,3000,5,0.5,0.1,0.05,ambiguous,0.8
majority_cp,0.996,0.8586228503482201,3.529333333333333,0.0013333333333333333,0.0,2026186667,5,300,3000,5,0.5,0.1,0.05,ambiguous,0.8
random_rater_cp,0.9993333333333333,0.9030222477919855,3.8726666666666665,0.0,0.0,2026186667,5,300,3000,5,0.5,0.1,0.05,ambiguous,0.8
naive_panel_cp,0.9646666666666667,0.7726496276837158,2.975,0.014666666666666666,0.0,2026186667,5,300,3000,5,0.5,0.1,0.05,ambiguous,0.8
ptcp,1.0,0.9999538414129725,4.999666666666666,0.0,0.9996666666666667,2026186667,5,300,3000,5,0.5,0.1,0.05,ambiguous,0.8
ptcp_randomized,1.0,0.9894367772906602,4.868333333333333,0.0,0.8683333333333333,2026186667,5,300,3000,5,0.5,0.1,0.05,ambiguous,0.8
majority_cp,0.999,0.8744905236899361,3.6613333333333333,0.0,0.0,2026186668,5,300,3000,5,0.5,0.1,0.05,ambiguous,0.8
random_rater_cp,0.9996666666666667,0.9051948321460174,3.906,0.0,0.0,2026186668,5,300,3000,5,0.5,0.1,0.05,ambiguous,0.8
naive_panel_cp,0.9883333333333333,0.8147429088606174,3.2583333333333333,0.005333333333333333,0.0,2026186668,5,300,3000,5,0.5,0.1,0.05,ambiguous,0.8
ptcp,1.0,0.989836538690618,4.8693333333333335,0.0,0.8693333333333333,2026186668,5,300,3000,5,0.5,0.1,0.05,ambiguous,0.8
ptcp_randomized,1.0,0.989836538690618,4.8693333333333335,0.0,0.8693333333333333,2026186668,5,300,3000,5,0.5,0.1,0.05,ambiguous,0.8
majority_cp,0.9963333333333333,0.8566256279021951,3.533333333333333,0.0026666666666666666,0.0,2026186669,5,300,3000,5,0.5,0.1,0.05,ambiguous,0.8
random_rater_cp,0.9996666666666667,0.9027475811233432,3.872,0.0,0.0,2026186669,5,300,3000,5,0.5,0.1,0.05,ambiguous,0.8
naive_panel_cp,0.9813333333333333,0.8048208464308474,3.1863333333333332,0.011333333333333334,0.0,2026186669,5,300,3000,5,0.5,0.1,0.05,ambiguous,0.8
ptcp,1.0,0.9911234377743725,4.881666666666667,0.0,0.8816666666666667,2026186669,5,300,3000,5,0.5,0.1,0.05,ambiguous,0.8
ptcp_randomized,1.0,0.9911234377743725,4.881666666666667,0.0,0.8816666666666667,2026186669,5,300,3000,5,0.5,0.1,0.05,ambiguous,0.8
majority_cp,0.997,0.8571028131118639,3.537333333333333,0.001,0.0,2026186670,5,300,3000,5,0.5,0.1,0.05,ambiguous,0.8
random_rater_cp,0.9996666666666667,0.9051938615415884,3.8956666666666666,0.0,0.0,2026186670,5,300,3000,5,0.5,0.1,0.05,ambiguous,0.8
naive_panel_cp,0.9763333333333334,0.7904451468330554,3.1083333333333334,0.011666666666666667,0.0,2026186670,5,300,3000,5,0.5,0.1,0.05,ambiguous,0.8
ptcp,1.0,0.989809485056627,4.865666666666667,0.0,0.8656666666666667,2026186670,5,300,3000,5,0.5,0.1,0.05,ambiguous,0.8
ptcp_randomized,1.0,0.989809485056627,4.865666666666667,0.0,0.8656666666666667,2026186670,5,300,3000,5,0.5,0.1,0.05,ambiguous,0.8
majority_cp,0.999,0.8778854758370952,3.6746666666666665,0.0003333333333333333,0.0,2026186671,5,300,3000,5,0.5,0.1,0.05,ambiguous,0.8
random_rater_cp,1.0,0.902443355263428,3.8633333333333333,0.0,0.0,2026186671,5,300,3000,5,0.5,0.1,0.05,ambiguous,0.8
naive_panel_cp,0.99,0.8204795051910105,3.2773333333333334,0.005333333333333333,0.0,2026186671,5,300,3000,5,0.5,0.1,0.05,ambiguous,0.8
ptcp,1.0,0.9903239505613374,4.879333333333333,0.0,0.8793333333333333,2026186671,5,300,3000,5,0.5,0.1,0.05,ambiguous,0.8
ptcp_randomized,1.0,0.9903239505613374,4.879333333333333,0.0,0.8793333333333333,2026186671,5,300,3000,5,0.5,0.1,0.05,ambiguous,0.8
majority_cp,0.9926666666666667,0.8341433801484051,3.3693333333333335,0.004,0.0,2026186672,5,300,3000,5,0.5,0.1,0.05,ambiguous,0.8
random_rater_cp,0.9973333333333333,0.8742743786715852,3.6506666666666665,0.0003333333333333333,0.0,2026186672,5,300,3000,5,0.5,0.1,0.05,ambiguous,0.8
naive_panel_cp,0.9703333333333334,0.7750612468496368,3.004,0.012,0.0,2026186672,5,300,3000,5,0.5,0.1,0.05,ambiguous,0.8
ptcp,1.0,0.9896949784545147,4.875333333333334,0.0,0.8753333333333333,2026186672,5,300,3000,5,0.5,0.1,0.05,ambiguous,0.8
ptcp_randomized,1.0,0.9896949784545147,4.875333333333334,0.0,0.8753333333333333,2026186672,5,300,3000,5,0.5,0.1,0.05,ambiguous,0.8
majority_cp,0.9923333333333333,0.84135447383823,3.417666666666667,0.004,0.0,2026186673,5,300,3000,5,0.5,0.1,0.05,ambiguous,0.8
random_rater_cp,0.997,0.8786027091532772,3.6943333333333332,0.0003333333333333333,0.0,2026186673,5,300,3000,5,0.5,0.1,0.05,ambiguous,0.8
naive_panel_cp,0.984,0.8132055594480668,3.232,0.009,0.0,2026186673,5,300,3000,5,0.5,0.1,0.05,ambiguous,0.8
ptcp,1.0,1.0,5.0,0.0,1.0,2026186673,5,300,3000,5,0.5,0.1,0.05,ambiguous,0.8
ptcp_randomized,1.0,0.9891375805864594,4.866,0.0,0.866,2026186673,5,300,3000,5,0.5,0.1,0.05,ambiguous,0.8
majority_cp,0.997,0.8654896180340135,3.615666666666667,0.0,0.0,2026186674,5,300,3000,5,0.5,0.1,0.05,ambiguous,0.8
random_rater_cp,0.9993333333333333,0.9007260587095604,3.877,0.0,0.0,2026186674,5,300,3000,5,0.5,0.1,0.05,ambiguous,0.8
naive_panel_cp,0.986,0.807815155440253,3.2243333333333335,0.004333333333333333,0.0,2026186674,5,300,3000,5,0.5,0.1,0.05,ambiguous,0.8
ptcp,0.9996666666666667,0.990269908660857,4.876333333333333,0.0,0.8763333333333333,2026186674,5,300,3000,5,0.5,0.1,0.05,ambiguous,0.8
ptcp_randomized,0.9996666666666667,0.990269908660857,4.876333333333333,0.0,0.8763333333333333,2026186674,5,300,3000,5,0.5,0.1,0.05,ambiguous,0.8
majority_cp,0.9976666666666667,0.8723798851120205,3.668,0.0003333333333333333,0.0,2026186675,5,300,3000,5,0.5,0.1,0.05,ambiguous,0.8
random_rater_cp,0.9993333333333333,0.9117141927781419,3.969333333333333,0.0,0.0,2026186675,5,300,3000,5,0.5,0.1,0.05,ambiguous,0.8
naive_panel_cp,0.983,0.8062044984746566,3.214,0.009,0.0,2026186675,5,300,3000,5,0.5,0.1,0.05,ambiguous,0.8
ptcp,1.0,0.9890967463638637,4.869,0.0,0.869,2026186675,5,300,3000,5,0.5,0.1,0.05,ambiguous,0.8
ptcp_randomized,1.0,0.9890967463638637,4.869,0.0,0.869,2026186675,5,300,3000,5,0.5,0.1,0.05,ambiguous,0.8
majority_cp,1.0,0.9134347170423046,3.9683333333333333,0.0,0.0,2026186676,5,300,3000,5,0.5,0.1,0.05,ambiguous,0.8
random_rater_cp,1.0,0.8863790599649404,3.747333333333333,0.0003333333333333333,0.0,2026186676,5,300,3000,5,0.5,0.1,0.05,ambiguous,0.8
naive_panel_cp,0.9936666666666667,0.832040959522732,3.349666666666667,0.0023333333333333335,0.0,2026186676,5,300,3000,5,0.5,0.1,0.05,ambiguous,0.8
ptcp,1.0,0.9893695057302746,4.871333333333333,0.0,0.8713333333333333,2026186676,5,300,3000,5,0.5,0.1,0.05,ambiguous,0.8
ptcp_randomized,1.0,0.9893695057302746,4.871333333333333,0.0,0.8713333333333333,2026186676,5,300,3000,5,0.5,0.1,0.05,ambiguous,0.8
majority_cp,0.995,0.8564736245087373,3.5493333333333332,0.0006666666666666666,0.0,2026186677,5,300,3000,5,0.5,0.1,0.05,ambiguous,0.8
random_rater_cp,0.9983333333333333,0.9093495982806301,3.953,0.0,0.0,2026186677,5,300,3000,5,0.5,0.1,0.05,ambiguous,0.8
naive_panel_cp,0.9763333333333334,0.7799585796997438,3.0526666666666666,0.014,0.0,2026186677,5,300,3000,5,0.5,0.1,0.05,ambiguous,0.8
ptcp,0.9996666666666667,0.9891810013172113,4.864333333333334,0.0,0.8643333333333333,2026186677,5,300,3000,5,0.5,0.1,0.05,ambiguous,0.8
ptcp_randomized,0.9996666666666667,0.9891810013172113,4.864333333333334,0.0,0.8643333333333333,2026186677,5,300,3000,5,0.5,0.1,0.05,ambiguous,0.8
majority_cp,0.9976666666666667,0.8789809122938613,3.6803333333333335,0.0,0.0,2026186678,5,300,3000,5,0.5,0.1,0.05,ambiguous,0.8
random_rater_cp,0.9983333333333333,0.8981906679173371,3.8343333333333334,0.0,0.0,2026186678,5,300,3000,5,0.5,0.1,0.05,ambiguous,0.8
naive_panel_cp,0.9813333333333333,0.8025083697311175,3.168,0.007666666666666666,0.0,2026186678,5,300,3000,5,0.5,0.1,0.05,ambiguous,0.8
ptcp,1.0,1.0,5.0,0.0,1.0,2026186678,5,300,3000,5,0.5,0.1,0.05,ambiguous,0.8
ptcp_randomized,1.0,1.0,5.0,0.0,1.0,2026186678,5,300,3000,5,0.5,0.1,0.05,ambiguous,0.8
majority_cp,0.9953333333333333,0.849582925074235,3.4673333333333334,0.0036666666666666666,0.0,2026186679,5,300,3000,5,0.5,0.1,0.05,ambiguous,0.8
random_rater_cp,0.999,0.8921859967980476,3.779333333333333,0.0003333333333333333,0.0,2026186679,5,300,3000,5,0.5,0.1,0.05,ambiguous,0.8
naive_panel_cp,0.9696666666666667,0.7800543553806847,3.033333333333333,0.017333333333333333,0.0,2026186679,5,300,3000,5,0.5,0.1,0.05,ambiguous,0.8
ptcp,1.0,0.9884994124960732,4.863,0.0,0.863,2026186679,5,300,3000,5,0.5,0.1,0.05,ambiguous,0.8
ptcp_randomized,1.0,0.9884994124960732,4.863,0.0,0.863,2026186679,5,300,3000,5,0.5,0.1,0.05,ambiguous,0.8
majority_cp,0.9993333333333333,0.893684467197944,3.8033333333333332,0.0,0.0,2026186680,5,300,3000,5,0.5,0.1,0.05,ambiguous,0.8
random_rater_cp,1.0,0.9160998396107471,3.993333333333333,0.0,0.0,2026186680,5,300,3000,5,0.5,0.1,0.05,ambiguous,0.8
naive_panel_cp,0.9806666666666667,0.7988059845337053,3.151,0.01,0.0,2026186680,5,300,3000,5,0.5,0.1,0.05,ambiguous,0.8
ptcp,1.0,0.990753529204007,4.882666666666666,0.0,0.8826666666666667,2026186680,5,300,3000,5,0.5,0.1,0.05,ambiguous,0.8
ptcp_randomized,1.0,0.990753529204007,4.882666666666666,0.0,0.8826666666666667,2026186680,5,300,3000,5,0.5,0.1,0.05,ambiguous,0.8
majority_cp,0.992,0.839182888274183,3.4206666666666665,0.0026666666666666666,0.0,2026186681,5,300,3000,5,0.5,0.1,0.05,ambiguous,0.8
random_rater_cp,0.9996666666666667,0.9107146440297698,3.9646666666666666,0.0,0.0,2026186681,5,300,3000,5,0.5,0.1,0.05,ambiguous,0.8
naive_panel_cp,0.973,0.7804496687468943,3.066,0.012333333333333333,0.0,2026186681,5,300,3000,5,0.5,0.1,0.05,ambiguous,0.8
ptcp,1.0,0.9999842743340511,4.999666666666666,0.0,0.9996666666666667,2026186681,5,300,3000,5,0.5,0.1,0.05,ambiguous,0.8
ptcp_randomized,1.0,0.990517206512675,4.882333333333333,0.0,0.8823333333333333,2026186681,5,300,3000,5,0.5,0.1,0.05,ambiguous,0.8
majority_cp,0.9926666666666667,0.8435937800721247,3.478,0.0016666666666666668,0.0,2026186682,5,300,3000,5,0.5,0.1,0.05,ambiguous,0.8
random_rater_cp,0.9986666666666667,0.9020527018521852,3.917333333333333,0.0,0.0,2026186682,5,300,3000,5,0.5,0.1,0.05,ambiguous,0.8
naive_panel_cp,0.9763333333333334,0.7965297053560091,3.182,0.009,0.0,2026186682,5,300,3000,5,0.5,0.1,0.05,ambiguous,0.8
ptcp,1.0,0.9899923179274811,4.876,0.0,0.876,2026186682,5,300,3000,5,0.5,0.1,0.05,ambiguous,0.8
ptcp_randomized,1.0,0.9899923179274811,4.876,0.0,0.876,2026186682,5,300,3000,5,0.5,0.1,0.05,ambiguous,0.8
majority_cp,0.9986666666666667,0.8800555316674539,3.711,0.001,0.0,2026186683,5,300,3000,5,0.5,0.1,0.05,ambiguous,0.8
random_rater_cp,1.0,0.9041086189903383,3.8906666666666667,0.0,0.0,2026186683,5,300,3000,5,0.5,0.1,0.05,ambiguous,0.8
naive_panel_cp,0.9863333333333333,0.8181977961337289,3.28,0.008,0.0,2026186683,5,300,3000,5,0.5,0.1,0.05,ambiguous,0.8
ptcp,1.0,0.9999639282249325,4.999666666666666,0.0,0.9996666666666667,2026186683,5,300,3000,5,0.5,0.1,0.05,ambiguous,0.8
ptcp_randomized,1.0,0.9999639282249325,4.999666666666666,0.0,0.9996666666666667,2026186683,5,300,3000,5,0.5,0.1,0.05,ambiguous,0.8
majority_cp,0.9903333333333333,0.82965403567815,3.3463333333333334,0.007333333333333333,0.0,2026186684,5,300,3000,5,0.5,0.1,0.05,ambiguous,0.8
random_rater_cp,0.9993333333333333,0.8976590273107261,3.8343333333333334,0.0003333333333333333,0.0,2026186684,5,300,3000,5,0.5,0.1,0.05,ambiguous,0.8
naive_panel_cp,0.9813333333333333,0.7998429389927997,3.164,0.011666666666666667,0.0,2026186684,5,300,3000,5,0.5,0.1,0.05,ambiguous,0.8
ptcp,1.0,0.9892161116317637,4.873,0.0,0.873,2026186684,5,300,3000,5,0.5,0.1,0.05,ambiguous,0.8
ptcp_randomized,1.0,0.9892161116317637,4.873,0.0,0.873,2026186684,5,300,3000,5,0.5,0.1,0.05,ambiguous,0.8
majority_cp,0.998,0.8752765868918299,3.6696666666666666,0.0003333333333333333,0.0,2026186685,5,300,3000,5,0.5,0.1,0.05,ambiguous,0.8
random_rater_cp,0.9993333333333333,0.898477789733669,3.849666666666667,0.0,0.0,2026186685,5,300,3000,5,0.5,0.1,0.05,ambiguous,0.8
naive_panel_cp,0.987,0.8133989809330027,3.2536666666666667,0.005666666666666667,0.0,2026186685,5,300,3000,5,0.5,0.1,0.05,ambiguous,0.8
ptcp,1.0,0.9891807835800819,4.870333333333333,0.0,0.8703333333333333,2026186685,5,300,3000,5,0.5,0.1,0.05,ambiguous,0.8
ptcp_randomized,1.0,0.9891807835800819,4.870333333333333,0.0,0.8703333333333333,2026186685,5,300,3000,5,0.5,0.1,0.05,ambiguous,0.8
majority_cp,0.998,0.8684610620640558,3.6046666666666667,0.0016666666666666668,0.0,2026186686,5,300,3000,5,0.5,0.1,0.05,ambiguous,0.8
random_rater_cp,0.9993333333333333,0.9064809073113778,3.9076666666666666,0.0,0.0,2026186686,5,300,3000,5,0.5,0.1,0.05,ambiguous,0.8
naive_panel_cp,0.98,0.7994302170914422,3.162,0.010666666666666666,0.0,2026186686,5,300,3000,5,0.5,0.1,0.05,ambiguous,0.8
ptcp,1.0,0.9895424953313527,4.871333333333333,0.0,0.8713333333333333,2026186686,5,300,3000,5,0.5,0.1,0.05,ambiguous,0.8
ptcp_randomized,1.0,0.9895424953313527,4.871333333333333,0.0,0.8713333333333333,2026186686,5,300,3000,5,0.5,0.1,0.05,ambiguous,0.8
majority_cp,0.992,0.8347203847252377,3.3793333333333333,0.0036666666666666666,0.0,2026186687,5,300,3000,5,0.5,0.1,0.05,ambiguous,0.8
random_rater_cp,0.9983333333333333,0.8901981108619287,3.7803333333333335,0.0003333333333333333,0.0,2026186687,5,300,3000,5,0.5,0.1,0.05,ambiguous,0.8
naive_panel_cp,0.977,0.796417503625487,3.1386666666666665,0.011,0.0,2026186687,5,300,3000,5,0.5,0.1,0.05,ambiguous,0.8
ptcp,0.9996666666666667,0.9897275055516433,4.867666666666667,0.0,0.8676666666666667,2026186687,5,300,3000,5,0.5,0.1,0.05,ambiguous,0.8
ptcp_randomized,0.9996666666666667,0.9897275055516433,4.867666666666667,0.0,0.8676666666666667,2026186687,5,300,3000,5,0.5,0.1,0.05,ambiguous,0.8
majority_cp,0.996,0.8667612932672767,3.6106666666666665,0.0023333333333333335,0.0,2026186688,5,300,3000,5,0.5,0.1,0.05,ambiguous,0.8
random_rater_cp,0.9996666666666667,0.9082997135804403,3.937333333333333,0.0,0.0,2026186688,5,300,3000,5,0.5,0.1,0.05,ambiguous,0.8
naive_panel_cp,0.9776666666666667,0.8011564400179353,3.183666666666667,0.009,0.0,2026186688,5,300,3000,5,0.5,0.1,0.05,ambiguous,0.8
ptcp,0.9996666666666667,0.989980771769546,4.868333333333333,0.0,0.8683333333333333,2026186688,5,300,3000,5,0.5,0.1,0.05,ambiguous,0.8
ptcp_randomized,0.9996666666666667,0.989980771769546,4.868333333333333,0.0,0.8683333333333333,2026186688,5,300,3000,5,0.5,0.1,0.05,ambiguous,0.8
majority_cp,0.9993333333333333,0.8915172619860814,3.791333333333333,0.0003333333333333333,0.0,2026186689,5,300,3000,5,0.5,0.1,0.05,ambiguous,0.8
random_rater_cp,0.9993333333333333,0.8912638953900588,3.79,0.0003333333333333333,0.0,2026186689,5,300,3000,5,0.5,0.1,0.05,ambiguous,0.8
naive_panel_cp,0.9876666666666667,0.8132042514952393,3.244666666666667,0.006666666666666667,0.0,2026186689,5,300,3000,5,0.5,0.1,0.05,ambiguous,0.8
ptcp,1.0,0.989235668719485,4.869,0.0,0.869,2026186689,5,300,3000,5,0.5,0.1,0.05,ambiguous,0.8
ptcp_randomized,1.0,0.989235668719485,4.869,0.0,0.869,2026186689,5,300,3000,5,0.5,0.1,0.05,ambiguous,0.8
majority_cp,0.997,0.8576499096164975,3.5356666666666667,0.0006666666666666666,0.0,2026186690,5,300,3000,5,0.5,0.1,0.05,ambiguous,0.8
random_rater_cp,1.0,0.897578544819362,3.8383333333333334,0.0,0.0,2026186690,5,300,3000,5,0.5,0.1,0.05,ambiguous,0.8
naive_panel_cp,0.9773333333333334,0.7872769852724637,3.081,0.013,0.0,2026186690,5,300,3000,5,0.5,0.1,0.05,ambiguous,0.8
ptcp,1.0,0.9884132323347736,4.866,0.0,0.866,2026186690,5,300,3000,5,0.5,0.1,0.05,ambiguous,0.8
ptcp_randomized,1.0,0.9884132323347736,4.866,0.0,0.866,2026186690,5,300,3000,5,0.5,0.1,0.05,ambiguous,0.8
majority_cp,0.9886666666666667,0.8295442070437761,3.3543333333333334,0.006,0.0,2026186691,5,300,3000,5,0.5,0.1,0.05,ambiguous,0.8
random_rater_cp,1.0,0.9379152412384872,4.2636666666666665,0.0,0.26366666666666666,2026186691,5,300,3000,5,0.5,0.1,0.05,ambiguous,0.8
naive_panel_cp,0.966,0.777902620692225,3.0356666666666667,0.019,0.0,2026186691,5,300,3000,5,0.5,0.1,0.05,ambiguous,0.8
ptcp,1.0,0.9892868165530567,4.868,0.0,0.868,2026186691,5,300,3000,5,0.5,0.1,0.05,ambiguous,0.8
ptcp_randomized,1.0,0.9892868165530567,4.868,0.0,0.868,2026186691,5,300,3000,5,0.5,0.1,0.05,ambiguous,0.8
majority_cp,0.9946666666666667,0.8487202579689447,3.481333333333333,0.0026666666666666666,0.0,2026186692,5,300,3000,5,0.5,0.1,0.05,ambiguous,0.8
random_rater_cp,0.9996666666666667,0.909110066323468,3.948,0.0,0.0,2026186692,5,300,3000,5,0.5,0.1,0.05,ambiguous,0.8
naive_panel_cp,0.991,0.8278854841990613,3.336333333333333,0.005666666666666667,0.0,2026186692,5,300,3000,5,0.5,0.1,0.05,ambiguous,0.8
ptcp,1.0,0.9891354967502867,4.8693333333333335,0.0,0.8693333333333333,2026186692,5,300,3000,5,0.5,0.1,0.05,ambiguous,0.8
ptcp_randomized,1.0,0.9891354967502867,4.8693333333333335,0.0,0.8693333333333333,2026186692,5,300,3000,5,0.5,0.1,0.05,ambiguous,0.8
majority_cp,0.9903333333333333,0.8374662549760016,3.4026666666666667,0.004,0.0,2026186693,5,300,3000,5,0.5,0.1,0.05,ambiguous,0.8
random_rater_cp,0.9993333333333333,0.9005206447615577,3.8686666666666665,0.0,0.0,2026186693,5,300,3000,5,0.5,0.1,0.05,ambiguous,0.8
naive_panel_cp,0.97,0.7824665127899273,3.0576666666666665,0.012666666666666666,0.0,2026186693,5,300,3000,5,0.5,0.1,0.05,ambiguous,0.8
ptcp,1.0,0.9904657502796875,4.8726666666666665,0.0,0.8726666666666667,2026186693,5,300,3000,5,0.5,0.1,0.05,ambiguous,0.8
ptcp_randomized,1.0,0.9904657502796875,4.8726666666666665,0.0,0.8726666666666667,2026186693,5,300,3000,5,0.5,0.1,0.05,ambiguous,0.8
majority_cp,0.998,0.8679450164322928,3.6086666666666667,0.0006666666666666666,0.0,2026186694,5,300,3000,5,0.5,0.1,0.05,ambiguous,0.8
random_rater_cp,0.9993333333333333,0.8945151658150585,3.804666666666667,0.0003333333333333333,0.0,2026186694,5,300,3000,5,0.5,0.1,0.05,ambiguous,0.8
naive_panel_cp,0.995,0.8388889185219728,3.4076666666666666,0.0026666666666666666,0.0,2026186694,5,300,3000,5,0.5,0.1,0.05,ambiguous,0.8
ptcp,1.0,0.9999659229689144,4.999666666666666,0.0,0.9996666666666667,2026186694,5,300,3000,5,0.5,0.1,0.05,ambiguous,0.8
ptcp_randomized,1.0,0.9886866594836637,4.873333333333333,0.0,0.8733333333333333,2026186694,5,300,3000,5,0.5,0.1,0.05,ambiguous,0.8
majority_cp,0.997,0.858603315655314,3.5486666666666666,0.0013333333333333333,0.0,2026186695,5,300,3000,5,0.5,0.1,0.05,ambiguous,0.8
random_rater_cp,0.9986666666666667,0.8861892876548688,3.756,0.0,0.0,2026186695,5,300,3000,5,0.5,0.1,0.05,ambiguous,0.8
naive_panel_cp,0.971,0.7745301201582663,3.0156666666666667,0.01633333333333333,0.0,2026186695,5,300,3000,5,0.5,0.1,0.05,ambiguous,0.8
ptcp,1.0,0.9898396540687667,4.882,0.0,0.882,2026186695,5,300,3000,5,0.5,0.1,0.05,ambiguous,0.8
ptcp_randomized,1.0,0.9898396540687667,4.882,0.0,0.882,2026186695,5,300,3000,5,0.5,0.1,0.05,ambiguous,0.8
majority_cp,0.9956666666666667,0.8554933600013626,3.542,0.0003333333333333333,0.0,2026186696,5,300,3000,5,0.5,0.1,0.05,ambiguous,0.8
random_rater_cp,0.9983333333333333,0.8866431300637062,3.772,0.0003333333333333333,0.0,2026186696,5,300,3000,5,0.5,0.1,0.05,ambiguous,0.8
naive_panel_cp,0.9556666666666667,0.757798514580874,2.9276666666666666,0.023666666666666666,0.0,2026186696,5,300,3000,5,0.5,0.1,0.05,ambiguous,0.8
ptcp,1.0,0.9998032462403289,4.998666666666667,0.0,0.9986666666666667,2026186696,5,300,3000,5,0.5,0.1,0.05,ambiguous,0.8
ptcp_randomized,1.0,0.9998032462403289,4.998666666666667,0.0,0.9986666666666667,2026186696,5,300,3000,5,0.5,0.1,0.05,ambiguous,0.8
majority_cp,0.9983333333333333,0.8830464397100507,3.747,0.0,0.0,2026186697,5,300,3000,5,0.5,0.1,0.05,ambiguous,0.8
random_rater_cp,0.998,0.8748706715372967,3.6843333333333335,0.0006666666666666666,0.0,2026186697,5,300,3000,5,0.5,0.1,0.05,ambiguous,0.8
naive_panel_cp,0.966,0.7753514608016535,3.038666666666667,0.018333333333333333,0.0,2026186697,5,300,3000,5,0.5,0.1,0.05,ambiguous,0.8
ptcp,1.0,0.9904128912257846,4.879,0.0,0.879,2026186697,5,300,3000,5,0.5,0.1,0.05,ambiguous,0.8
ptcp_randomized,1.0,0.9904128912257846,4.879,0.0,0.879,2026186697,5,300,3000,5,0.5,0.1,0.05,ambiguous,0.8
majority_cp,0.9943333333333333,0.8616422556899608,3.583,0.0013333333333333333,0.0,2026186698,5,300,3000,5,0.5,0.1,0.05,ambiguous,0.8
random_rater_cp,1.0,0.9374370701848753,4.270666666666667,0.0,0.27066666666666667,2026186698,5,300,3000,5,0.5,0.1,0.05,ambiguous,0.8
naive_panel_cp,0.9623333333333334,0.7673898293652361,2.9903333333333335,0.02266666666666667,0.0,2026186698,5,300,3000,5,0.5,0.1,0.05,ambiguous,0.8
ptcp,1.0,0.9907101391162505,4.881,0.0,0.881,2026186698,5,300,3000,5,0.5,0.1,0.05,ambiguous,0.8
ptcp_randomized,1.0,0.9907101391162505,4.881,0.0,0.881,2026186698,5,300,3000,5,0.5,0.1,0.05,ambiguous,0.8
majority_cp,0.998,0.8728081895263625,3.6576666666666666,0.0003333333333333333,0.0,2026186699,5,300,3000,5,0.5,0.1,0.05,ambiguous,0.8
random_rater_cp,0.9996666666666667,0.9035432265852196,3.893,0.0,0.0,2026186699,5,300,3000,5,0.5,0.1,0.05,ambiguous,0.8
naive_panel_cp,0.979,0.7897922673304596,3.11,0.01,0.0,2026186699,5,300,3000,5,0.5,0.1,0.05,ambiguous,0.8
ptcp,1.0,0.9900961770942188,4.879,0.0,0.879,2026186699,5,300,3000,5,0.5,0.1,0.05,ambiguous,0.8
ptcp_randomized,1.0,0.9900961770942188,4.879,0.0,0.879,2026186699,5,300,3000,5,0.5,0.1,0.05,ambiguous,0.8
majority_cp,0.9953333333333333,0.855080645659075,3.538666666666667,0.0023333333333333335,0.0,2026191500,10,300,3000,5,0.5,0.1,0.05,ambiguous,0.8
random_rater_cp,0.9993333333333333,0.9019930057810601,3.889,0.0,0.0,2026191500,10,300,3000,5,0.5,0.1,0.05,ambiguous,0.8
naive_panel_cp,0.9293333333333333,0.726728715242537,2.7533333333333334,0.036333333333333336,0.0,2026191500,10,300,3000,5,0.5,0.1,0.05,ambiguous,0.8
ptcp,1.0,0.9900183592194253,4.875333333333334,0.0,0.8753333333333333,2026191500,10,300,3000,5,0.5,0.1,0.05,ambiguous,0.8
ptcp_randomized,1.0,0.9900183592194253,4.875333333333334,0.0,0.8753333333333333,2026191500,10,300,3000,5,0.5,0.1,0.05,ambiguous,0.8
majority_cp,0.9933333333333333,0.8333031207706493,3.3793333333333333,0.004,0.0,2026191501,10,300,3000,5,0.5,0.1,0.05,ambiguous,0.8
random_rater_cp,0.9996666666666667,0.8963975424684989,3.8396666666666666,0.0,0.0,2026191501,10,300,3000,5,0.5,0.1,0.05,ambiguous,0.8
naive_panel_cp,0.943,0.7299325206590773,2.769,0.034666666666666665,0.0,2026191501,10,300,3000,5,0.5,0.1,0.05,ambiguous,0.8
ptcp,1.0,0.9896135774661053,4.876,0.0,0.876,2026191501,10,300,3000,5,0.5,0.1,0.05,ambiguous,0.8
ptcp_randomized,1.0,0.9896135774661053,4.876,0.0,0.876,2026191501,10,300,3000,5,0.5,0.1,0.05,ambiguous,0.8
majority_cp,0.988,0.8308400224873744,3.3613333333333335,0.005666666666666667,0.0,2026191502,10,300,3000,5,0.5,0.1,0.05,ambiguous,0.8
random_rater_cp,0.9993333333333333,0.8900949293218979,3.786,0.0003333333333333333,0.0,2026191502,10,300,3000,5,0.5,0.1,0.05,ambiguous,0.8
naive_panel_cp,0.9166666666666666,0.7155331761900092,2.6946666666666665,0.045,0.0,2026191502,10,300,3000,5,0.5,0.1,0.05,ambiguous,0.8
ptcp,1.0,0.9905642427714922,4.887333333333333,0.0,0.8873333333333333,2026191502,10,300,3000,5,0.5,0.1,0.05,ambiguous,0.8
ptcp_randomized,1.0,0.9905642427714922,4.887333333333333,0.0,0.8873333333333333,2026191502,10,300,3000,5,0.5,0.1,0.05,ambiguous,0.8
majority_cp,0.9866666666666667,0.8146422645856068,3.2343333333333333,0.004333333333333333,0.0,2026191503,10,300,3000,5,0.5,0.1,0.05,ambiguous,0.8
random_rater_cp,1.0,0.9183801148653633,3.998,0.0,0.0,2026191503,10,300,3000,5,0.5,0.1,0.05,ambiguous,0.8
naive_panel_cp,0.9286666666666666,0.7228076848879391,2.7106666666666666,0.04066666666666666,0.0,2026191503,10,300,3000,5,0.5,0.1,0.05,ambiguous,0.8
ptcp,1.0,0.9910078108703102,4.875,0.0,0.875,2026191503,10,300,3000,5,0.5,0.1,0.05,ambiguous,0.8
ptcp_randomized,1.0,0.9910078108703102,4.875,0.0,0.875,2026191503,10,300,3000,5,0.5,0.1,0.05,ambiguous,0.8
majority_cp,0.9943333333333333,0.8435118814756476,3.4543333333333335,0.0036666666666666666,0.0,2026191504,10,300,3000,5,0.5,0.1,0.05,ambiguous,0.8
random_rater_cp,0.9993333333333333,0.9003563292020156,3.876,0.0,0.0,2026191504,10,300,3000,5,0.5,0.1,0.05,ambiguous,0.8
naive_panel_cp,0.9133333333333333,0.7074470466713101,2.659666666666667,0.05266666666666667,0.0,2026191504,10,300,3000,5,0.5,0.1,0.05,ambiguous,0.8
ptcp,1.0,0.9900933203581131,4.879666666666667,0.0,0.8796666666666667,2026191504,10,300,3000,5,0.5,0.1,0.05,ambiguous,0.8
ptcp_randomized,1.0,0.9900933203581131,4.879666666666667,0.0,0.8796666666666667,2026191504,10,300,3000,5,0.5,0.1,0.05,ambiguous,0.8
majority_cp,0.99,0.8341115684195118,3.3846666666666665,0.0023333333333333335,0.0,2026191505,10,300,3000,5,0.5,0.1,0.05,ambiguous,0.8
random_rater_cp,0.9973333333333333,0.8680507022315875,3.610333333333333,0.001,0.0,2026191505,10,300,3000,5,0.5,0.1,0.05,ambiguous,0.8
naive_panel_cp,0.9086666666666666,0.7076770939970074,2.649,0.04533333333333334,0.0,2026191505,10,300,3000,5,0.5,0.1,0.05,ambiguous,0.8
ptcp,1.0,0.9894942548381757,4.8693333333333335,0.0,0.8693333333333333,2026191505,10,300,3000,5,0.5,0.1,0.05,ambiguous,0.8
ptcp_randomized,1.0,0.9894942548381757,4.8693333333333335,0.0,0.8693333333333333,2026191505,10,300,3000,5,0.5,0.1,0.05,ambiguous,0.8
majority_cp,0.9953333333333333,0.8534690461033395,3.5203333333333333,0.003,0.0,2026191506,10,300,3000,5,0.5,0.1,0.05,ambiguous,0.8
random_rater_cp,0.9996666666666667,0.8892470009988332,3.768666666666667,0.0003333333333333333,0.0,2026191506,10,300,3000,5,0.5,0.1,0.05,ambiguous,0.8
naive_panel_cp,0.9326666666666666,0.7248091980560736,2.7556666666666665,0.033666666666666664,0.0,2026191506,10,300,3000,5,0.5,0.1,0.05,ambiguous,0.8
ptcp,1.0,0.988499795983032,4.858666666666666,0.0,0.8586666666666667,2026191506,10,300,3000,5,0.5,0.1,0.05,ambiguous,0.8
ptcp_randomized,1.0,0.988499795983032,4.858666666666666,0.0,0.8586666666666667,2026191506,10,300,3000,5,0.5,0.1,0.05,ambiguous,0.8
majority_cp,0.985,0.8021431581448955,3.1846666666666668,0.006666666666666667,0.0,2026191507,10,300,3000,5,0.5,0.1,0.05,ambiguous,0.8
random_rater_cp,0.997,0.8620769278092423,3.5793333333333335,0.0003333333333333333,0.0,2026191507,10,300,3000,5,0.5,0.1,0.05,ambiguous,0.8
naive_panel_cp,0.9163333333333333,0.7118149960509742,2.6803333333333335,0.042666666666666665,0.0,2026191507,10,300,3000,5,0.5,0.1,0.05,ambiguous,0.8
ptcp,1.0,0.991259380654002,4.881333333333333,0.0,0.8813333333333333,2026191507,10,300,3000,5,0.5,0.1,0.05,ambiguous,0.8
ptcp_randomized,1.0,0.991259380654002,4.881333333333333,0.0,0.8813333333333333,2026191507,10,300,3000,5,0.5,0.1,0.05,ambiguous,0.8
majority_cp,0.9843333333333333,0.811501550890892,3.265,0.004,0.0,2026191508,10,300,3000,5,0.5,0.1,0.05,ambiguous,0.8
random_rater_cp,0.9996666666666667,0.9132526822082802,3.9856666666666665,0.0,0.0,2026191508,10,300,3000,5,0.5,0.1,0.05,ambiguous,0.8
naive_panel_cp,0.9086666666666666,0.7002997843330264,2.6413333333333333,0.04533333333333334,0.0,2026191508,10,300,3000,5,0.5,0.1,0.05,ambiguous,0.8
ptcp,1.0,0.9887494298796667,4.865,0.0,0.865,2026191508,10,300,3000,5,0.5,0.1,0.05,ambiguous,0.8
ptcp_randomized,1.0,0.9887494298796667,4.865,0.0,0.865,2026191508,10,300,3000,5,0.5,0.1,0.05,ambiguous,0.8
majority_cp,0.9976666666666667,0.8743675185443782,3.6786666666666665,0.0006666666666666666,0.0,2026191509,10,300,3000,5,0.5,0.1,0.05,ambiguous,0.8
random_rater_cp,1.0,0.9076665574037143,3.937333333333333,0.0,0.0,2026191509,10,300,3000,5,0.5,0.1,0.05,ambiguous,0.8
naive_panel_cp,0.9203333333333333,0.7138198599817243,2.69,0.042,0.0,2026191509,10,300,3000,5,0.5,0.1,0.05,ambiguous,0.8
ptcp,1.0,0.9999725687672751,4.999666666666666,0.0,0.9996666666666667,2026191509,10,300,3000,5,0.5,0.1,0.05,ambiguous,0.8
ptcp_randomized,1.0,0.990033355275883,4.884666666666667,0.0,0.8846666666666667,2026191509,10,300,3000,5,0.5,0.1,0.05,ambiguous,0.8
majority_cp,0.99,0.8359373316617028,3.4103333333333334,0.003,0.0,2026191510,10,300,3000,5,0.5,0.1,0.05,ambiguous,0.8
random_rater_cp,0.9993333333333333,0.9091438380634311,3.9486666666666665,0.0,0.0,2026191510,10,300,3000,5,0.5,0.1,0.05,ambiguous,0.8
naive_panel_cp,0.888,0.6934194215966977,2.5896666666666666,0.057666666666666665,0.0,2026191510,10,300,3000,5,0.5,0.1,0.05,ambiguous,0.8
ptcp,1.0,0.9891246445414272,4.862,0.0,0.862,2026191510,10,300,3000,5,0.5,0.1,0.05,ambiguous,0.8
ptcp_randomized,1.0,0.9891246445414272,4.862,0.0,0.862,2026191510,10,300,3000,5,0.5,0.1,0.05,ambiguous,0.8
majority_cp,0.9843333333333333,0.8021458841601173,3.1863333333333332,0.006666666666666667,0.0,2026191511,10,300,3000,5,0.5,0.1,0.05,ambiguous,0.8
random_rater_cp,0.9996666666666667,0.911558433758242,3.966,0.0,0.0,2026191511,10,300,3000,5,0.5,0.1,0.05,ambiguous,0.8
naive_panel_cp,0.938,0.7303154280447588,2.7773333333333334,0.034333333333333334,0.0,2026191511,10,300,3000,5,0.5,0.1,0.05,ambiguous,0.8
ptcp,1.0,0.9894377414626585,4.870333333333333,0.0,0.8703333333333333,2026191511,10,300,3000,5,0.5,0.1,0.05,ambiguous,0.8
ptcp_randomized,1.0,0.9894377414626585,4.870333333333333,0.0,0.8703333333333333,2026191511,10,300,3000,5,0.5,0.1,0.05,ambiguous,0.8
majority_cp,0.9943333333333333,0.8567835000868647,3.5313333333333334,0.0013333333333333333,0.0,2026191512,10,300,3000,5,0.5,0.1,0.05,ambiguous,0.8
random_rater_cp,0.9996666666666667,0.915479652643369,3.978666666666667,0.0,0.0,2026191512,10,300,3000,5,0.5,0.1,0.05,ambiguous,0.8
naive_panel_cp,0.9146666666666666,0.7155123875457434,2.6963333333333335,0.044333333333333336,0.0,2026191512,10,300,3000,5,0.5,0.1,0.05,ambiguous,0.8
ptcp,1.0,0.9909064733287879,4.878333333333333,0.0,0.8783333333333333,2026191512,10,300,3000,5,0.5,0.1,0.05,ambiguous,0.8
ptcp_randomized,1.0,0.9909064733287879,4.878333333333333,0.0,0.8783333333333333,2026191512,10,300,3000,5,0.5,0.1,0.05,ambiguous,0.8
majority_cp,0.9926666666666667,0.848467807966729,3.4823333333333335,0.002,0.0,2026191513,10,300,3000,5,0.5,0.1,0.05,ambiguous,0.8
random_rater_cp,0.999,0.9397646426593265,4.285,0.0,0.285,2026191513,10,300,3000,5,0.5,0.1,0.05,ambiguous,0.8
naive_panel_cp,0.9366666666666666,0.7319089798822566,2.792333333333333,0.035,0.0,2026191513,10,300,3000,5,0.5,0.1,0.05,ambiguous,0.8
ptcp,1.0,0.9890443642781762,4.870666666666667,0.0,0.8706666666666667,2026191513,10,300,3000,5,0.5,0.1,0.05,ambiguous,0.8
ptcp_randomized,1.0,0.9890443642781762,4.870666666666667,0.0,0.8706666666666667,2026191513,10,300,3000,5,0.5,0.1,0.05,ambiguous,0.8
majority_cp,0.982,0.806648485131582,3.223333333333333,0.01,0.0,2026191514,10,300,3000,5,0.5,0.1,0.05,ambiguous,0.8
random_rater_cp,0.9986666666666667,0.8874165309517577,3.7776666666666667,0.0013333333333333333,0.0,2026191514,10,300,3000,5,0.5,0.1,0.05,ambiguous,0.8
naive_panel_cp,0.9286666666666666,0.7257799854860149,2.7643333333333335,0.036333333333333336,0.0,2026191514,10,300,3000,5,0.5,0.1,0.05,ambiguous,0.8
ptcp,0.9996666666666667,0.9896796969305949,4.873666666666667,0.0,0.8736666666666667,2026191514,10,300,3000,5,0.5,0.1,0.05,ambiguous,0.8
ptcp_randomized,0.9996666666666667,0.9896796969305949,4.873666666666667,0.0,0.8736666666666667,2026191514,10,300,3000,5,0.5,0.1,0.05,ambiguous,0.8
majority_cp,0.981,0.787632267592687,3.0973333333333333,0.009333333333333334,0.0,2026191515,10,300,3000,5,0.5,0.1,0.05,ambiguous,0.8
random_rater_cp,1.0,0.8964953847078627,3.8293333333333335,0.0,0.0,2026191515,10,300,3000,5,0.5,0.1,0.05,ambiguous,0.8
naive_panel_cp,0.9053333333333333,0.697919808080263,2.602333333333333,0.051333333333333335,0.0,2026191515,10,300,3000,5,0.5,0.1,0.05,ambiguous,0.8
ptcp,1.0,0.9889681648737604,4.865333333333333,0.0,0.8653333333333333,2026191515,10,300,3000,5,0.5,0.1,0.05,ambiguous,0.8
ptcp_randomized,1.0,0.9889681648737604,4.865333333333333,0.0,0.8653333333333333,2026191515,10,300,3000,5,0.5,0.1,0.05,ambiguous,0.8
majority_cp,0.9913333333333333,0.8376500229673322,3.402,0.0033333333333333335,0.0,2026191516,10,300,3000,5,0.5,0.1,0.05,ambiguous,0.8
random_rater_cp,0.9986666666666667,0.8867684639025675,3.7543333333333333,0.0,0.0,2026191516,10,300,3000,5,0.5,0.1,0.05,ambiguous,0.8
naive_panel_cp,0.9493333333333334,0.7513459736595971,2.891,0.023666666666666666,0.0,2026191516,10,300,3000,5,0.5,0.1,0.05,ambiguous,0.8
ptcp,1.0,0.9892283469447766,4.867333333333334,0.0,0.8673333333333333,2026191516,10,300,3000,5,0.5,0.1,0.05,ambiguous,0.8
ptcp_randomized,1.0,0.9892283469447766,4.867333333333334,0.0,0.8673333333333333,2026191516,10,300,3000,5,0.5,0.1,0.05,ambiguous,0.8
majority_cp,0.9973333333333333,0.8741623059025818,3.659666666666667,0.001,0.0,2026191517,10,300,3000,5,0.5,0.1,0.05,ambiguous,0.8
random_rater_cp,0.9996666666666667,0.938702860412639,4.273,0.0,0.273,2026191517,10,300,3000,5,0.5,0.1,0.05,ambiguous,0.8
naive_panel_cp,0.9323333333333333,0.7293043998522051,2.753,0.03333333333333333,0.0,2026191517,10,300,3000,5,0.5,0.1,0.05,ambiguous,0.8
ptcp,1.0,0.9894919239133192,4.8693333333333335,0.0,0.8693333333333333,2026191517,10,300,3000,5,0.5,0.1,0.05,ambiguous,0.8
ptcp_randomized,1.0,0.9894919239133192,4.8693333333333335,0.0,0.8693333333333333,2026191517,10,300,3000,5,0.5,0.1,0.05,ambiguous,0.8
majority_cp,0.985,0.8161758572455488,3.2703333333333333,0.007666666666666666,0.0,2026191518,10,300,3000,5,0.5,0.1,0.05,ambiguous,0.8
random_rater_cp,0.9953333333333333,0.8545589673258237,3.525333333333333,0.0033333333333333335,0.0,2026191518,10,300,3000,5,0.5,0.1,0.05,ambiguous,0.8
naive_panel_cp,0.942,0.7381018531340348,2.8033333333333332,0.028666666666666667,0.0,2026191518,10,300,3000,5,0.5,0.1,0.05,ambiguous,0.8
ptcp,1.0,0.9895310757907317,4.869666666666666,0.0,0.8696666666666667,2026191518,10,300,3000,5,0.5,0.1,0.05,ambiguous,0.8
ptcp_randomized,1.0,0.9895310757907317,4.869666666666666,0.0,0.8696666666666667,2026191518,10,300,3000,5,0.5,0.1,0.05,ambiguous,0.8
majority_cp,0.991,0.8286505453045775,3.3556666666666666,0.0033333333333333335,0.0,2026191519,10,300,3000,5,0.5,0.1,0.05,ambiguous,0.8
random_rater_cp,0.9986666666666667,0.8861609137556051,3.764,0.0,0.0,2026191519,10,300,3000,5,0.5,0.1,0.05,ambiguous,0.8
naive_panel_cp,0.909,0.7079152002348568,2.671333333333333,0.04666666666666667,0.0,2026191519,10,300,3000,5,0.5,0.1,0.05,ambiguous,0.8
ptcp,1.0,0.9901900953581668,4.877,0.0,0.877,2026191519,10,300,3000,5,0.5,0.1,0.05,ambiguous,0.8
ptcp_randomized,1.0,0.9901900953581668,4.877,0.0,0.877,2026191519,10,300,3000,5,0.5,0.1,0.05,ambiguous,0.8
majority_cp,0.9956666666666667,0.860709872213598,3.5766666666666667,0.0016666666666666668,0.0,2026191520,10,300,3000,5,0.5,0.1,0.05,ambiguous,0.8
random_rater_cp,0.999,0.8900932189073646,3.791,0.0003333333333333333,0.0,2026191520,10,300,3000,5,0.5,0.1,0.05,ambiguous,0.8
naive_panel_cp,0.9473333333333334,0.7473144259490743,2.8693333333333335,0.024333333333333332,0.0,2026191520,10,300,3000,5,0.5,0.1,0.05,ambiguous,0.8
ptcp,1.0,0.9889919974842516,4.866666666666666,0.0,0.8666666666666667,2026191520,10,300,3000,5,0.5,0.1,0.05,ambiguous,0.8
ptcp_randomized,1.0,0.9889919974842516,4.866666666666666,0.0,0.8666666666666667,2026191520,10,300,3000,5,0.5,0.1,0.05,ambiguous,0.8
majority_cp,0.9986666666666667,0.865613521175694,3.6053333333333333,0.0013333333333333333,0.0,2026191521,10,300,3000,5,0.5,0.1,0.05,ambiguous,0.8
random_rater_cp,1.0,0.8928834953162823,3.8253333333333335,0.0,0.0,2026191521,10,300,3000,5,0.5,0.1,0.05,ambiguous,0.8
naive_panel_cp,0.8886666666666667,0.6894650191880646,2.5713333333333335,0.064,0.0,2026191521,10,300,3000,5,0.5,0.1,0.05,ambiguous,0.8
ptcp,1.0,0.9905263642747432,4.886,0.0,0.886,2026191521,10,300,3000,5,0.5,0.1,0.05,ambiguous,0.8
ptcp_randomized,1.0,0.9905263642747432,4.886,0.0,0.886,2026191521,10,300,3000,5,0.5,0.1,0.05,ambiguous,0.8
majority_cp,0.988,0.8155622562287147,3.265,0.006333333333333333,0.0,2026191522,10,300,3000,5,0.5,0.1,0.05,ambiguous,0.8
random_rater_cp,0.998,0.8849889020585384,3.7493333333333334,0.0003333333333333333,0.0,2026191522,10,300,3000,5,0.5,0.1,0.05,ambiguous,0.8
naive_panel_cp,0.9013333333333333,0.6910121094685708,2.5643333333333334,0.05433333333333333,0.0,2026191522,10,300,3000,5,0.5,0.1,0.05,ambiguous,0.8
ptcp,1.0,0.9905971451137732,4.875666666666667,0.0,0.8756666666666667,2026191522,10,300,3000,5,0.5,0.1,0.05,ambiguous,0.8
ptcp_randomized,1.0,0.9905971451137732,4.875666666666667,0.0,0.8756666666666667,2026191522,10,300,3000,5,0.5,0.1,0.05,ambiguous,0.8
majority_cp,0.993,0.844496349975073,3.4503333333333335,0.0033333333333333335,0.0,2026191523,10,300,3000,5,0.5,0.1,0.05,ambiguous,0.8
random_rater_cp,0.9993333333333333,0.9131481473637544,3.9756666666666667,0.0,0.0,2026191523,10,300,3000,5,0.5,0.1,0.05,ambiguous,0.8
naive_panel_cp,0.9153333333333333,0.707546904335165,2.6506666666666665,0.04833333333333333,0.0,2026191523,10,300,3000,5,0.5,0.1,0.05,ambiguous,0.8
ptcp,1.0,0.989301185377712,4.869,0.0,0.869,2026191523,10,300,3000,5,0.5,0.1,0.05,ambiguous,0.8
ptcp_randomized,1.0,0.989301185377712,4.869,0.0,0.869,2026191523,10,300,3000,5,0.5,0.1,0.05,ambiguous,0.8
majority_cp,0.9866666666666667,0.826255185902885,3.324,0.004,0.0,2026191524,10,300,3000,5,0.5,0.1,0.05,ambiguous,0.8
random_rater_cp,0.999,0.9015632730275641,3.8823333333333334,0.0,0.0,2026191524,10,300,3000,5,0.5,0.1,0.05,ambiguous,0.8
naive_panel_cp,0.8753333333333333,0.681789651434656,2.514,0.06566666666666666,0.0,2026191524,10,300,3000,5,0.5,0.1,0.05,ambiguous,0.8
ptcp,0.9996666666666667,0.9907538893124077,4.887333333333333,0.0,0.8873333333333333,2026191524,10,300,3000,5,0.5,0.1,0.05,ambiguous,0.8
ptcp_randomized,0.9996666666666667,0.9907538893124077,4.887333333333333,0.0,0.8873333333333333,2026191524,10,300,3000,5,0.5,0.1,0.05,ambiguous,0.8
majority_cp,0.987,0.8168192619682987,3.2946666666666666,0.004666666666666667,0.0,2026191525,10,300,3000,5,0.5,0.1,0.05,ambiguous,0.8
random_rater_cp,0.9986666666666667,0.9018922401192622,3.8933333333333335,0.0,0.0,2026191525,10,300,3000,5,0.5,0.1,0.05,ambiguous,0.8
naive_panel_cp,0.9236666666666666,0.7096904693923076,2.6743333333333332,0.04133333333333333,0.0,2026191525,10,300,3000,5,0.5,0.1,0.05,ambiguous,0.8
ptcp,1.0,0.9903345855844643,4.878,0.0,0.878,2026191525,10,300,3000,5,0.5,0.1,0.05,ambiguous,0.8
ptcp_randomized,1.0,0.9903345855844643,4.878,0.0,0.878,2026191525,10,300,3000,5,0.5,0.1,0.05,ambiguous,0.8
majority_cp,0.987,0.8168894565684904,3.2636666666666665,0.004333333333333333,0.0,2026191526,10,300,3000,5,0.5,0.1,0.05,ambiguous,0.8
random_rater_cp,0.9986666666666667,0.8847282439138473,3.7276666666666665,0.0006666666666666666,0.0,2026191526,10,300,3000,5,0.5,0.1,0.05,ambiguous,0.8
naive_panel_cp,0.912,0.7091275377530973,2.6466666666666665,0.050666666666666665,0.0,2026191526,10,300,3000,5,0.5,0.1,0.05,ambiguous,0.8
ptcp,1.0,0.9898626769453018,4.871666666666667,0.0,0.8716666666666667,2026191526,10,300,3000,5,0.5,0.1,0.05,ambiguous,0.8
ptcp_randomized,1.0,0.9405062145218263,4.275666666666667,0.0,0.27566666666666667,2026191526,10,300,3000,5,0.5,0.1,0.05,ambiguous,0.8
majority_cp,0.9943333333333333,0.8457858225589546,3.458,0.0013333333333333333,0.0,2026191527,10,300,3000,5,0.5,0.1,0.05,ambiguous,0.8
random_rater_cp,0.9996666666666667,0.9057112937949763,3.9093333333333335,0.0,0.0,2026191527,10,300,3000,5,0.5,0.1,0.05,ambiguous,0.8
naive_panel_cp,0.9176666666666666,0.7157475314200783,2.6853333333333333,0.047,0.0,2026191527,10,300,3000,5,0.5,0.1,0.05,ambiguous,0.8
ptcp,1.0,0.9902246881675297,4.881,0.0,0.881,2026191527,10,300,3000,5,0.5,0.1,0.05,ambiguous,0.8
ptcp_randomized,1.0,0.9902246881675297,4.881,0.0,0.881,2026191527,10,300,3000,5,0.5,0.1,0.05,ambiguous,0.8
majority_cp,0.989,0.8043655868975639,3.2096666666666667,0.008333333333333333,0.0,2026191528,10,300,3000,5,0.5,0.1,0.05,ambiguous,0.8
random_rater_cp,0.9996666666666667,0.8958850689814493,3.8463333333333334,0.0,0.0,2026191528,10,300,3000,5,0.5,0.1,0.05,ambiguous,0.8
naive_panel_cp,0.9273333333333333,0.7129859664753445,2.6843333333333335,0.03966666666666667,0.0,2026191528,10,300,3000,5,0.5,0.1,0.05,ambiguous,0.8
ptcp,1.0,0.9890499227608496,4.8693333333333335,0.0,0.8693333333333333,2026191528,10,300,3000,5,0.5,0.1,0.05,ambiguous,0.8
ptcp_randomized,1.0,0.9890499227608496,4.8693333333333335,0.0,0.8693333333333333,2026191528,10,300,3000,5,0.5,0.1,0.05,ambiguous,0.8
majority_cp,0.9773333333333334,0.7861309825005367,3.086,0.010666666666666666,0.0,2026191529,10,300,3000,5,0.5,0.1,0.05,ambiguous,0.8
random_rater_cp,0.9993333333333333,0.8872335990184524,3.7716666666666665,0.0,0.0,2026191529,10,300,3000,5,0.5,0.1,0.05,ambiguous,0.8
naive_panel_cp,0.941,0.7355948079346147,2.804,0.030333333333333334,0.0,2026191529,10,300,3000,5,0.5,0.1,0.05,ambiguous,0.8
ptcp,1.0,0.9882579141621683,4.864333333333334,0.0,0.8643333333333333,2026191529,10,300,3000,5,0.5,0.1,0.05,ambiguous,0.8
ptcp_randomized,1.0,0.9882579141621683,4.864333333333334,0.0,0.8643333333333333,2026191529,10,300,3000,5,0.5,0.1,0.05,ambiguous,0.8
majority_cp,0.9976666666666667,0.8571893699032559,3.5633333333333335,0.0,0.0,2026191530,10,300,3000,5,0.5,0.1,0.05,ambiguous,0.8
random_rater_cp,0.999,0.8945278282713234,3.842,0.0,0.0,2026191530,10,300,3000,5,0.5,0.1,0.05,ambiguous,0.8
naive_panel_cp,0.925,0.7258307738018217,2.767333333333333,0.03666666666666667,0.0,2026191530,10,300,3000,5,0.5,0.1,0.05,ambiguous,0.8
ptcp,1.0,0.9886731899310477,4.875,0.0,0.875,2026191530,10,300,3000,5,0.5,0.1,0.05,ambiguous,0.8
ptcp_randomized,1.0,0.9886731899310477,4.875,0.0,0.875,2026191530,10,300,3000,5,0.5,0.1,0.05,ambiguous,0.8
majority_cp,0.9843333333333333,0.8023259341081442,3.1743333333333332,0.007666666666666666,0.0,2026191531,10,300,3000,5,0.5,0.1,0.05,ambiguous,0.8
random_rater_cp,0.997,0.8880609535690391,3.767333333333333,0.0,0.0,2026191531,10,300,3000,5,0.5,0.1,0.05,ambiguous,0.8
naive_panel_cp,0.9033333333333333,0.6971067218077142,2.5853333333333333,0.05633333333333333,0.0,2026191531,10,300,3000,5,0.5,0.1,0.05,ambiguous,0.8
ptcp,1.0,0.9905174946057816,4.876,0.0,0.876,2026191531,10,300,3000,5,0.5,0.1,0.05,ambiguous,0.8
ptcp_randomized,1.0,0.9405424315168991,4.285333333333333,0.0,0.2853333333333333,2026191531,10,300,3000,5,0.5,0.1,0.05,ambiguous,0.8
majority_cp,0.991,0.8203942481693748,3.294,0.004333333333333333,0.0,2026191532,10,300,3000,5,0.5,0.1,0.05,ambiguous,0.8
random_rater_cp,0.9993333333333333,0.8992990541915357,3.8703333333333334,0.0,0.0,2026191532,10,300,3000,5,0.5,0.1,0.05,ambiguous,0.8
naive_panel_cp,0.947,0.7405055734623271,2.820333333333333,0.028333333333333332,0.0,2026191532,10,300,3000,5,0.5,0.1,0.05,ambiguous,0.8
ptcp,1.0,0.9899203073565422,4.873333333333333,0.0,0.8733333333333333,2026191532,10,300,3000,5,0.5,0.1,0.05,ambiguous,0.8
ptcp_randomized,1.0,0.9899203073565422,4.873333333333333,0.0,0.8733333333333333,2026191532,10,300,3000,5,0.5,0.1,0.05,ambiguous,0.8
majority_cp,0.9863333333333333,0.8156830178661381,3.2786666666666666,0.005666666666666667,0.0,2026191533,10,300,3000,5,0.5,0.1,0.05,ambiguous,0.8
random_rater_cp,0.9986666666666667,0.8735255683692679,3.6736666666666666,0.0,0.0,2026191533,10,300,3000,5,0.5,0.1,0.05,ambiguous,0.8
naive_panel_cp,0.9063333333333333,0.699758538679485,2.6246666666666667,0.058,0.0,2026191533,10,300,3000,5,0.5,0.1,0.05,ambiguous,0.8
ptcp,1.0,0.9905791960169674,4.876,0.0,0.876,2026191533,10,300,3000,5,0.5,0.1,0.05,ambiguous,0.8
ptcp_randomized,1.0,0.9905791960169674,4.876,0.0,0.876,2026191533,10,300,3000,5,0.5,0.1,0.05,ambiguous,0.8
majority_cp,0.992,0.8329832749837316,3.3746666666666667,0.004,0.0,2026191534,10,300,3000,5,0.5,0.1,0.05,ambiguous,0.8
random_rater_cp,0.9983333333333333,0.8787138974835883,3.6936666666666667,0.0003333333333333333,0.0,2026191534,10,300,3000,5,0.5,0.1,0.05,ambiguous,0.8
naive_panel_cp,0.9523333333333334,0.7444068086758077,2.845,0.029,0.0,2026191534,10,300,3000,5,0.5,0.1,0.05,ambiguous,0.8
ptcp,0.9996666666666667,0.9891598302558647,4.864333333333334,0.0,0.8643333333333333,2026191534,10,300,3000,5,0.5,0.1,0.05,ambiguous,0.8
ptcp_randomized,0.9996666666666667,0.9891598302558647,4.864333333333334,0.0,0.8643333333333333,2026191534,10,300,3000,5,0.5,0.1,0.05,ambiguous,0.8
majority_cp,0.9906666666666667,0.8294853130601002,3.388333333333333,0.004666666666666667,0.0,2026191535,10,300,3000,5,0.5,0.1,0.05,ambiguous,0.8
random_rater_cp,0.999,0.898215908474348,3.856333333333333,0.0003333333333333333,0.0,2026191535,10,300,3000,5,0.5,0.1,0.05,ambiguous,0.8
naive_panel_cp,0.93,0.7212816631769184,2.7456666666666667,0.044,0.0,2026191535,10,300,3000,5,0.5,0.1,0.05,ambiguous,0.8
ptcp,1.0,0.9892498853222234,4.867333333333334,0.0,0.8673333333333333,2026191535,10,300,3000,5,0.5,0.1,0.05,ambiguous,0.8
ptcp_randomized,1.0,0.9892498853222234,4.867333333333334,0.0,0.8673333333333333,2026191535,10,300,3000,5,0.5,0.1,0.05,ambiguous,0.8
majority_cp,0.9923333333333333,0.8534869366962712,3.506,0.0026666666666666666,0.0,2026191536,10,300,3000,5,0.5,0.1,0.05,ambiguous,0.8
random_rater_cp,0.9993333333333333,0.9067020635040447,3.917,0.0,0.0,2026191536,10,300,3000,5,0.5,0.1,0.05,ambiguous,0.8
naive_panel_cp,0.9353333333333333,0.7327029459030858,2.776666666666667,0.036,0.0,2026191536,10,300,3000,5,0.5,0.1,0.05,ambiguous,0.8
ptcp,1.0,0.9882909254080644,4.858666666666666,0.0,0.8586666666666667,2026191536,10,300,3000,5,0.5,0.1,0.05,ambiguous,0.8
ptcp_randomized,1.0,0.9882909254080644,4.858666666666666,0.0,0.8586666666666667,2026191536,10,300,3000,5,0.5,0.1,0.05,ambiguous,0.8
majority_cp,0.99,0.8221565145864933,3.299,0.005333333333333333,0.0,2026191537,10,300,3000,5,0.5,0.1,0.05,ambiguous,0.8
random_rater_cp,0.9996666666666667,0.8962830342856575,3.832333333333333,0.0,0.0,2026191537,10,300,3000,5,0.5,0.1,0.05,ambiguous,0.8
naive_panel_cp,0.935,0.7298034815701895,2.7596666666666665,0.033666666666666664,0.0,2026191537,10,300,3000,5,0.5,0.1,0.05,ambiguous,0.8
ptcp,1.0,0.989687453703261,4.867333333333334,0.0,0.8673333333333333,2026191537,10,300,3000,5,0.5,0.1,0.05,ambiguous,0.8
ptcp_randomized,1.0,0.989687453703261,4.867333333333334,0.0,0.8673333333333333,2026191537,10,300,3000,5,0.5,0.1,0.05,ambiguous,0.8
majority_cp,0.9913333333333333,0.8293928885179515,3.3703333333333334,0.005333333333333333,0.0,2026191538,10,300,3000,5,0.5,0.1,0.05,ambiguous,0.8
random_rater_cp,1.0,0.9386672875478732,4.273666666666666,0.0,0.27366666666666667,2026191538,10,300,3000,5,0.5,0.1,0.05,ambiguous,0.8
naive_panel_cp,0.9376666666666666,0.7261381882912636,2.753,0.032,0.0,2026191538,10,300,3000,5,0.5,0.1,0.05,ambiguous,0.8
ptcp,1.0,0.9894127728987726,4.87,0.0,0.87,2026191538,10,300,3000,5,0.5,0.1,0.05,ambiguous,0.8
ptcp_randomized,1.0,0.9894127728987726,4.87,0.0,0.87,2026191538,10,300,3000,5,0.5,0.1,0.05,ambiguous,0.8
majority_cp,0.995,0.85164767660937,3.4803333333333333,0.0013333333333333333,0.0,2026191539,10,300,3000,5,0.5,0.1,0.05,ambiguous,0.8
random_rater_cp,0.9993333333333333,0.9006318174488173,3.8493333333333335,0.0,0.0,2026191539,10,300,3000,5,0.5,0.1,0.05,ambiguous,0.8
naive_panel_cp,0.916,0.7113164341957505,2.6616666666666666,0.044,0.0,2026191539,10,300,3000,5,0.5,0.1,0.05,ambiguous,0.8
ptcp,1.0,0.9898239615866183,4.868666666666667,0.0,0.8686666666666667,2026191539,10,300,3000,5,0.5,0.1,0.05,ambiguous,0.8
ptcp_randomized,1.0,0.9898239615866183,4.868666666666667,0.0,0.8686666666666667,2026191539,10,300,3000,5,0.5,0.1,0.05,ambiguous,0.8
majority_cp,0.992,0.8255414808153417,3.3176666666666668,0.004333333333333333,0.0,2026191540,10,300,3000,5,0.5,0.1,0.05,ambiguous,0.8
random_rater_cp,0.9996666666666667,0.9093028814091609,3.9436666666666667,0.0,0.0,2026191540,10,300,3000,5,0.5,0.1,0.05,ambiguous,0.8
naive_panel_cp,0.92,0.7090929289622833,2.650333333333333,0.04933333333333333,0.0,2026191540,10,300,3000,5,0.5,0.1,0.05,ambiguous,0.8
ptcp,1.0,0.9999965719096932,4.999666666666666,0.0,0.9996666666666667,2026191540,10,300,3000,5,0.5,0.1,0.05,ambiguous,0.8
ptcp_randomized,1.0,0.9895443161452422,4.881666666666667,0.0,0.8816666666666667,2026191540,10,300,3000,5,0.5,0.1,0.05,ambiguous,0.8
majority_cp,0.988,0.8172713054996535,3.258,0.006,0.0,2026191541,10,300,3000,5,0.5,0.1,0.05,ambiguous,0.8
random_rater_cp,0.9976666666666667,0.8743316489182368,3.658333333333333,0.0006666666666666666,0.0,2026191541,10,300,3000,5,0.5,0.1,0.05,ambiguous,0.8
naive_panel_cp,0.919,0.7103704659209835,2.6473333333333335,0.043333333333333335,0.0,2026191541,10,300,3000,5,0.5,0.1,0.05,ambiguous,0.8
ptcp,1.0,0.9909728594474155,4.879,0.0,0.879,2026191541,10,300,3000,5,0.5,0.1,0.05,ambiguous,0.8
ptcp_randomized,1.0,0.9909728594474155,4.879,0.0,0.879,2026191541,10,300,3000,5,0.5,0.1,0.05,ambiguous,0.8
majority_cp,0.9883333333333333,0.8178226482929621,3.2736666666666667,0.007666666666666666,0.0,2026191542,10,300,3000,5,0.5,0.1,0.05,ambiguous,0.8
random_rater_cp,0.9996666666666667,0.9106639411249711,3.957,0.0,0.0,2026191542,10,300,3000,5,0.5,0.1,0.05,ambiguous,0.8
naive_panel_cp,0.8943333333333333,0.6913757699114208,2.574666666666667,0.06233333333333333,0.0,2026191542,10,300,3000,5,0.5,0.1,0.05,ambiguous,0.8
ptcp,1.0,0.9884249813192234,4.864,0.0,0.864,2026191542,10,300,3000,5,0.5,0.1,0.05,ambiguous,0.8
ptcp_randomized,1.0,0.9884249813192234,4.864,0.0,0.864,2026191542,10,300,3000,5,0.5,0.1,0.05,ambiguous,0.8
majority_cp,0.981,0.8022266274820986,3.1803333333333335,0.008333333333333333,0.0,2026191543,10,300,3000,5,0.5,0.1,0.05,ambiguous,0.8
random_rater_cp,0.9996666666666667,0.9139377702631425,3.986666666666667,0.0,0.0,2026191543,10,300,3000,5,0.5,0.1,0.05,ambiguous,0.8
naive_panel_cp,0.9416666666666667,0.7357029418384943,2.8036666666666665,0.029,0.0,2026191543,10,300,3000,5,0.5,0.1,0.05,ambiguous,0.8
ptcp,1.0,0.9895440143387908,4.873,0.0,0.873,2026191543,10,300,3000,5,0.5,0.1,0.05,ambiguous,0.8
ptcp_randomized,1.0,0.9895440143387908,4.873,0.0,0.873,2026191543,10,300,3000,5,0.5,0.1,0.05,ambiguous,0.8
majority_cp,0.9746666666666667,0.783103554867631,3.0656666666666665,0.013,0.0,2026191544,10,300,3000,5,0.5,0.1,0.05,ambiguous,0.8
random_rater_cp,0.9996666666666667,0.9403975353018704,4.284666666666666,0.0,0.2846666666666667,2026191544,10,300,3000,5,0.5,0.1,0.05,ambiguous,0.8
naive_panel_cp,0.9456666666666667,0.7364904151205826,2.8026666666666666,0.030333333333333334,0.0,2026191544,10,300,3000,5,0.5,0.1,0.05,ambiguous,0.8
ptcp,1.0,0.9894673214567719,4.868,0.0,0.868,2026191544,10,300,3000,5,0.5,0.1,0.05,ambiguous,0.8
ptcp_randomized,1.0,0.9894673214567719,4.868,0.0,0.868,2026191544,10,300,3000,5,0.5,0.1,0.05,ambiguous,0.8
majority_cp,0.9973333333333333,0.8634918972595647,3.599,0.001,0.0,2026191545,10,300,3000,5,0.5,0.1,0.05,ambiguous,0.8
random_rater_cp,0.9996666666666667,0.8973175216826721,3.842,0.0,0.0,2026191545,10,300,3000,5,0.5,0.1,0.05,ambiguous,0.8
naive_panel_cp,0.9376666666666666,0.729816266655711,2.772,0.03266666666666666,0.0,2026191545,10,300,3000,5,0.5,0.1,0.05,ambiguous,0.8
ptcp,1.0,0.989752883150158,4.871333333333333,0.0,0.8713333333333333,2026191545,10,300,3000,5,0.5,0.1,0.05,ambiguous,0.8
ptcp_randomized,1.0,0.989752883150158,4.871333333333333,0.0,0.8713333333333333,2026191545,10,300,3000,5,0.5,0.1,0.05,ambiguous,0.8
majority_cp,0.9963333333333333,0.8522973214081897,3.501333333333333,0.0013333333333333333,0.0,2026191546,10,300,3000,5,0.5,0.1,0.05,ambiguous,0.8
random_rater_cp,0.9996666666666667,0.9134543846045574,3.969,0.0,0.0,2026191546,10,300,3000,5,0.5,0.1,0.05,ambiguous,0.8
naive_panel_cp,0.917,0.7138390297120744,2.683333333333333,0.048,0.0,2026191546,10,300,3000,5,0.5,0.1,0.05,ambiguous,0.8
ptcp,1.0,0.9899640112524354,4.874,0.0,0.874,2026191546,10,300,3000,5,0.5,0.1,0.05,ambiguous,0.8
ptcp_randomized,1.0,0.9899640112524354,4.874,0.0,0.874,2026191546,10,300,3000,5,0.5,0.1,0.05,ambiguous,0.8
majority_cp,0.9896666666666667,0.8221783567848466,3.300666666666667,0.005,0.0,2026191547,10,300,3000,5,0.5,0.1,0.05,ambiguous,0.8
random_rater_cp,1.0,0.9090984411870907,3.932,0.0,0.0,2026191547,10,300,3000,5,0.5,0.1,0.05,ambiguous,0.8
naive_panel_cp,0.955,0.7524467690014303,2.889666666666667,0.021,0.0,2026191547,10,300,3000,5,0.5,0.1,0.05,ambiguous,0.8
ptcp,1.0,0.9915220566023384,4.886,0.0,0.886,2026191547,10,300,3000,5,0.5,0.1,0.05,ambiguous,0.8
ptcp_randomized,1.0,0.9915220566023384,4.886,0.0,0.886,2026191547,10,300,3000,5,0.5,0.1,0.05,ambiguous,0.8
majority_cp,0.9873333333333333,0.8139865816818675,3.24,0.006666666666666667,0.0,2026191548,10,300,3000,5,0.5,0.1,0.05,ambiguous,0.8
random_rater_cp,0.9996666666666667,0.9159577204854983,3.974,0.0,0.0,2026191548,10,300,3000,5,0.5,0.1,0.05,ambiguous,0.8
naive_panel_cp,0.9026666666666666,0.6952329901038702,2.577,0.06,0.0,2026191548,10,300,3000,5,0.5,0.1,0.05,ambiguous,0.8
ptcp,1.0,0.9898857569356239,4.869,0.0,0.869,2026191548,10,300,3000,5,0.5,0.1,0.05,ambiguous,0.8
ptcp_randomized,1.0,0.9898857569356239,4.869,0.0,0.869,2026191548,10,300,3000,5,0.5,0.1,0.05,ambiguous,0.8
majority_cp,0.9936666666666667,0.8324808164907415,3.393666666666667,0.003,0.0,2026191549,10,300,3000,5,0.5,0.1,0.05,ambiguous,0.8
random_rater_cp,0.9993333333333333,0.9002110437931842,3.889,0.0,0.0,2026191549,10,300,3000,5,0.5,0.1,0.05,ambiguous,0.8
naive_panel_cp,0.9153333333333333,0.7049461527620347,2.661,0.044333333333333336,0.0,2026191549,10,300,3000,5,0.5,0.1,0.05,ambiguous,0.8
ptcp,1.0,0.9887161795186309,4.869,0.0,0.869,2026191549,10,300,3000,5,0.5,0.1,0.05,ambiguous,0.8
ptcp_randomized,1.0,0.9887161795186309,4.869,0.0,0.869,2026191549,10,300,3000,5,0.5,0.1,0.05,ambiguous,0.8
majority_cp,0.996,0.8433901622015586,3.438,0.0026666666666666666,0.0,2026191550,10,300,3000,5,0.5,0.1,0.05,ambiguous,0.8
random_rater_cp,0.9996666666666667,0.9207608912409196,4.048,0.0,0.048,2026191550,10,300,3000,5,0.5,0.1,0.05,ambiguous,0.8
naive_panel_cp,0.9693333333333334,0.7772069810934742,3.0326666666666666,0.018,0.0,2026191550,10,300,3000,5,0.5,0.1,0.05,ambiguous,0.8
ptcp,1.0,0.9886351890510976,4.866333333333333,0.0,0.8663333333333333,2026191550,10,300,3000,5,0.5,0.1,0.05,ambiguous,0.8
ptcp_randomized,1.0,0.9886351890510976,4.866333333333333,0.0,0.8663333333333333,2026191550,10,300,3000,5,0.5,0.1,0.05,ambiguous,0.8
majority_cp,0.985,0.8122355878244859,3.246,0.008,0.0,2026191551,10,300,3000,5,0.5,0.1,0.05,ambiguous,0.8
random_rater_cp,0.999,0.8892815315103502,3.7853333333333334,0.0,0.0,2026191551,10,300,3000,5,0.5,0.1,0.05,ambiguous,0.8
naive_panel_cp,0.9366666666666666,0.7268263341159658,2.751333333333333,0.03766666666666667,0.0,2026191551,10,300,3000,5,0.5,0.1,0.05,ambiguous,0.8
ptcp,1.0,0.9893597221084319,4.873666666666667,0.0,0.8736666666666667,2026191551,10,300,3000,5,0.5,0.1,0.05,ambiguous,0.8
ptcp_randomized,1.0,0.9893597221084319,4.873666666666667,0.0,0.8736666666666667,2026191551,10,300,3000,5,0.5,0.1,0.05,ambiguous,0.8
majority_cp,0.9746666666666667,0.7879846209414776,3.0946666666666665,0.014333333333333333,0.0,2026191552,10,300,3000,5,0.5,0.1,0.05,ambiguous,0.8
random_rater_cp,0.9993333333333333,0.9134277924802743,3.9676666666666667,0.0,0.0,2026191552,10,300,3000,5,0.5,0.1,0.05,ambiguous,0.8
naive_panel_cp,0.9153333333333333,0.7100216029765118,2.6703333333333332,0.043666666666666666,0.0,2026191552,10,300,3000,5,0.5,0.1,0.05,ambiguous,0.8
ptcp,1.0,0.9883815547975059,4.865333333333333,0.0,0.8653333333333333,2026191552,10,300,3000,5,0.5,0.1,0.05,ambiguous,0.8
ptcp_randomized,1.0,0.9883815547975059,4.865333333333333,0.0,0.8653333333333333,2026191552,10,300,3000,5,0.5,0.1,0.05,ambiguous,0.8
majority_cp,0.9966666666666667,0.8563129562717269,3.531,0.0003333333333333333,0.0,2026191553,10,300,3000,5,0.5,0.1,0.05,ambiguous,0.8
random_rater_cp,0.9996666666666667,0.9406574225461003,4.283,0.0,0.283,2026191553,10,300,3000,5,0.5,0.1,0.05,ambiguous,0.8
naive_panel_cp,0.9513333333333334,0.7518132660853762,2.8826666666666667,0.02666666666666667,0.0,2026191553,10,300,3000,5,0.5,0.1,0.05,ambiguous,0.8
ptcp,0.9996666666666667,0.990259896455419,4.876666666666667,0.0,0.8766666666666667,2026191553,10,300,3000,5,0.5,0.1,0.05,ambiguous,0.8
ptcp_randomized,0.9996666666666667,0.990259896455419,4.876666666666667,0.0,0.8766666666666667,2026191553,10,300,3000,5,0.5,0.1,0.05,ambiguous,0.8
majority_cp,0.9936666666666667,0.8496523615462077,3.498,0.0023333333333333335,0.0,2026191554,10,300,3000,5,0.5,0.1,0.05,ambiguous,0.8
random_rater_cp,1.0,0.940156083941989,4.289333333333333,0.0,0.28933333333333333,2026191554,10,300,3000,5,0.5,0.1,0.05,ambiguous,0.8
naive_panel_cp,0.9316666666666666,0.7289411596912284,2.765,0.034,0.0,2026191554,10,300,3000,5,0.5,0.1,0.05,ambiguous,0.8
ptcp,1.0,0.9906471394891277,4.88,0.0,0.88,2026191554,10,300,3000,5,0.5,0.1,0.05,ambiguous,0.8
ptcp_randomized,1.0,0.9906471394891277,4.88,0.0,0.88,2026191554,10,300,3000,5,0.5,0.1,0.05,ambiguous,0.8
majority_cp,0.9886666666666667,0.8249969560958225,3.324666666666667,0.004666666666666667,0.0,2026191555,10,300,3000,5,0.5,0.1,0.05,ambiguous,0.8
random_rater_cp,0.9996666666666667,0.8974249115401939,3.8466666666666667,0.0,0.0,2026191555,10,300,3000,5,0.5,0.1,0.05,ambiguous,0.8
naive_panel_cp,0.9206666666666666,0.7152452001368995,2.6926666666666668,0.04466666666666667,0.0,2026191555,10,300,3000,5,0.5,0.1,0.05,ambiguous,0.8
ptcp,1.0,0.9890157439812352,4.868666666666667,0.0,0.8686666666666667,2026191555,10,300,3000,5,0.5,0.1,0.05,ambiguous,0.8
ptcp_randomized,1.0,0.9890157439812352,4.868666666666667,0.0,0.8686666666666667,2026191555,10,300,3000,5,0.5,0.1,0.05,ambiguous,0.8
majority_cp,0.992,0.8397084348042781,3.409,0.0023333333333333335,0.0,2026191556,10,300,3000,5,0.5,0.1,0.05,ambiguous,0.8
random_rater_cp,0.9966666666666667,0.8727543224751747,3.6473333333333335,0.0003333333333333333,0.0,2026191556,10,300,3000,5,0.5,0.1,0.05,ambiguous,0.8
naive_panel_cp,0.9376666666666666,0.7333883194599696,2.7636666666666665,0.036,0.0,2026191556,10,300,3000,5,0.5,0.1,0.05,ambiguous,0.8
ptcp,1.0,0.9903421601475604,4.876,0.0,0.876,2026191556,10,300,3000,5,0.5,0.1,0.05,ambiguous,0.8
ptcp_randomized,1.0,0.9903421601475604,4.876,0.0,0.876,2026191556,10,300,3000,5,0.5,0.1,0.05,ambiguous,0.8
majority_cp,0.9873333333333333,0.8159225159385765,3.278,0.006666666666666667,0.0,2026191557,10,300,3000,5,0.5,0.1,0.05,ambiguous,0.8
random_rater_cp,0.9983333333333333,0.8840961445737243,3.7563333333333335,0.0003333333333333333,0.0,2026191557,10,300,3000,5,0.5,0.1,0.05,ambiguous,0.8
naive_panel_cp,0.8503333333333334,0.6618640001151156,2.4356666666666666,0.08066666666666666,0.0,2026191557,10,300,3000,5,0.5,0.1,0.05,ambiguous,0.8
ptcp,1.0,0.9893690389963606,4.872333333333334,0.0,0.8723333333333333,2026191557,10,300,3000,5,0.5,0.1,0.05,ambiguous,0.8
ptcp_randomized,1.0,0.9893690389963606,4.872333333333334,0.0,0.8723333333333333,2026191557,10,300,3000,5,0.5,0.1,0.05,ambiguous,0.8
majority_cp,0.9943333333333333,0.8512881802434002,3.507,0.002,0.0,2026191558,10,300,3000,5,0.5,0.1,0.05,ambiguous,0.8
random_rater_cp,0.9976666666666667,0.8836113551616989,3.7383333333333333,0.0,0.0,2026191558,10,300,3000,5,0.5,0.1,0.05,ambiguous,0.8
naive_panel_cp,0.926,0.7181976155997637,2.711,0.042,0.0,2026191558,10,300,3000,5,0.5,0.1,0.05,ambiguous,0.8
ptcp,1.0,0.9890428458693946,4.872333333333334,0.0,0.8723333333333333,2026191558,10,300,3000,5,0.5,0.1,0.05,ambiguous,0.8
ptcp_randomized,1.0,0.9890428458693946,4.872333333333334,0.0,0.8723333333333333,2026191558,10,300,3000,5,0.5,0.1,0.05,ambiguous,0.8
majority_cp,0.9946666666666667,0.8379617239785985,3.4266666666666667,0.004,0.0,2026191559,10,300,3000,5,0.5,0.1,0.05,ambiguous,0.8
random_rater_cp,0.9973333333333333,0.8521144630559156,3.5233333333333334,0.002,0.0,2026191559,10,300,3000,5,0.5,0.1,0.05,ambiguous,0.8
naive_panel_cp,0.9226666666666666,0.7104985842336676,2.695,0.044,0.0,2026191559,10,300,3000,5,0.5,0.1,0.05,ambiguous,0.8
ptcp,1.0,0.9907064986893687,4.883333333333334,0.0,0.8833333333333333,2026191559,10,300,3000,5,0.5,0.1,0.05,ambiguous,0.8
ptcp_randomized,1.0,0.9907064986893687,4.883333333333334,0.0,0.8833333333333333,2026191559,10,300,3000,5,0.5,0.1,0.05,ambiguous,0.8
majority_cp,0.9883333333333333,0.8187628131726051,3.2733333333333334,0.0033333333333333335,0.0,2026191560,10,300,3000,5,0.5,0.1,0.05,ambiguous,0.8
random_rater_cp,0.9986666666666667,0.8937582657886881,3.792,0.0003333333333333333,0.0,2026191560,10,300,3000,5,0.5,0.1,0.05,ambiguous,0.8
naive_panel_cp,0.934,0.7251524136139498,2.7306666666666666,0.035333333333333335,0.0,2026191560,10,300,3000,5,0.5,0.1,0.05,ambiguous,0.8
ptcp,1.0,0.9894313360626213,4.865,0.0,0.865,2026191560,10,300,3000,5,0.5,0.1,0.05,ambiguous,0.8
ptcp_randomized,1.0,0.9894313360626213,4.865,0.0,0.865,2026191560,10,300,3000,5,0.5,0.1,0.05,ambiguous,0.8
majority_cp,0.9773333333333334,0.7836517076389956,3.074666666666667,0.015,0.0,2026191561,10,300,3000,5,0.5,0.1,0.05,ambiguous,0.8
random_rater_cp,1.0,0.8980111970893933,3.841,0.0,0.0,2026191561,10,300,3000,5,0.5,0.1,0.05,ambiguous,0.8
naive_panel_cp,0.911,0.7038977520191676,2.6393333333333335,0.050333333333333334,0.0,2026191561,10,300,3000,5,0.5,0.1,0.05,ambiguous,0.8
ptcp,1.0,0.9999400109526204,4.999666666666666,0.0,0.9996666666666667,2026191561,10,300,3000,5,0.5,0.1,0.05,ambiguous,0.8
ptcp_randomized,1.0,0.9901710418270345,4.875666666666667,0.0,0.8756666666666667,2026191561,10,300,3000,5,0.5,0.1,0.05,ambiguous,0.8
majority_cp,0.981,0.8078406642143666,3.2283333333333335,0.007,0.0,2026191562,10,300,3000,5,0.5,0.1,0.05,ambiguous,0.8
random_rater_cp,0.9993333333333333,0.9089031851571563,3.9436666666666667,0.0,0.0,2026191562,10,300,3000,5,0.5,0.1,0.05,ambiguous,0.8
naive_panel_cp,0.9223333333333333,0.7234027527591694,2.743,0.041666666666666664,0.0,2026191562,10,300,3000,5,0.5,0.1,0.05,ambiguous,0.8
ptcp,1.0,0.989705682573131,4.874333333333333,0.0,0.8743333333333333,2026191562,10,300,3000,5,0.5,0.1,0.05,ambiguous,0.8
ptcp_randomized,1.0,0.989705682573131,4.874333333333333,0.0,0.8743333333333333,2026191562,10,300,3000,5,0.5,0.1,0.05,ambiguous,0.8
majority_cp,0.9956666666666667,0.8449340143276507,3.4386666666666668,0.0033333333333333335,0.0,2026191563,10,300,3000,5,0.5,0.1,0.05,ambiguous,0.8
random_rater_cp,0.999,0.8737270774206396,3.6446666666666667,0.0006666666666666666,0.0,2026191563,10,300,3000,5,0.5,0.1,0.05,ambiguous,0.8
naive_panel_cp,0.9453333333333334,0.7383196241937673,2.7946666666666666,0.030666666666666665,0.0,2026191563,10,300,3000,5,0.5,0.1,0.05,ambiguous,0.8
ptcp,1.0,0.989324369874435,4.869666666666666,0.0,0.8696666666666667,2026191563,10,300,3000,5,0.5,0.1,0.05,ambiguous,0.8
ptcp_randomized,1.0,0.989324369874435,4.869666666666666,0.0,0.8696666666666667,2026191563,10,300,3000,5,0.5,0.1,0.05,ambiguous,0.8
majority_cp,0.9636666666666667,0.7747633507259445,3.010666666666667,0.019,0.0,2026191564,10,300,3000,5,0.5,0.1,0.05,ambiguous,0.8
random_rater_cp,0.9983333333333333,0.8953555992614617,3.8256666666666668,0.0,0.0,2026191564,10,300,3000,5,0.5,0.1,0.05,ambiguous,0.8
naive_panel_cp,0.8966666666666666,0.694946488780771,2.5923333333333334,0.050333333333333334,0.0,2026191564,10,300,3000,5,0.5,0.1,0.05,ambiguous,0.8
ptcp,0.9996666666666667,0.9899454265101177,4.871666666666667,0.0,0.8716666666666667,2026191564,10,300,3000,5,0.5,0.1,0.05,ambiguous,0.8
ptcp_randomized,0.999,0.9423851780869269,4.296,0.0,0.296,2026191564,10,300,3000,5,0.5,0.1,0.05,ambiguous,0.8
majority_cp,0.9943333333333333,0.8412927991196997,3.4323333333333332,0.003,0.0,2026191565,10,300,3000,5,0.5,0.1,0.05,ambiguous,0.8
random_rater_cp,0.9996666666666667,0.9035546986409824,3.8903333333333334,0.0,0.0,2026191565,10,300,3000,5,0.5,0.1,0.05,ambiguous,0.8
naive_panel_cp,0.921,0.7178466875848141,2.7146666666666666,0.03866666666666667,0.0,2026191565,10,300,3000,5,0.5,0.1,0.05,ambiguous,0.8
ptcp,1.0,0.9893072459111002,4.8693333333333335,0.0,0.8693333333333333,2026191565,10,300,3000,5,0.5,0.1,0.05,ambiguous,0.8
ptcp_randomized,1.0,0.9893072459111002,4.8693333333333335,0.0,0.8693333333333333,2026191565,10,300,3000,5,0.5,0.1,0.05,ambiguous,0.8
majority_cp,0.982,0.8015866259849684,3.1806666666666668,0.007666666666666666,0.0,2026191566,10,300,3000,5,0.5,0.1,0.05,ambiguous,0.8
random_rater_cp,1.0,0.9217389059269957,4.054333333333333,0.0,0.05433333333333333,2026191566,10,300,3000,5,0.5,0.1,0.05,ambiguous,0.8
naive_panel_cp,0.889,0.6896267891925042,2.5533333333333332,0.057666666666666665,0.0,2026191566,10,300,3000,5,0.5,0.1,0.05,ambiguous,0.8
ptcp,1.0,0.9899839590451581,4.879666666666667,0.0,0.8796666666666667,2026191566,10,300,3000,5,0.5,0.1,0.05,ambiguous,0.8
ptcp_randomized,1.0,0.9899839590451581,4.879666666666667,0.0,0.8796666666666667,2026191566,10,300,3000,5,0.5,0.1,0.05,ambiguous,0.8
majority_cp,0.9946666666666667,0.838033390288702,3.414,0.004333333333333333,0.0,2026191567,10,300,3000,5,0.5,0.1,0.05,ambiguous,0.8
random_rater_cp,0.9996666666666667,0.9363574313660457,4.272666666666667,0.0,0.27266666666666667,2026191567,10,300,3000,5,0.5,0.1,0.05,ambiguous,0.8
naive_panel_cp,0.8906666666666667,0.6833963378739333,2.5406666666666666,0.06333333333333334,0.0,2026191567,10,300,3000,5,0.5,0.1,0.05,ambiguous,0.8
ptcp,1.0,0.9893399718200202,4.878666666666667,0.0,0.8786666666666667,2026191567,10,300,3000,5,0.5,0.1,0.05,ambiguous,0.8
ptcp_randomized,1.0,0.9893399718200202,4.878666666666667,0.0,0.8786666666666667,2026191567,10,300,3000,5,0.5,0.1,0.05,ambiguous,0.8
majority_cp,0.986,0.8233725764635816,3.292666666666667,0.0036666666666666666,0.0,2026191568,10,300,3000,5,0.5,0.1,0.05,ambiguous,0.8
random_rater_cp,0.9993333333333333,0.9089642702557953,3.909,0.0,0.0,2026191568,10,300,3000,5,0.5,0.1,0.05,ambiguous,0.8
naive_panel_cp,0.933,0.727858309145139,2.741,0.033666666666666664,0.0,2026191568,10,300,3000,5,0.5,0.1,0.05,ambiguous,0.8
ptcp,1.0,0.9908117238235794,4.878,0.0,0.878,2026191568,10,300,3000,5,0.5,0.1,0.05,ambiguous,0.8
ptcp_randomized,1.0,0.9908117238235794,4.878,0.0,0.878,2026191568,10,300,3000,5,0.5,0.1,0.05,ambiguous,0.8
majority_cp,0.998,0.8632820836945352,3.558,0.0006666666666666666,0.0,2026191569,10,300,3000,5,0.5,0.1,0.05,ambiguous,0.8
random_rater_cp,1.0,0.9408892959405867,4.269333333333333,0.0,0.2693333333333333,2026191569,10,300,3000,5,0.5,0.1,0.05,ambiguous,0.8
naive_panel_cp,0.9206666666666666,0.7169677144556199,2.682,0.04066666666666666,0.0,2026191569,10,300,3000,5,0.5,0.1,0.05,ambiguous,0.8
ptcp,1.0,0.9902846886582319,4.868333333333333,0.0,0.8683333333333333,2026191569,10,300,3000,5,0.5,0.1,0.05,ambiguous,0.8
ptcp_randomized,1.0,0.9902846886582319,4.868333333333333,0.0,0.8683333333333333,2026191569,10,300,3000,5,0.5,0.1,0.05,ambiguous,0.8
majority_cp,0.9976666666666667,0.8615113774438103,3.5653333333333332,0.001,0.0,2026191570,10,300,3000,5,0.5,0.1,0.05,ambiguous,0.8
random_rater_cp,0.9996666666666667,0.8969960835049442,3.828666666666667,0.0003333333333333333,0.0,2026191570,10,300,3000,5,0.5,0.1,0.05,ambiguous,0.8
naive_panel_cp,0.929,0.7263753534289991,2.722,0.043666666666666666,0.0,2026191570,10,300,3000,5,0.5,0.1,0.05,ambiguous,0.8
ptcp,1.0,0.9892186406003297,4.865,0.0,0.865,2026191570,10,300,3000,5,0.5,0.1,0.05,ambiguous,0.8
ptcp_randomized,1.0,0.9892186406003297,4.865,0.0,0.865,2026191570,10,300,3000,5,0.5,0.1,0.05,ambiguous,0.8
majority_cp,0.9876666666666667,0.8243771710120773,3.3213333333333335,0.006333333333333333,0.0,2026191571,10,300,3000,5,0.5,0.1,0.05,ambiguous,0.8
random_rater_cp,0.9983333333333333,0.8989914672732716,3.8486666666666665,0.0,0.0,2026191571,10,300,3000,5,0.5,0.1,0.05,ambiguous,0.8
naive_panel_cp,0.9246666666666666,0.7282224245565287,2.7596666666666665,0.03966666666666667,0.0,2026191571,10,300,3000,5,0.5,0.1,0.05,ambiguous,0.8
ptcp,0.9996666666666667,0.9892250981916619,4.876666666666667,0.0,0.8766666666666667,2026191571,10,300,3000,5,0.5,0.1,0.05,ambiguous,0.8
ptcp_randomized,0.9996666666666667,0.9892250981916619,4.876666666666667,0.0,0.8766666666666667,2026191571,10,300,3000,5,0.5,0.1,0.05,ambiguous,0.8
majority_cp,0.9943333333333333,0.847210989395232,3.488,0.003,0.0,2026191572,10,300,3000,5,0.5,0.1,0.05,ambiguous,0.8
random_rater_cp,1.0,0.9059236332734417,3.914,0.0,0.0,2026191572,10,300,3000,5,0.5,0.1,0.05,ambiguous,0.8
naive_panel_cp,0.9363333333333334,0.7238061868766721,2.7493333333333334,0.034666666666666665,0.0,2026191572,10,300,3000,5,0.5,0.1,0.05,ambiguous,0.8
ptcp,1.0,0.9897562818862771,4.870666666666667,0.0,0.8706666666666667,2026191572,10,300,3000,5,0.5,0.1,0.05,ambiguous,0.8
ptcp_randomized,1.0,0.9897562818862771,4.870666666666667,0.0,0.8706666666666667,2026191572,10,300,3000,5,0.5,0.1,0.05,ambiguous,0.8
majority_cp,0.9936666666666667,0.8421765154022491,3.444,0.003,0.0,2026191573,10,300,3000,5,0.5,0.1,0.05,ambiguous,0.8
random_rater_cp,0.997,0.8680883684129295,3.6233333333333335,0.0006666666666666666,0.0,2026191573,10,300,3000,5,0.5,0.1,0.05,ambiguous,0.8
naive_panel_cp,0.933,0.7298573094444526,2.776,0.03233333333333333,0.0,2026191573,10,300,3000,5,0.5,0.1,0.05,ambiguous,0.8
ptcp,1.0,0.98982057709909,4.867666666666667,0.0,0.8676666666666667,2026191573,10,300,3000,5,0.5,0.1,0.05,ambiguous,0.8
ptcp_randomized,1.0,0.98982057709909,4.867666666666667,0.0,0.8676666666666667,2026191573,10,300,3000,5,0.5,0.1,0.05,ambiguous,0.8
majority_cp,0.9846666666666667,0.8142858985010346,3.264,0.005333333333333333,0.0,2026191574,10,300,3000,5,0.5,0.1,0.05,ambiguous,0.8
random_rater_cp,1.0,0.9060946303648655,3.9126666666666665,0.0003333333333333333,0.0,2026191574,10,300,3000,5,0.5,0.1,0.05,ambiguous,0.8
naive_panel_cp,0.9116666666666666,0.7089339483082506,2.669,0.055,0.0,2026191574,10,300,3000,5,0.5,0.1,0.05,ambiguous,0.8
ptcp,1.0,0.9891790984912502,4.868666666666667,0.0,0.8686666666666667,2026191574,10,300,3000,5,0.5,0.1,0.05,ambiguous,0.8
ptcp_randomized,1.0,0.9891790984912502,4.868666666666667,0.0,0.8686666666666667,2026191574,10,300,3000,5,0.5,0.1,0.05,ambiguous,0.8
majority_cp,0.994,0.8580015505929193,3.559,0.002,0.0,2026191575,10,300,3000,5,0.5,0.1,0.05,ambiguous,0.8
random_rater_cp,0.9996666666666667,0.9153847408038225,3.997,0.0,0.0,2026191575,10,300,3000,5,0.5,0.1,0.05,ambiguous,0.8
naive_panel_cp,0.9316666666666666,0.728610780478838,2.7666666666666666,0.036,0.0,2026191575,10,300,3000,5,0.5,0.1,0.05,ambiguous,0.8
ptcp,0.9996666666666667,0.989722520777586,4.873666666666667,0.0,0.8736666666666667,2026191575,10,300,3000,5,0.5,0.1,0.05,ambiguous,0.8
ptcp_randomized,0.9996666666666667,0.989722520777586,4.873666666666667,0.0,0.8736666666666667,2026191575,10,300,3000,5,0.5,0.1,0.05,ambiguous,0.8
majority_cp,0.9806666666666667,0.8041780813402487,3.184,0.009,0.0,2026191576,10,300,3000,5,0.5,0.1,0.05,ambiguous,0.8
random_rater_cp,0.9996666666666667,0.9077888081499151,3.9243333333333332,0.0003333333333333333,0.0,2026191576,10,300,3000,5,0.5,0.1,0.05,ambiguous,0.8
naive_panel_cp,0.9093333333333333,0.7091283642728986,2.655666666666667,0.04666666666666667,0.0,2026191576,10,300,3000,5,0.5,0.1,0.05,ambiguous,0.8
ptcp,1.0,0.9900513558179849,4.875,0.0,0.875,2026191576,10,300,3000,5,0.5,0.1,0.05,ambiguous,0.8
ptcp_randomized,1.0,0.9900513558179849,4.875,0.0,0.875,2026191576,10,300,3000,5,0.5,0.1,0.05,ambiguous,0.8
majority_cp,0.9946666666666667,0.8478292729844422,3.4683333333333333,0.001,0.0,2026191577,10,300,3000,5,0.5,0.1,0.05,ambiguous,0.8
random_rater_cp,0.9996666666666667,0.9130692622936487,3.966666666666667,0.0,0.0,2026191577,10,300,3000,5,0.5,0.1,0.05,ambiguous,0.8
naive_panel_cp,0.9356666666666666,0.7280659420897264,2.754,0.03666666666666667,0.0,2026191577,10,300,3000,5,0.5,0.1,0.05,ambiguous,0.8
ptcp,1.0,0.9889052484767639,4.862666666666667,0.0,0.8626666666666667,2026191577,10,300,3000,5,0.5,0.1,0.05,ambiguous,0.8
ptcp_randomized,1.0,0.9889052484767639,4.862666666666667,0.0,0.8626666666666667,2026191577,10,300,3000,5,0.5,0.1,0.05,ambiguous,0.8
majority_cp,0.987,0.805974059810742,3.203333333333333,0.005333333333333333,0.0,2026191578,10,300,3000,5,0.5,0.1,0.05,ambiguous,0.8
random_rater_cp,0.9996666666666667,0.9205582419245781,4.058666666666666,0.0,0.058666666666666666,2026191578,10,300,3000,5,0.5,0.1,0.05,ambiguous,0.8
naive_panel_cp,0.9343333333333333,0.7207373911058497,2.7196666666666665,0.036,0.0,2026191578,10,300,3000,5,0.5,0.1,0.05,ambiguous,0.8
ptcp,1.0,0.9901948126029588,4.870333333333333,0.0,0.8703333333333333,2026191578,10,300,3000,5,0.5,0.1,0.05,ambiguous,0.8
ptcp_randomized,1.0,0.9901948126029588,4.870333333333333,0.0,0.8703333333333333,2026191578,10,300,3000,5,0.5,0.1,0.05,ambiguous,0.8
majority_cp,0.968,0.766749815122336,2.987,0.019666666666666666,0.0,2026191579,10,300,3000,5,0.5,0.1,0.05,ambiguous,0.8
random_rater_cp,0.9993333333333333,0.8924850806793279,3.8193333333333332,0.0,0.0,2026191579,10,300,3000,5,0.5,0.1,0.05,ambiguous,0.8
naive_panel_cp,0.9436666666666667,0.7333626052849688,2.791333333333333,0.030333333333333334,0.0,2026191579,10,300,3000,5,0.5,0.1,0.05,ambiguous,0.8
ptcp,1.0,0.9887171357612327,4.868666666666667,0.0,0.8686666666666667,2026191579,10,300,3000,5,0.5,0.1,0.05,ambiguous,0.8
ptcp_randomized,1.0,0.9887171357612327,4.868666666666667,0.0,0.8686666666666667,2026191579,10,300,3000,5,0.5,0.1,0.05,ambiguous,0.8
majority_cp,0.9893333333333333,0.8350255119517048,3.377,0.004,0.0,2026191580,10,300,3000,5,0.5,0.1,0.05,ambiguous,0.8
random_rater_cp,0.9993333333333333,0.939124006779735,4.262,0.0,0.262,2026191580,10,300,3000,5,0.5,0.1,0.05,ambiguous,0.8
naive_panel_cp,0.927,0.7264673512951443,2.743,0.04,0.0,2026191580,10,300,3000,5,0.5,0.1,0.05,ambiguous,0.8
ptcp,1.0,0.9894652396664352,4.872333333333334,0.0,0.8723333333333333,2026191580,10,300,3000,5,0.5,0.1,0.05,ambiguous,0.8
ptcp_randomized,1.0,0.9894652396664352,4.872333333333334,0.0,0.8723333333333333,2026191580,10,300,3000,5,0.5,0.1,0.05,ambiguous,0.8
majority_cp,0.9853333333333333,0.8176152703529098,3.271333333333333,0.008,0.0,2026191581,10,300,3000,5,0.5,0.1,0.05,ambiguous,0.8
random_rater_cp,0.998,0.8837120738939184,3.7296666666666667,0.0,0.0,2026191581,10,300,3000,5,0.5,0.1,0.05,ambiguous,0.8
naive_panel_cp,0.9113333333333333,0.7115718194229633,2.6766666666666667,0.046,0.0,2026191581,10,300,3000,5,0.5,0.1,0.05,ambiguous,0.8
ptcp,1.0,0.9899205200489647,4.869,0.0,0.869,2026191581,10,300,3000,5,0.5,0.1,0.05,ambiguous,0.8
ptcp_randomized,1.0,0.9899205200489647,4.869,0.0,0.869,2026191581,10,300,3000,5,0.5,0.1,0.05,ambiguous,0.8
majority_cp,0.993,0.8410475425553686,3.441,0.003,0.0,2026191582,10,300,3000,5,0.5,0.1,0.05,ambiguous,0.8
random_rater_cp,0.9983333333333333,0.8865596576310321,3.763,0.0006666666666666666,0.0,2026191582,10,300,3000,5,0.5,0.1,0.05,ambiguous,0.8
naive_panel_cp,0.919,0.7078862839574197,2.656,0.049,0.0,2026191582,10,300,3000,5,0.5,0.1,0.05,ambiguous,0.8
ptcp,1.0,0.9897992747066829,4.866666666666666,0.0,0.8666666666666667,2026191582,10,300,3000,5,0.5,0.1,0.05,ambiguous,0.8
ptcp_randomized,1.0,0.9897992747066829,4.866666666666666,0.0,0.8666666666666667,2026191582,10,300,3000,5,0.5,0.1,0.05,ambiguous,0.8
majority_cp,0.988,0.8274336356637456,3.3353333333333333,0.0033333333333333335,0.0,2026191583,10,300,3000,5,0.5,0.1,0.05,ambiguous,0.8
random_rater_cp,0.9986666666666667,0.8919105892228233,3.7936666666666667,0.0,0.0,2026191583,10,300,3000,5,0.5,0.1,0.05,ambiguous,0.8
naive_panel_cp,0.9116666666666666,0.7084763406035582,2.649,0.043666666666666666,0.0,2026191583,10,300,3000,5,0.5,0.1,0.05,ambiguous,0.8
ptcp,1.0,0.9890953200886291,4.863666666666667,0.0,0.8636666666666667,2026191583,10,300,3000,5,0.5,0.1,0.05,ambiguous,0.8
ptcp_randomized,1.0,0.9890953200886291,4.863666666666667,0.0,0.8636666666666667,2026191583,10,300,3000,5,0.5,0.1,0.05,ambiguous,0.8
majority_cp,0.987,0.8172997902482921,3.279,0.007,0.0,2026191584,10,300,3000,5,0.5,0.1,0.05,ambiguous,0.8
random_rater_cp,0.998,0.8677762632795845,3.6153333333333335,0.001,0.0,2026191584,10,300,3000,5,0.5,0.1,0.05,ambiguous,0.8
naive_panel_cp,0.9236666666666666,0.7195730207720359,2.716666666666667,0.04133333333333333,0.0,2026191584,10,300,3000,5,0.5,0.1,0.05,ambiguous,0.8
ptcp,1.0,0.988575158658499,4.856,0.0,0.856,2026191584,10,300,3000,5,0.5,0.1,0.05,ambiguous,0.8
ptcp_randomized,1.0,0.988575158658499,4.856,0.0,0.856,2026191584,10,300,3000,5,0.5,0.1,0.05,ambiguous,0.8
majority_cp,0.996,0.8662559809463436,3.5976666666666666,0.0013333333333333333,0.0,2026191585,10,300,3000,5,0.5,0.1,0.05,ambiguous,0.8
random_rater_cp,0.998,0.8860398938721723,3.748666666666667,0.0,0.0,2026191585,10,300,3000,5,0.5,0.1,0.05,ambiguous,0.8
naive_panel_cp,0.917,0.7095190408155049,2.674,0.04633333333333333,0.0,2026191585,10,300,3000,5,0.5,0.1,0.05,ambiguous,0.8
ptcp,1.0,0.9905194131432087,4.878333333333333,0.0,0.8783333333333333,2026191585,10,300,3000,5,0.5,0.1,0.05,ambiguous,0.8
ptcp_randomized,1.0,0.9905194131432087,4.878333333333333,0.0,0.8783333333333333,2026191585,10,300,3000,5,0.5,0.1,0.05,ambiguous,0.8
majority_cp,0.9926666666666667,0.8304265140389337,3.383,0.0036666666666666666,0.0,2026191586,10,300,3000,5,0.5,0.1,0.05,ambiguous,0.8
random_rater_cp,0.9996666666666667,0.90852587571364,3.9513333333333334,0.0,0.0,2026191586,10,300,3000,5,0.5,0.1,0.05,ambiguous,0.8
naive_panel_cp,0.9463333333333334,0.7383799504511842,2.840333333333333,0.02666666666666667,0.0,2026191586,10,300,3000,5,0.5,0.1,0.05,ambiguous,0.8
ptcp,1.0,0.9906423230193705,4.877666666666666,0.0,0.8776666666666667,2026191586,10,300,3000,5,0.5,0.1,0.05,ambiguous,0.8
ptcp_randomized,1.0,0.9906423230193705,4.877666666666666,0.0,0.8776666666666667,2026191586,10,300,3000,5,0.5,0.1,0.05,ambiguous,0.8
majority_cp,0.9793333333333333,0.7940699683754309,3.1243333333333334,0.009333333333333334,0.0,2026191587,10,300,3000,5,0.5,0.1,0.05,ambiguous,0.8
random_rater_cp,1.0,0.9212527525472021,4.05,0.0,0.05,2026191587,10,300,3000,5,0.5,0.1,0.05,ambiguous,0.8
naive_panel_cp,0.9083333333333333,0.6993440544582542,2.5976666666666666,0.050666666666666665,0.0,2026191587,10,300,3000,5,0.5,0.1,0.05,ambiguous,0.8
ptcp,1.0,0.9999535700021258,4.999666666666666,0.0,0.9996666666666667,2026191587,10,300,3000,5,0.5,0.1,0.05,ambiguous,0.8
ptcp_randomized,1.0,0.9894097677839444,4.8646666666666665,0.0,0.8646666666666667,2026191587,10,300,3000,5,0.5,0.1,0.05,ambiguous,0.8
majority_cp,0.989,0.8177619095669616,3.283333333333333,0.005,0.0,2026191588,10,300,3000,5,0.5,0.1,0.05,ambiguous,0.8
random_rater_cp,0.9996666666666667,0.912195031571509,3.963,0.0,0.0,2026191588,10,300,3000,5,0.5,0.1,0.05,ambiguous,0.8
naive_panel_cp,0.9386666666666666,0.7284438259538316,2.764,0.027666666666666666,0.0,2026191588,10,300,3000,5,0.5,0.1,0.05,ambiguous,0.8
ptcp,1.0,0.9900554216363461,4.880333333333334,0.0,0.8803333333333333,2026191588,10,300,3000,5,0.5,0.1,0.05,ambiguous,0.8
ptcp_randomized,1.0,0.9900554216363461,4.880333333333334,0.0,0.8803333333333333,2026191588,10,300,3000,5,0.5,0.1,0.05,ambiguous,0.8
majority_cp,0.9933333333333333,0.8316836271122336,3.3853333333333335,0.004,0.0,2026191589,10,300,3000,5,0.5,0.1,0.05,ambiguous,0.8
random_rater_cp,0.9996666666666667,0.9079629893598208,3.9463333333333335,0.0,0.0,2026191589,10,300,3000,5,0.5,0.1,0.05,ambiguous,0.8
naive_panel_cp,0.9313333333333333,0.7239224769947732,2.7643333333333335,0.037,0.0,2026191589,10,300,3000,5,0.5,0.1,0.05,ambiguous,0.8
ptcp,1.0,0.9890057374257958,4.868,0.0,0.868,2026191589,10,300,3000,5,0.5,0.1,0.05,ambiguous,0.8
ptcp_randomized,1.0,0.9890057374257958,4.868,0.0,0.868,2026191589,10,300,3000,5,0.5,0.1,0.05,ambiguous,0.8
majority_cp,0.986,0.8053596532816724,3.183,0.009666666666666667,0.0,2026191590,10,300,3000,5,0.5,0.1,0.05,ambiguous,0.8
random_rater_cp,1.0,0.943551120005739,4.296333333333333,0.0,0.29633333333333334,2026191590,10,300,3000,5,0.5,0.1,0.05,ambiguous,0.8
naive_panel_cp,0.9023333333333333,0.6928657214066649,2.573,0.057,0.0,2026191590,10,300,3000,5,0.5,0.1,0.05,ambiguous,0.8
ptcp,1.0,0.990296970445491,4.871666666666667,0.0,0.8716666666666667,2026191590,10,300,3000,5,0.5,0.1,0.05,ambiguous,0.8
ptcp_randomized,1.0,0.990296970445491,4.871666666666667,0.0,0.8716666666666667,2026191590,10,300,3000,5,0.5,0.1,0.05,ambiguous,0.8
majority_cp,0.9976666666666667,0.8807610492453365,3.695333333333333,0.0,0.0,2026191591,10,300,3000,5,0.5,0.1,0.05,ambiguous,0.8
random_rater_cp,0.9993333333333333,0.9093391066410895,3.921,0.0,0.0,2026191591,10,300,3000,5,0.5,0.1,0.05,ambiguous,0.8
naive_panel_cp,0.9453333333333334,0.7381277315613423,2.805,0.03333333333333333,0.0,2026191591,10,300,3000,5,0.5,0.1,0.05,ambiguous,0.8
ptcp,0.9996666666666667,0.9902703785362934,4.878333333333333,0.0,0.8783333333333333,2026191591,10,300,3000,5,0.5,0.1,0.05,ambiguous,0.8
ptcp_randomized,0.9996666666666667,0.9902703785362934,4.878333333333333,0.0,0.8783333333333333,2026191591,10,300,3000,5,0.5,0.1,0.05,ambiguous,0.8
majority_cp,0.9776666666666667,0.8018629099815251,3.1763333333333335,0.010333333333333333,0.0,2026191592,10,300,3000,5,0.5,0.1,0.05,ambiguous,0.8
random_rater_cp,0.9996666666666667,0.9403044781311354,4.293333333333333,0.0,0.29333333333333333,2026191592,10,300,3000,5,0.5,0.1,0.05,ambiguous,0.8
naive_panel_cp,0.9283333333333333,0.7250030384019069,2.7443333333333335,0.03866666666666667,0.0,2026191592,10,300,3000,5,0.5,0.1,0.05,ambiguous,0.8
ptcp,1.0,0.9892688851108672,4.870666666666667,0.0,0.8706666666666667,2026191592,10,300,3000,5,0.5,0.1,0.05,ambiguous,0.8
ptcp_randomized,1.0,0.9892688851108672,4.870666666666667,0.0,0.8706666666666667,2026191592,10,300,3000,5,0.5,0.1,0.05,ambiguous,0.8
majority_cp,0.989,0.8152612829571787,3.245,0.009,0.0,2026191593,10,300,3000,5,0.5,0.1,0.05,ambiguous,0.8
random_rater_cp,1.0,0.9024740621206735,3.869,0.0,0.0,2026191593,10,300,3000,5,0.5,0.1,0.05,ambiguous,0.8
naive_panel_cp,0.9,0.6937847163197103,2.570666666666667,0.05733333333333333,0.0,2026191593,10,300,3000,5,0.5,0.1,0.05,ambiguous,0.8
ptcp,1.0,0.9895094834350856,4.875,0.0,0.875,2026191593,10,300,3000,5,0.5,0.1,0.05,ambiguous,0.8
ptcp_randomized,1.0,0.9895094834350856,4.875,0.0,0.875,2026191593,10,300,3000,5,0.5,0.1,0.05,ambiguous,0.8
majority_cp,0.971,0.7811360899417884,3.0326666666666666,0.016,0.0,2026191594,10,300,3000,5,0.5,0.1,0.05,ambiguous,0.8
random_rater_cp,0.9993333333333333,0.8892338578519748,3.7736666666666667,0.0,0.0,2026191594,10,300,3000,5,0.5,0.1,0.05,ambiguous,0.8
naive_panel_cp,0.9196666666666666,0.713571083448863,2.666,0.043333333333333335,0.0,2026191594,10,300,3000,5,0.5,0.1,0.05,ambiguous,0.8
ptcp,1.0,0.9902279052222536,4.879333333333333,0.0,0.8793333333333333,2026191594,10,300,3000,5,0.5,0.1,0.05,ambiguous,0.8
ptcp_randomized,1.0,0.9404609865986113,4.291333333333333,0.0,0.29133333333333333,2026191594,10,300,3000,5,0.5,0.1,0.05,ambiguous,0.8
majority_cp,0.9933333333333333,0.8581170857028425,3.545,0.0013333333333333333,0.0,2026191595,10,300,3000,5,0.5,0.1,0.05,ambiguous,0.8
random_rater_cp,0.9976666666666667,0.8786802739107603,3.687,0.001,0.0,2026191595,10,300,3000,5,0.5,0.1,0.05,ambiguous,0.8
naive_panel_cp,0.9393333333333334,0.7416509290208151,2.832333333333333,0.03666666666666667,0.0,2026191595,10,300,3000,5,0.5,0.1,0.05,ambiguous,0.8
ptcp,1.0,0.9902325397878059,4.875666666666667,0.0,0.8756666666666667,2026191595,10,300,3000,5,0.5,0.1,0.05,ambiguous,0.8
ptcp_randomized,1.0,0.9902325397878059,4.875666666666667,0.0,0.8756666666666667,2026191595,10,300,3000,5,0.5,0.1,0.05,ambiguous,0.8
majority_cp,0.984,0.8038232651355387,3.206,0.007666666666666666,0.0,2026191596,10,300,3000,5,0.5,0.1,0.05,ambiguous,0.8
random_rater_cp,0.9996666666666667,0.901492865531072,3.8756666666666666,0.0,0.0,2026191596,10,300,3000,5,0.5,0.1,0.05,ambiguous,0.8
naive_panel_cp,0.9083333333333333,0.6985935594282883,2.6216666666666666,0.04733333333333333,0.0,2026191596,10,300,3000,5,0.5,0.1,0.05,ambiguous,0.8
ptcp,1.0,0.9892803146646633,4.864,0.0,0.864,2026191596,10,300,3000,5,0.5,0.1,0.05,ambiguous,0.8
ptcp_randomized,1.0,0.9892803146646633,4.864,0.0,0.864,2026191596,10,300,3000,5,0.5,0.1,0.05,ambiguous,0.8
majority_cp,0.9906666666666667,0.8247967233648982,3.3073333333333332,0.005333333333333333,0.0,2026191597,10,300,3000,5,0.5,0.1,0.05,ambiguous,0.8
random_rater_cp,0.9996666666666667,0.8804877423827465,3.691,0.0003333333333333333,0.0,2026191597,10,300,3000,5,0.5,0.1,0.05,ambiguous,0.8
naive_panel_cp,0.9483333333333334,0.7422277311994012,2.826,0.028666666666666667,0.0,2026191597,10,300,3000,5,0.5,0.1,0.05,ambiguous,0.8
ptcp,1.0,0.9892039228733711,4.865333333333333,0.0,0.8653333333333333,2026191597,10,300,3000,5,0.5,0.1,0.05,ambiguous,0.8
ptcp_randomized,1.0,0.9892039228733711,4.865333333333333,0.0,0.8653333333333333,2026191597,10,300,3000,5,0.5,0.1,0.05,ambiguous,0.8
majority_cp,0.9923333333333333,0.8463648231095345,3.464,0.004,0.0,2026191598,10,300,3000,5,0.5,0.1,0.05,ambiguous,0.8
random_rater_cp,0.999,0.907734465954774,3.9243333333333332,0.0,0.0,2026191598,10,300,3000,5,0.5,0.1,0.05,ambiguous,0.8
naive_panel_cp,0.9083333333333333,0.7069772508604693,2.6513333333333335,0.04666666666666667,0.0,2026191598,10,300,3000,5,0.5,0.1,0.05,ambiguous,0.8
ptcp,1.0,0.9898128122897506,4.873333333333333,0.0,0.8733333333333333,2026191598,10,300,3000,5,0.5,0.1,0.05,ambiguous,0.8
ptcp_randomized,1.0,0.9898128122897506,4.873333333333333,0.0,0.8733333333333333,2026191598,10,300,3000,5,0.5,0.1,0.05,ambiguous,0.8
majority_cp,0.971,0.7787147725534029,3.075,0.012333333333333333,0.0,2026191599,10,300,3000,5,0.5,0.1,0.05,ambiguous,0.8
random_rater_cp,0.9983333333333333,0.8856486621118255,3.779,0.0003333333333333333,0.0,2026191599,10,300,3000,5,0.5,0.1,0.05,ambiguous,0.8
naive_panel_cp,0.8983333333333333,0.6971725537300251,2.62,0.052333333333333336,0.0,2026191599,10,300,3000,5,0.5,0.1,0.05,ambiguous,0.8
ptcp,1.0,0.9891810995991708,4.870666666666667,0.0,0.8706666666666667,2026191599,10,300,3000,5,0.5,0.1,0.05,ambiguous,0.8
ptcp_randomized,1.0,0.9891810995991708,4.870666666666667,0.0,0.8706666666666667,2026191599,10,300,3000,5,0.5,0.1,0.05,ambiguous,0.8
majority_cp,0.9863333333333333,0.8238180352405392,3.3076666666666665,0.006666666666666667,0.0,2026191600,10,300,3000,5,0.5,0.1,0.05,ambiguous,0.8
random_rater_cp,0.9993333333333333,0.9077203831380607,3.914,0.0,0.0,2026191600,10,300,3000,5,0.5,0.1,0.05,ambiguous,0.8
naive_panel_cp,0.9456666666666667,0.743360318484282,2.832,0.029666666666666668,0.0,2026191600,10,300,3000,5,0.5,0.1,0.05,ambiguous,0.8
ptcp,1.0,0.9892311055560499,4.865666666666667,0.0,0.8656666666666667,2026191600,10,300,3000,5,0.5,0.1,0.05,ambiguous,0.8
ptcp_randomized,1.0,0.9892311055560499,4.865666666666667,0.0,0.8656666666666667,2026191600,10,300,3000,5,0.5,0.1,0.05,ambiguous,0.8
majority_cp,0.9853333333333333,0.8166584496710745,3.2676666666666665,0.005,0.0,2026191601,10,300,3000,5,0.5,0.1,0.05,ambiguous,0.8
random_rater_cp,0.9993333333333333,0.9159838890965412,3.9923333333333333,0.0,0.0,2026191601,10,300,3000,5,0.5,0.1,0.05,ambiguous,0.8
naive_panel_cp,0.9113333333333333,0.7114905660152532,2.667666666666667,0.04633333333333333,0.0,2026191601,10,300,3000,5,0.5,0.1,0.05,ambiguous,0.8
ptcp,1.0,0.9890061688486147,4.868333333333333,0.0,0.8683333333333333,2026191601,10,300,3000,5,0.5,0.1,0.05,ambiguous,0.8
ptcp_randomized,1.0,0.9890061688486147,4.868333333333333,0.0,0.8683333333333333,2026191601,10,300,3000,5,0.5,0.1,0.05,ambiguous,0.8
majority_cp,0.9933333333333333,0.8420889688572467,3.433666666666667,0.0026666666666666666,0.0,2026191602,10,300,3000,5,0.5,0.1,0.05,ambiguous,0.8
random_rater_cp,1.0,0.9210968950070595,4.047666666666666,0.0,0.04766666666666667,2026191602,10,300,3000,5,0.5,0.1,0.05,ambiguous,0.8
naive_panel_cp,0.9083333333333333,0.7014024751066148,2.607666666666667,0.05533333333333333,0.0,2026191602,10,300,3000,5,0.5,0.1,0.05,ambiguous,0.8
ptcp,1.0,0.9907976118308058,4.874666666666666,0.0,0.8746666666666667,2026191602,10,300,3000,5,0.5,0.1,0.05,ambiguous,0.8
ptcp_randomized,1.0,0.9907976118308058,4.874666666666666,0.0,0.8746666666666667,2026191602,10,300,3000,5,0.5,0.1,0.05,ambiguous,0.8
majority_cp,0.972,0.7833801664009722,3.0603333333333333,0.013666666666666667,0.0,2026191603,10,300,3000,5,0.5,0.1,0.05,ambiguous,0.8
random_rater_cp,0.999,0.9009444593668905,3.8786666666666667,0.0,0.0,2026191603,10,300,3000,5,0.5,0.1,0.05,ambiguous,0.8
naive_panel_cp,0.921,0.7164147583269438,2.683,0.04533333333333334,0.0,2026191603,10,300,3000,5,0.5,0.1,0.05,ambiguous,0.8
ptcp,1.0,0.9903925727806169,4.875666666666667,0.0,0.8756666666666667,2026191603,10,300,3000,5,0.5,0.1,0.05,ambiguous,0.8
ptcp_randomized,1.0,0.9903925727806169,4.875666666666667,0.0,0.8756666666666667,2026191603,10,300,3000,5,0.5,0.1,0.05,ambiguous,0.8
majority_cp,0.9973333333333333,0.8595068589434416,3.563,0.0023333333333333335,0.0,2026191604,10,300,3000,5,0.5,0.1,0.05,ambiguous,0.8
random_rater_cp,0.9996666666666667,0.9129383356190038,3.974,0.0,0.0,2026191604,10,300,3000,5,0.5,0.1,0.05,ambiguous,0.8
naive_panel_cp,0.9566666666666667,0.755851995992852,2.9236666666666666,0.021333333333333333,0.0,2026191604,10,300,3000,5,0.5,0.1,0.05,ambiguous,0.8
ptcp,1.0,0.9898053298389442,4.869666666666666,0.0,0.8696666666666667,2026191604,10,300,3000,5,0.5,0.1,0.05,ambiguous,0.8
ptcp_randomized,1.0,0.9898053298389442,4.869666666666666,0.0,0.8696666666666667,2026191604,10,300,3000,5,0.5,0.1,0.05,ambiguous,0.8
majority_cp,0.9893333333333333,0.8204691210145239,3.2906666666666666,0.007,0.0,2026191605,10,300,3000,5,0.5,0.1,0.05,ambiguous,0.8
random_rater_cp,0.9993333333333333,0.8952820445783436,3.8193333333333332,0.0,0.0,2026191605,10,300,3000,5,0.5,0.1,0.05,ambiguous,0.8
naive_panel_cp,0.9176666666666666,0.7101042289775074,2.671666666666667,0.04566666666666667,0.0,2026191605,10,300,3000,5,0.5,0.1,0.05,ambiguous,0.8
ptcp,0.9996666666666667,0.9892510355586465,4.867,0.0,0.867,2026191605,10,300,3000,5,0.5,0.1,0.05,ambiguous,0.8
ptcp_randomized,0.9996666666666667,0.9892510355586465,4.867,0.0,0.867,2026191605,10,300,3000,5,0.5,0.1,0.05,ambiguous,0.8
majority_cp,0.996,0.8681979418116118,3.6306666666666665,0.0003333333333333333,0.0,2026191606,10,300,3000,5,0.5,0.1,0.05,ambiguous,0.8
random_rater_cp,1.0,0.9187334977329247,4.047,0.0,0.047,2026191606,10,300,3000,5,0.5,0.1,0.05,ambiguous,0.8
naive_panel_cp,0.9363333333333334,0.7339358497173009,2.789,0.03833333333333333,0.0,2026191606,10,300,3000,5,0.5,0.1,0.05,ambiguous,0.8
ptcp,1.0,0.9884489994169056,4.866666666666666,0.0,0.8666666666666667,2026191606,10,300,3000,5,0.5,0.1,0.05,ambiguous,0.8
ptcp_randomized,1.0,0.9884489994169056,4.866666666666666,0.0,0.8666666666666667,2026191606,10,300,3000,5,0.5,0.1,0.05,ambiguous,0.8
majority_cp,0.9886666666666667,0.8190091203961817,3.2903333333333333,0.005,0.0,2026191607,10,300,3000,5,0.5,0.1,0.05,ambiguous,0.8
random_rater_cp,0.999,0.9213188005767803,4.050666666666666,0.0,0.050666666666666665,2026191607,10,300,3000,5,0.5,0.1,0.05,ambiguous,0.8
naive_panel_cp,0.927,0.7153221065943293,2.687333333333333,0.041666666666666664,0.0,2026191607,10,300,3000,5,0.5,0.1,0.05,ambiguous,0.8
ptcp,0.9996666666666667,0.9894139622175178,4.869,0.0,0.869,2026191607,10,300,3000,5,0.5,0.1,0.05,ambiguous,0.8
ptcp_randomized,0.999,0.9406272879784928,4.286666666666667,0.0,0.2866666666666667,2026191607,10,300,3000,5,0.5,0.1,0.05,ambiguous,0.8
majority_cp,0.9896666666666667,0.8302983277320045,3.3556666666666666,0.006,0.0,2026191608,10,300,3000,5,0.5,0.1,0.05,ambiguous,0.8
random_rater_cp,0.9996666666666667,0.9140962965427641,3.9736666666666665,0.0,0.0,2026191608,10,300,3000,5,0.5,0.1,0.05,ambiguous,0.8
naive_panel_cp,0.9373333333333334,0.7297534944576837,2.7596666666666665,0.037,0.0,2026191608,10,300,3000,5,0.5,0.1,0.05,ambiguous,0.8
ptcp,1.0,0.988900500419225,4.867,0.0,0.867,2026191608,10,300,3000,5,0.5,0.1,0.05,ambiguous,0.8
ptcp_randomized,1.0,0.988900500419225,4.867,0.0,0.867,2026191608,10,300,3000,5,0.5,0.1,0.05,ambiguous,0.8
majority_cp,0.9866666666666667,0.8140350897807597,3.252,0.006666666666666667,0.0,2026191609,10,300,3000,5,0.5,0.1,0.05,ambiguous,0.8
random_rater_cp,0.9996666666666667,0.9065581759081376,3.9086666666666665,0.0,0.0,2026191609,10,300,3000,5,0.5,0.1,0.05,ambiguous,0.8
naive_panel_cp,0.9163333333333333,0.7123990030094695,2.677,0.050666666666666665,0.0,2026191609,10,300,3000,5,0.5,0.1,0.05,ambiguous,0.8
ptcp,1.0,0.9903084824050539,4.883,0.0,0.883,2026191609,10,300,3000,5,0.5,0.1,0.05,ambiguous,0.8
ptcp_randomized,1.0,0.9903084824050539,4.883,0.0,0.883,2026191609,10,300,3000,5,0.5,0.1,0.05,ambiguous,0.8
majority_cp,0.9973333333333333,0.8604688117618653,3.5693333333333332,0.0026666666666666666,0.0,2026191610,10,300,3000,5,0.5,0.1,0.05,ambiguous,0.8
random_rater_cp,0.9996666666666667,0.9123831893535214,3.9726666666666666,0.0,0.0,2026191610,10,300,3000,5,0.5,0.1,0.05,ambiguous,0.8
naive_panel_cp,0.953,0.7508417577155305,2.8913333333333333,0.024333333333333332,0.0,2026191610,10,300,3000,5,0.5,0.1,0.05,ambiguous,0.8
ptcp,1.0,0.9886605292977204,4.864,0.0,0.864,2026191610,10,300,3000,5,0.5,0.1,0.05,ambiguous,0.8
ptcp_randomized,1.0,0.9886605292977204,4.864,0.0,0.864,2026191610,10,300,3000,5,0.5,0.1,0.05,ambiguous,0.8
majority_cp,0.9933333333333333,0.8419987332109007,3.4393333333333334,0.0023333333333333335,0.0,2026191611,10,300,3000,5,0.5,0.1,0.05,ambiguous,0.8
random_rater_cp,0.9996666666666667,0.917033020516009,4.002,0.0,0.002,2026191611,10,300,3000,5,0.5,0.1,0.05,ambiguous,0.8
naive_panel_cp,0.9286666666666666,0.7250865947564271,2.740666666666667,0.03833333333333333,0.0,2026191611,10,300,3000,5,0.5,0.1,0.05,ambiguous,0.8
ptcp,1.0,0.9898440951076085,4.878,0.0,0.878,2026191611,10,300,3000,5,0.5,0.1,0.05,ambiguous,0.8
ptcp_randomized,1.0,0.9898440951076085,4.878,0.0,0.878,2026191611,10,300,3000,5,0.5,0.1,0.05,ambiguous,0.8
majority_cp,0.996,0.8665795170371401,3.6186666666666665,0.0006666666666666666,0.0,2026191612,10,300,3000,5,0.5,0.1,0.05,ambiguous,0.8
random_rater_cp,0.9983333333333333,0.8923752191606242,3.8066666666666666,0.0,0.0,2026191612,10,300,3000,5,0.5,0.1,0.05,ambiguous,0.8
naive_panel_cp,0.96,0.7543167627760407,2.9,0.021666666666666667,0.0,2026191612,10,300,3000,5,0.5,0.1,0.05,ambiguous,0.8
ptcp,1.0,0.9903200001982547,4.8806666666666665,0.0,0.8806666666666667,2026191612,10,300,3000,5,0.5,0.1,0.05,ambiguous,0.8
ptcp_randomized,1.0,0.9903200001982547,4.8806666666666665,0.0,0.8806666666666667,2026191612,10,300,3000,5,0.5,0.1,0.05,ambiguous,0.8
majority_cp,0.9876666666666667,0.8227351156847115,3.316333333333333,0.005333333333333333,0.0,2026191613,10,300,3000,5,0.5,0.1,0.05,ambiguous,0.8
random_rater_cp,0.9993333333333333,0.8970639369069298,3.840333333333333,0.0003333333333333333,0.0,2026191613,10,300,3000,5,0.5,0.1,0.05,ambiguous,0.8
naive_panel_cp,0.9246666666666666,0.7169869308849934,2.707333333333333,0.041,0.0,2026191613,10,300,3000,5,0.5,0.1,0.05,ambiguous,0.8
ptcp,1.0,0.9999801759297527,4.999333333333333,0.0,0.9993333333333333,2026191613,10,300,3000,5,0.5,0.1,0.05,ambiguous,0.8
ptcp_randomized,1.0,0.9900093252553208,4.878,0.0,0.878,2026191613,10,300,3000,5,0.5,0.1,0.05,ambiguous,0.8
majority_cp,0.9803333333333333,0.8054342661809639,3.2053333333333334,0.010333333333333333,0.0,2026191614,10,300,3000,5,0.5,0.1,0.05,ambiguous,0.8
random_rater_cp,1.0,0.9415383185433424,4.291666666666667,0.0,0.2916666666666667,2026191614,10,300,3000,5,0.5,0.1,0.05,ambiguous,0.8
naive_panel_cp,0.9146666666666666,0.7066739899043472,2.6533333333333333,0.048,0.0,2026191614,10,300,3000,5,0.5,0.1,0.05,ambiguous,0.8
ptcp,1.0,0.9900591801761569,4.872333333333334,0.0,0.8723333333333333,2026191614,10,300,3000,5,0.5,0.1,0.05,ambiguous,0.8
ptcp_randomized,1.0,0.9900591801761569,4.872333333333334,0.0,0.8723333333333333,2026191614,10,300,3000,5,0.5,0.1,0.05,ambiguous,0.8
majority_cp,0.9856666666666667,0.8129997317367492,3.2583333333333333,0.006,0.0,2026191615,10,300,3000,5,0.5,0.1,0.05,ambiguous,0.8
random_rater_cp,0.9993333333333333,0.9385599356157681,4.276,0.0,0.276,2026191615,10,300,3000,5,0.5,0.1,0.05,ambiguous,0.8
naive_panel_cp,0.9396666666666667,0.7324665927488292,2.7876666666666665,0.034666666666666665,0.0,2026191615,10,300,3000,5,0.5,0.1,0.05,ambiguous,0.8
ptcp,1.0,0.9904608722496527,4.8806666666666665,0.0,0.8806666666666667,2026191615,10,300,3000,5,0.5,0.1,0.05,ambiguous,0.8
ptcp_randomized,1.0,0.9904608722496527,4.8806666666666665,0.0,0.8806666666666667,2026191615,10,300,3000,5,0.5,0.1,0.05,ambiguous,0.8
majority_cp,0.9946666666666667,0.8449574585607719,3.4426666666666668,0.0023333333333333335,0.0,2026191616,10,300,3000,5,0.5,0.1,0.05,ambiguous,0.8
random_rater_cp,1.0,0.893911407871924,3.797,0.0003333333333333333,0.0,2026191616,10,300,3000,5,0.5,0.1,0.05,ambiguous,0.8
naive_panel_cp,0.9196666666666666,0.7127855284247984,2.6593333333333335,0.049666666666666665,0.0,2026191616,10,300,3000,5,0.5,0.1,0.05,ambiguous,0.8
ptcp,1.0,0.989620102225472,4.871333333333333,0.0,0.8713333333333333,2026191616,10,300,3000,5,0.5,0.1,0.05,ambiguous,0.8
ptcp_randomized,1.0,0.989620102225472,4.871333333333333,0.0,0.8713333333333333,2026191616,10,300,3000,5,0.5,0.1,0.05,ambiguous,0.8
majority_cp,0.9866666666666667,0.8194206191003401,3.275333333333333,0.004666666666666667,0.0,2026191617,10,300,3000,5,0.5,0.1,0.05,ambiguous,0.8
random_rater_cp,0.9993333333333333,0.9061308623996418,3.901666666666667,0.0,0.0,2026191617,10,300,3000,5,0.5,0.1,0.05,ambiguous,0.8
naive_panel_cp,0.9023333333333333,0.7047966882643899,2.6283333333333334,0.05366666666666667,0.0,2026191617,10,300,3000,5,0.5,0.1,0.05,ambiguous,0.8
ptcp,0.9996666666666667,0.9892969839364738,4.88,0.0,0.88,2026191617,10,300,3000,5,0.5,0.1,0.05,ambiguous,0.8
ptcp_randomized,0.9996666666666667,0.9892969839364738,4.88,0.0,0.88,2026191617,10,300,3000,5,0.5,0.1,0.05,ambiguous,0.8
majority_cp,0.9963333333333333,0.8502712010691659,3.4983333333333335,0.001,0.0,2026191618,10,300,3000,5,0.5,0.1,0.05,ambiguous,0.8
random_rater_cp,1.0,0.9386641535708086,4.282,0.0,0.282,2026191618,10,300,3000,5,0.5,0.1,0.05,ambiguous,0.8
naive_panel_cp,0.9126666666666666,0.7078020610864584,2.6433333333333335,0.051333333333333335,0.0,2026191618,10,300,3000,5,0.5,0.1,0.05,ambiguous,0.8
ptcp,1.0,0.9893857516121264,4.871666666666667,0.0,0.8716666666666667,2026191618,10,300,3000,5,0.5,0.1,0.05,ambiguous,0.8
ptcp_randomized,1.0,0.9893857516121264,4.871666666666667,0.0,0.8716666666666667,2026191618,10,300,3000,5,0.5,0.1,0.05,ambiguous,0.8
majority_cp,0.9806666666666667,0.7967934561489677,3.1573333333333333,0.009,0.0,2026191619,10,300,3000,5,0.5,0.1,0.05,ambiguous,0.8
random_rater_cp,1.0,0.9390801343646317,4.283666666666667,0.0,0.2836666666666667,2026191619,10,300,3000,5,0.5,0.1,0.05,ambiguous,0.8
naive_panel_cp,0.9296666666666666,0.7218154159399844,2.736,0.03833333333333333,0.0,2026191619,10,300,3000,5,0.5,0.1,0.05,ambiguous,0.8
ptcp,1.0,0.9899353967606576,4.871666666666667,0.0,0.8716666666666667,2026191619,10,300,3000,5,0.5,0.1,0.05,ambiguous,0.8
ptcp_randomized,1.0,0.9899353967606576,4.871666666666667,0.0,0.8716666666666667,2026191619,10,300,3000,5,0.5,0.1,0.05,ambiguous,0.8
majority_cp,0.9766666666666667,0.7870964812056506,3.0893333333333333,0.013333333333333334,0.0,2026191620,10,300,3000,5,0.5,0.1,0.05,ambiguous,0.8
random_rater_cp,0.9993333333333333,0.9048960057614773,3.908333333333333,0.0,0.0,2026191620,10,300,3000,5,0.5,0.1,0.05,ambiguous,0.8
naive_panel_cp,0.9516666666666667,0.7429806437201032,2.836333333333333,0.027,0.0,2026191620,10,300,3000,5,0.5,0.1,0.05,ambiguous,0.8
ptcp,1.0,0.9895299055745054,4.867666666666667,0.0,0.8676666666666667,2026191620,10,300,3000,5,0.5,0.1,0.05,ambiguous,0.8
ptcp_randomized,1.0,0.9895299055745054,4.867666666666667,0.0,0.8676666666666667,2026191620,10,300,3000,5,0.5,0.1,0.05,ambiguous,0.8
majority_cp,0.9883333333333333,0.8333587576264132,3.3886666666666665,0.0023333333333333335,0.0,2026191621,10,300,3000,5,0.5,0.1,0.05,ambiguous,0.8
random_rater_cp,0.9976666666666667,0.9053975227818922,3.9093333333333335,0.0,0.0,2026191621,10,300,3000,5,0.5,0.1,0.05,ambiguous,0.8
naive_panel_cp,0.9206666666666666,0.7151416511716907,2.691333333333333,0.041666666666666664,0.0,2026191621,10,300,3000,5,0.5,0.1,0.05,ambiguous,0.8
ptcp,1.0,0.9903088043827718,4.877,0.0,0.877,2026191621,10,300,3000,5,0.5,0.1,0.05,ambiguous,0.8
ptcp_randomized,1.0,0.9903088043827718,4.877,0.0,0.877,2026191621,10,300,3000,5,0.5,0.1,0.05,ambiguous,0.8
majority_cp,0.987,0.8087139548250171,3.23,0.006666666666666667,0.0,2026191622,10,300,3000,5,0.5,0.1,0.05,ambiguous,0.8
random_rater_cp,0.9993333333333333,0.9053403009760732,3.9193333333333333,0.0,0.0,2026191622,10,300,3000,5,0.5,0.1,0.05,ambiguous,0.8
naive_panel_cp,0.9166666666666666,0.7061577514187836,2.657,0.042333333333333334,0.0,2026191622,10,300,3000,5,0.5,0.1,0.05,ambiguous,0.8
ptcp,1.0,0.9895329987842285,4.88,0.0,0.88,2026191622,10,300,3000,5,0.5,0.1,0.05,ambiguous,0.8
ptcp_randomized,1.0,0.9895329987842285,4.88,0.0,0.88,2026191622,10,300,3000,5,0.5,0.1,0.05,ambiguous,0.8
majority_cp,0.9963333333333333,0.8399832632451933,3.4243333333333332,0.0013333333333333333,0.0,2026191623,10,300,3000,5,0.5,0.1,0.05,ambiguous,0.8
random_rater_cp,1.0,0.9389617699727144,4.285333333333333,0.0,0.2853333333333333,2026191623,10,300,3000,5,0.5,0.1,0.05,ambiguous,0.8
naive_panel_cp,0.95,0.7402695275284152,2.8143333333333334,0.028666666666666667,0.0,2026191623,10,300,3000,5,0.5,0.1,0.05,ambiguous,0.8
ptcp,1.0,0.9901777503016886,4.876333333333333,0.0,0.8763333333333333,2026191623,10,300,3000,5,0.5,0.1,0.05,ambiguous,0.8
ptcp_randomized,1.0,0.9901777503016886,4.876333333333333,0.0,0.8763333333333333,2026191623,10,300,3000,5,0.5,0.1,0.05,ambiguous,0.8
majority_cp,0.9963333333333333,0.8466462229807673,3.479,0.0023333333333333335,0.0,2026191624,10,300,3000,5,0.5,0.1,0.05,ambiguous,0.8
random_rater_cp,0.9993333333333333,0.8929382287634865,3.821,0.0,0.0,2026191624,10,300,3000,5,0.5,0.1,0.05,ambiguous,0.8
naive_panel_cp,0.923,0.7159851484985386,2.695666666666667,0.049666666666666665,0.0,2026191624,10,300,3000,5,0.5,0.1,0.05,ambiguous,0.8
ptcp,1.0,0.9898956622892153,4.873333333333333,0.0,0.8733333333333333,2026191624,10,300,3000,5,0.5,0.1,0.05,ambiguous,0.8
ptcp_randomized,1.0,0.9898956622892153,4.873333333333333,0.0,0.8733333333333333,2026191624,10,300,3000,5,0.5,0.1,0.05,ambiguous,0.8
majority_cp,0.992,0.8267612370858147,3.324666666666667,0.004666666666666667,0.0,2026191625,10,300,3000,5,0.5,0.1,0.05,ambiguous,0.8
random_rater_cp,0.9993333333333333,0.9037139377409578,3.889,0.0,0.0,2026191625,10,300,3000,5,0.5,0.1,0.05,ambiguous,0.8
naive_panel_cp,0.9156666666666666,0.7044609997148421,2.631666666666667,0.04666666666666667,0.0,2026191625,10,300,3000,5,0.5,0.1,0.05,ambiguous,0.8
ptcp,1.0,0.9896539793425378,4.872333333333334,0.0,0.8723333333333333,2026191625,10,300,3000,5,0.5,0.1,0.05,ambiguous,0.8
ptcp_randomized,1.0,0.9896539793425378,4.872333333333334,0.0,0.8723333333333333,2026191625,10,300,3000,5,0.5,0.1,0.05,ambiguous,0.8
majority_cp,0.9823333333333333,0.8041587483201905,3.195333333333333,0.008,0.0,2026191626,10,300,3000,5,0.5,0.1,0.05,ambiguous,0.8
random_rater_cp,0.999,0.8789345694711813,3.707,0.0003333333333333333,0.0,2026191626,10,300,3000,5,0.5,0.1,0.05,ambiguous,0.8
naive_panel_cp,0.934,0.7258266418651077,2.7483333333333335,0.033666666666666664,0.0,2026191626,10,300,3000,5,0.5,0.1,0.05,ambiguous,0.8
ptcp,1.0,0.9905732313789374,4.877,0.0,0.877,2026191626,10,300,3000,5,0.5,0.1,0.05,ambiguous,0.8
ptcp_randomized,1.0,0.9905732313789374,4.877,0.0,0.877,2026191626,10,300,3000,5,0.5,0.1,0.05,ambiguous,0.8
majority_cp,0.997,0.8542954522651601,3.5233333333333334,0.0016666666666666668,0.0,2026191627,10,300,3000,5,0.5,0.1,0.05,ambiguous,0.8
random_rater_cp,0.999,0.8736948759925292,3.661,0.0006666666666666666,0.0,2026191627,10,300,3000,5,0.5,0.1,0.05,ambiguous,0.8
naive_panel_cp,0.9256666666666666,0.7210673254412321,2.713,0.03866666666666667,0.0,2026191627,10,300,3000,5,0.5,0.1,0.05,ambiguous,0.8
ptcp,1.0,0.9899039098630186,4.876,0.0,0.876,2026191627,10,300,3000,5,0.5,0.1,0.05,ambiguous,0.8
ptcp_randomized,1.0,0.9899039098630186,4.876,0.0,0.876,2026191627,10,300,3000,5,0.5,0.1,0.05,ambiguous,0.8
majority_cp,0.99,0.829856500831624,3.3553333333333333,0.005,0.0,2026191628,10,300,3000,5,0.5,0.1,0.05,ambiguous,0.8
random_rater_cp,1.0,0.9096367037752376,3.946,0.0,0.0,2026191628,10,300,3000,5,0.5,0.1,0.05,ambiguous,0.8
naive_panel_cp,0.927,0.7214364840411644,2.7376666666666667,0.037333333333333336,0.0,2026191628,10,300,3000,5,0.5,0.1,0.05,ambiguous,0.8
ptcp,1.0,0.9892478934829309,4.871,0.0,0.871,2026191628,10,300,3000,5,0.5,0.1,0.05,ambiguous,0.8
ptcp_randomized,1.0,0.9892478934829309,4.871,0.0,0.871,2026191628,10,300,3000,5,0.5,0.1,0.05,ambiguous,0.8
majority_cp,0.985,0.8070745795559342,3.1986666666666665,0.007333333333333333,0.0,2026191629,10,300,3000,5,0.5,0.1,0.05,ambiguous,0.8
random_rater_cp,0.9993333333333333,0.9101737157333148,3.9383333333333335,0.0,0.0,2026191629,10,300,3000,5,0.5,0.1,0.05,ambiguous,0.8
naive_panel_cp,0.9146666666666666,0.7050707493990576,2.645,0.053,0.0,2026191629,10,300,3000,5,0.5,0.1,0.05,ambiguous,0.8
ptcp,1.0,0.9910245286774347,4.88,0.0,0.88,2026191629,10,300,3000,5,0.5,0.1,0.05,ambiguous,0.8
ptcp_randomized,1.0,0.9910245286774347,4.88,0.0,0.88,2026191629,10,300,3000,5,0.5,0.1,0.05,ambiguous,0.8
majority_cp,0.986,0.8084665680659476,3.2346666666666666,0.006,0.0,2026191630,10,300,3000,5,0.5,0.1,0.05,ambiguous,0.8
random_rater_cp,0.9993333333333333,0.8895031132206294,3.787333333333333,0.0003333333333333333,0.0,2026191630,10,300,3000,5,0.5,0.1,0.05,ambiguous,0.8
naive_panel_cp,0.9403333333333334,0.7305381518188163,2.7803333333333335,0.029,0.0,2026191630,10,300,3000,5,0.5,0.1,0.05,ambiguous,0.8
ptcp,1.0,0.9897545325319467,4.879,0.0,0.879,2026191630,10,300,3000,5,0.5,0.1,0.05,ambiguous,0.8
ptcp_randomized,0.9996666666666667,0.936564585593278,4.274,0.0,0.274,2026191630,10,300,3000,5,0.5,0.1,0.05,ambiguous,0.8
majority_cp,0.9873333333333333,0.8184789620811057,3.287,0.005333333333333333,0.0,2026191631,10,300,3000,5,0.5,0.1,0.05,ambiguous,0.8
random_rater_cp,0.9996666666666667,0.9198561117511518,4.046,0.0,0.046,2026191631,10,300,3000,5,0.5,0.1,0.05,ambiguous,0.8
naive_panel_cp,0.9266666666666666,0.7206510868218103,2.718,0.036333333333333336,0.0,2026191631,10,300,3000,5,0.5,0.1,0.05,ambiguous,0.8
ptcp,1.0,0.9904272271850588,4.879333333333333,0.0,0.8793333333333333,2026191631,10,300,3000,5,0.5,0.1,0.05,ambiguous,0.8
ptcp_randomized,1.0,0.9904272271850588,4.879333333333333,0.0,0.8793333333333333,2026191631,10,300,3000,5,0.5,0.1,0.05,ambiguous,0.8
majority_cp,0.983,0.7953461064773152,3.1216666666666666,0.01,0.0,2026191632,10,300,3000,5,0.5,0.1,0.05,ambiguous,0.8
random_rater_cp,1.0,0.9044628842205331,3.899,0.0003333333333333333,0.0,2026191632,10,300,3000,5,0.5,0.1,0.05,ambiguous,0.8
naive_panel_cp,0.9073333333333333,0.6973336743654954,2.587,0.05733333333333333,0.0,2026191632,10,300,3000,5,0.5,0.1,0.05,ambiguous,0.8
ptcp,1.0,0.9897288613932578,4.879666666666667,0.0,0.8796666666666667,2026191632,10,300,3000,5,0.5,0.1,0.05,ambiguous,0.8
ptcp_randomized,1.0,0.9897288613932578,4.879666666666667,0.0,0.8796666666666667,2026191632,10,300,3000,5,0.5,0.1,0.05,ambiguous,0.8
majority_cp,0.98,0.7940573896958715,3.1326666666666667,0.009666666666666667,0.0,2026191633,10,300,3000,5,0.5,0.1,0.05,ambiguous,0.8
random_rater_cp,0.999,0.8813870328972169,3.7316666666666665,0.0,0.0,2026191633,10,300,3000,5,0.5,0.1,0.05,ambiguous,0.8
naive_panel_cp,0.8906666666666667,0.6866714897629299,2.5523333333333333,0.06333333333333334,0.0,2026191633,10,300,3000,5,0.5,0.1,0.05,ambiguous,0.8
ptcp,1.0,0.9882831929915763,4.866666666666666,0.0,0.8666666666666667,2026191633,10,300,3000,5,0.5,0.1,0.05,ambiguous,0.8
ptcp_randomized,1.0,0.9882831929915763,4.866666666666666,0.0,0.8666666666666667,2026191633,10,300,3000,5,0.5,0.1,0.05,ambiguous,0.8
majority_cp,0.9916666666666667,0.828909866635338,3.348,0.004,0.0,2026191634,10,300,3000,5,0.5,0.1,0.05,ambiguous,0.8
random_rater_cp,0.9996666666666667,0.9041916951050412,3.9046666666666665,0.0,0.0,2026191634,10,300,3000,5,0.5,0.1,0.05,ambiguous,0.8
naive_panel_cp,0.8976666666666666,0.6889662074100802,2.5526666666666666,0.057,0.0,2026191634,10,300,3000,5,0.5,0.1,0.05,ambiguous,0.8
ptcp,1.0,0.9910361649906358,4.890333333333333,0.0,0.8903333333333333,2026191634,10,300,3000,5,0.5,0.1,0.05,ambiguous,0.8
ptcp_randomized,0.9996666666666667,0.9390270692514999,4.2876666666666665,0.0,0.2876666666666667,2026191634,10,300,3000,5,0.5,0.1,0.05,ambiguous,0.8
majority_cp,0.9703333333333334,0.7767731666434711,3.0356666666666667,0.015333333333333332,0.0,2026191635,10,300,3000,5,0.5,0.1,0.05,ambiguous,0.8
random_rater_cp,1.0,0.9117301050091948,3.9736666666666665,0.0,0.0,2026191635,10,300,3000,5,0.5,0.1,0.05,ambiguous,0.8
naive_panel_cp,0.8706666666666667,0.6735947731793227,2.493333333333333,0.07,0.0,2026191635,10,300,3000,5,0.5,0.1,0.05,ambiguous,0.8
ptcp,1.0,0.9897290022530408,4.878333333333333,0.0,0.8783333333333333,2026191635,10,300,3000,5,0.5,0.1,0.05,ambiguous,0.8
ptcp_randomized,1.0,0.9897290022530408,4.878333333333333,0.0,0.8783333333333333,2026191635,10,300,3000,5,0.5,0.1,0.05,ambiguous,0.8
majority_cp,0.9936666666666667,0.8482031291876176,3.4856666666666665,0.0013333333333333333,0.0,2026191636,10,300,3000,5,0.5,0.1,0.05,ambiguous,0.8
random_rater_cp,0.9993333333333333,0.8955831849064508,3.828333333333333,0.0,0.0,2026191636,10,300,3000,5,0.5,0.1,0.05,ambiguous,0.8
naive_panel_cp,0.9283333333333333,0.7217656927851644,2.7253333333333334,0.03233333333333333,0.0,2026191636,10,300,3000,5,0.5,0.1,0.05,ambiguous,0.8
ptcp,1.0,0.9898791384387681,4.879,0.0,0.879,2026191636,10,300,3000,5,0.5,0.1,0.05,ambiguous,0.8
ptcp_randomized,1.0,0.9898791384387681,4.879,0.0,0.879,2026191636,10,300,3000,5,0.5,0.1,0.05,ambiguous,0.8
majority_cp,0.9923333333333333,0.845955252217765,3.463,0.0026666666666666666,0.0,2026191637,10,300,3000,5,0.5,0.1,0.05,ambiguous,0.8
random_rater_cp,0.999,0.8997517501033809,3.873666666666667,0.0,0.0,2026191637,10,300,3000,5,0.5,0.1,0.05,ambiguous,0.8
naive_panel_cp,0.9093333333333333,0.7041620896637114,2.6286666666666667,0.047,0.0,2026191637,10,300,3000,5,0.5,0.1,0.05,ambiguous,0.8
ptcp,1.0,0.9894650134468578,4.871,0.0,0.871,2026191637,10,300,3000,5,0.5,0.1,0.05,ambiguous,0.8
ptcp_randomized,1.0,0.9894650134468578,4.871,0.0,0.871,2026191637,10,300,3000,5,0.5,0.1,0.05,ambiguous,0.8
majority_cp,0.985,0.8129757398459801,3.2613333333333334,0.006,0.0,2026191638,10,300,3000,5,0.5,0.1,0.05,ambiguous,0.8
random_rater_cp,0.9993333333333333,0.8879918070556863,3.778,0.0003333333333333333,0.0,2026191638,10,300,3000,5,0.5,0.1,0.05,ambiguous,0.8
naive_panel_cp,0.9306666666666666,0.7218680724377925,2.7303333333333333,0.038,0.0,2026191638,10,300,3000,5,0.5,0.1,0.05,ambiguous,0.8
ptcp,1.0,0.9886772276466178,4.870666666666667,0.0,0.8706666666666667,2026191638,10,300,3000,5,0.5,0.1,0.05,ambiguous,0.8
ptcp_randomized,1.0,0.9886772276466178,4.870666666666667,0.0,0.8706666666666667,2026191638,10,300,3000,5,0.5,0.1,0.05,ambiguous,0.8
majority_cp,0.9913333333333333,0.8314834778662683,3.37,0.004333333333333333,0.0,2026191639,10,300,3000,5,0.5,0.1,0.05,ambiguous,0.8
random_rater_cp,0.9996666666666667,0.8955598957042696,3.8143333333333334,0.0,0.0,2026191639,10,300,3000,5,0.5,0.1,0.05,ambiguous,0.8
naive_panel_cp,0.908,0.7094900671757329,2.6613333333333333,0.050666666666666665,0.0,2026191639,10,300,3000,5,0.5,0.1,0.05,ambiguous,0.8
ptcp,1.0,0.9889189155550063,4.863333333333333,0.0,0.8633333333333333,2026191639,10,300,3000,5,0.5,0.1,0.05,ambiguous,0.8
ptcp_randomized,1.0,0.9889189155550063,4.863333333333333,0.0,0.8633333333333333,2026191639,10,300,3000,5,0.5,0.1,0.05,ambiguous,0.8
majority_cp,0.9936666666666667,0.8587666955993758,3.5616666666666665,0.002,0.0,2026191640,10,300,3000,5,0.5,0.1,0.05,ambiguous,0.8
random_rater_cp,0.999,0.9040178834333282,3.909666666666667,0.0,0.0,2026191640,10,300,3000,5,0.5,0.1,0.05,ambiguous,0.8
naive_panel_cp,0.9166666666666666,0.7127968125490213,2.6816666666666666,0.04133333333333333,0.0,2026191640,10,300,3000,5,0.5,0.1,0.05,ambiguous,0.8
ptcp,1.0,0.9902229069568942,4.876666666666667,0.0,0.8766666666666667,2026191640,10,300,3000,5,0.5,0.1,0.05,ambiguous,0.8
ptcp_randomized,1.0,0.9902229069568942,4.876666666666667,0.0,0.8766666666666667,2026191640,10,300,3000,5,0.5,0.1,0.05,ambiguous,0.8
majority_cp,0.9803333333333333,0.794199050816188,3.1203333333333334,0.011333333333333334,0.0,2026191641,10,300,3000,5,0.5,0.1,0.05,ambiguous,0.8
random_rater_cp,0.9996666666666667,0.9148674999239165,3.973333333333333,0.0,0.0,2026191641,10,300,3000,5,0.5,0.1,0.05,ambiguous,0.8
naive_panel_cp,0.9196666666666666,0.7116539418047545,2.6666666666666665,0.050666666666666665,0.0,2026191641,10,300,3000,5,0.5,0.1,0.05,ambiguous,0.8
ptcp,1.0,0.9898397003806807,4.869,0.0,0.869,2026191641,10,300,3000,5,0.5,0.1,0.05,ambiguous,0.8
ptcp_randomized,1.0,0.9898397003806807,4.869,0.0,0.869,2026191641,10,300,3000,5,0.5,0.1,0.05,ambiguous,0.8
majority_cp,0.9966666666666667,0.8595467337671568,3.5393333333333334,0.0016666666666666668,0.0,2026191642,10,300,3000,5,0.5,0.1,0.05,ambiguous,0.8
random_rater_cp,0.9993333333333333,0.8998131085211887,3.849666666666667,0.0,0.0,2026191642,10,300,3000,5,0.5,0.1,0.05,ambiguous,0.8
naive_panel_cp,0.895,0.6899738065470031,2.5536666666666665,0.05566666666666667,0.0,2026191642,10,300,3000,5,0.5,0.1,0.05,ambiguous,0.8
ptcp,1.0,0.9891343292802874,4.867666666666667,0.0,0.8676666666666667,2026191642,10,300,3000,5,0.5,0.1,0.05,ambiguous,0.8
ptcp_randomized,1.0,0.9891343292802874,4.867666666666667,0.0,0.8676666666666667,2026191642,10,300,3000,5,0.5,0.1,0.05,ambiguous,0.8
majority_cp,0.9866666666666667,0.8200818284340242,3.287,0.005666666666666667,0.0,2026191643,10,300,3000,5,0.5,0.1,0.05,ambiguous,0.8
random_rater_cp,0.997,0.8811727008240702,3.715333333333333,0.0,0.0,2026191643,10,300,3000,5,0.5,0.1,0.05,ambiguous,0.8
naive_panel_cp,0.9216666666666666,0.7223057405019927,2.7426666666666666,0.04033333333333333,0.0,2026191643,10,300,3000,5,0.5,0.1,0.05,ambiguous,0.8
ptcp,1.0,0.9898994975768701,4.8693333333333335,0.0,0.8693333333333333,2026191643,10,300,3000,5,0.5,0.1,0.05,ambiguous,0.8
ptcp_randomized,1.0,0.939864620501593,4.281,0.0,0.281,2026191643,10,300,3000,5,0.5,0.1,0.05,ambiguous,0.8
majority_cp,0.996,0.8502112154055766,3.483,0.0013333333333333333,0.0,2026191644,10,300,3000,5,0.5,0.1,0.05,ambiguous,0.8
random_rater_cp,1.0,0.9382875821836151,4.2716666666666665,0.0,0.27166666666666667,2026191644,10,300,3000,5,0.5,0.1,0.05,ambiguous,0.8
naive_panel_cp,0.9383333333333334,0.7370620321780785,2.805,0.03766666666666667,0.0,2026191644,10,300,3000,5,0.5,0.1,0.05,ambiguous,0.8
ptcp,1.0,0.9894554855533012,4.869,0.0,0.869,2026191644,10,300,3000,5,0.5,0.1,0.05,ambiguous,0.8
ptcp_randomized,1.0,0.9894554855533012,4.869,0.0,0.869,2026191644,10,300,3000,5,0.5,0.1,0.05,ambiguous,0.8
majority_cp,0.9936666666666667,0.8414563968048607,3.4386666666666668,0.0026666666666666666,0.0,2026191645,10,300,3000,5,0.5,0.1,0.05,ambiguous,0.8
random_rater_cp,1.0,0.9035849453651293,3.8903333333333334,0.0,0.0,2026191645,10,300,3000,5,0.5,0.1,0.05,ambiguous,0.8
naive_panel_cp,0.8963333333333333,0.6924517699032656,2.58,0.06,0.0,2026191645,10,300,3000,5,0.5,0.1,0.05,ambiguous,0.8
ptcp,1.0,0.9886399308826727,4.8693333333333335,0.0,0.8693333333333333,2026191645,10,300,3000,5,0.5,0.1,0.05,ambiguous,0.8
ptcp_randomized,1.0,0.9886399308826727,4.8693333333333335,0.0,0.8693333333333333,2026191645,10,300,3000,5,0.5,0.1,0.05,ambiguous,0.8
majority_cp,0.977,0.7981081227983635,3.1626666666666665,0.012,0.0,2026191646,10,300,3000,5,0.5,0.1,0.05,ambiguous,0.8
random_rater_cp,1.0,0.9389219599850006,4.287333333333334,0.0,0.28733333333333333,2026191646,10,300,3000,5,0.5,0.1,0.05,ambiguous,0.8
naive_panel_cp,0.9176666666666666,0.709323524130419,2.67,0.048666666666666664,0.0,2026191646,10,300,3000,5,0.5,0.1,0.05,ambiguous,0.8
ptcp,1.0,0.9901189267313478,4.875,0.0,0.875,2026191646,10,300,3000,5,0.5,0.1,0.05,ambiguous,0.8
ptcp_randomized,1.0,0.9901189267313478,4.875,0.0,0.875,2026191646,10,300,3000,5,0.5,0.1,0.05,ambiguous,0.8
majority_cp,0.9966666666666667,0.8695204796201903,3.6513333333333335,0.001,0.0,2026191647,10,300,3000,5,0.5,0.1,0.05,ambiguous,0.8
random_rater_cp,0.998,0.898415426108053,3.8596666666666666,0.0006666666666666666,0.0,2026191647,10,300,3000,5,0.5,0.1,0.05,ambiguous,0.8
naive_panel_cp,0.936,0.7315609161988929,2.798,0.03133333333333333,0.0,2026191647,10,300,3000,5,0.5,0.1,0.05,ambiguous,0.8
ptcp,1.0,0.989337011705967,4.864,0.0,0.864,2026191647,10,300,3000,5,0.5,0.1,0.05,ambiguous,0.8
ptcp_randomized,1.0,0.989337011705967,4.864,0.0,0.864,2026191647,10,300,3000,5,0.5,0.1,0.05,ambiguous,0.8
majority_cp,0.984,0.8003149223239128,3.149,0.011,0.0,2026191648,10,300,3000,5,0.5,0.1,0.05,ambiguous,0.8
random_rater_cp,0.9996666666666667,0.9203641528197112,4.053,0.0,0.053,2026191648,10,300,3000,5,0.5,0.1,0.05,ambiguous,0.8
naive_panel_cp,0.9396666666666667,0.7215672244474371,2.711333333333333,0.037333333333333336,0.0,2026191648,10,300,3000,5,0.5,0.1,0.05,ambiguous,0.8
ptcp,1.0,0.9900853522623297,4.878,0.0,0.878,2026191648,10,300,3000,5,0.5,0.1,0.05,ambiguous,0.8
ptcp_randomized,1.0,0.9900853522623297,4.878,0.0,0.878,2026191648,10,300,3000,5,0.5,0.1,0.05,ambiguous,0.8
majority_cp,0.9746666666666667,0.7848182620781569,3.069,0.015,0.0,2026191649,10,300,3000,5,0.5,0.1,0.05,ambiguous,0.8
random_rater_cp,1.0,0.8967372026203784,3.831,0.0,0.0,2026191649,10,300,3000,5,0.5,0.1,0.05,ambiguous,0.8
naive_panel_cp,0.9303333333333333,0.7231778015336641,2.721,0.037333333333333336,0.0,2026191649,10,300,3000,5,0.5,0.1,0.05,ambiguous,0.8
ptcp,1.0,0.9903451997819152,4.885,0.0,0.885,2026191649,10,300,3000,5,0.5,0.1,0.05,ambiguous,0.8
ptcp_randomized,1.0,0.9903451997819152,4.885,0.0,0.885,2026191649,10,300,3000,5,0.5,0.1,0.05,ambiguous,0.8
majority_cp,0.9953333333333333,0.8436828411664025,3.4246666666666665,0.0016666666666666668,0.0,2026191650,10,300,3000,5,0.5,0.1,0.05,ambiguous,0.8
random_rater_cp,0.999,0.896489452646762,3.825,0.0,0.0,2026191650,10,300,3000,5,0.5,0.1,0.05,ambiguous,0.8
naive_panel_cp,0.9103333333333333,0.7075679634087343,2.635,0.055,0.0,2026191650,10,300,3000,5,0.5,0.1,0.05,ambiguous,0.8
ptcp,0.9996666666666667,0.9902422989915708,4.881,0.0,0.881,2026191650,10,300,3000,5,0.5,0.1,0.05,ambiguous,0.8
ptcp_randomized,0.9996666666666667,0.9902422989915708,4.881,0.0,0.881,2026191650,10,300,3000,5,0.5,0.1,0.05,ambiguous,0.8
majority_cp,0.9836666666666667,0.8263574115415043,3.3253333333333335,0.004333333333333333,0.0,2026191651,10,300,3000,5,0.5,0.1,0.05,ambiguous,0.8
random_rater_cp,0.9986666666666667,0.8906564450675372,3.772,0.0,0.0,2026191651,10,300,3000,5,0.5,0.1,0.05,ambiguous,0.8
naive_panel_cp,0.9313333333333333,0.7373170098389746,2.8116666666666665,0.029666666666666668,0.0,2026191651,10,300,3000,5,0.5,0.1,0.05,ambiguous,0.8
ptcp,1.0,0.9892176123809295,4.870666666666667,0.0,0.8706666666666667,2026191651,10,300,3000,5,0.5,0.1,0.05,ambiguous,0.8
ptcp_randomized,1.0,0.9892176123809295,4.870666666666667,0.0,0.8706666666666667,2026191651,10,300,3000,5,0.5,0.1,0.05,ambiguous,0.8
majority_cp,0.9916666666666667,0.8319286051241785,3.3586666666666667,0.003,0.0,2026191652,10,300,3000,5,0.5,0.1,0.05,ambiguous,0.8
random_rater_cp,0.9983333333333333,0.8742811919915036,3.659,0.0003333333333333333,0.0,2026191652,10,300,3000,5,0.5,0.1,0.05,ambiguous,0.8
naive_panel_cp,0.9623333333333334,0.7616589879748863,2.933333333333333,0.018,0.0,2026191652,10,300,3000,5,0.5,0.1,0.05,ambiguous,0.8
ptcp,1.0,0.9900127680925022,4.869,0.0,0.869,2026191652,10,300,3000,5,0.5,0.1,0.05,ambiguous,0.8
ptcp_randomized,1.0,0.9900127680925022,4.869,0.0,0.869,2026191652,10,300,3000,5,0.5,0.1,0.05,ambiguous,0.8
majority_cp,0.9783333333333334,0.7903732090021673,3.0966666666666667,0.012666666666666666,0.0,2026191653,10,300,3000,5,0.5,0.1,0.05,ambiguous,0.8
random_rater_cp,0.9993333333333333,0.8864486836155665,3.744666666666667,0.0003333333333333333,0.0,2026191653,10,300,3000,5,0.5,0.1,0.05,ambiguous,0.8
naive_panel_cp,0.946,0.7436079168907698,2.8313333333333333,0.028333333333333332,0.0,2026191653,10,300,3000,5,0.5,0.1,0.05,ambiguous,0.8
ptcp,1.0,0.9895701360694705,4.8646666666666665,0.0,0.8646666666666667,2026191653,10,300,3000,5,0.5,0.1,0.05,ambiguous,0.8
ptcp_randomized,1.0,0.9402060263688709,4.277,0.0,0.277,2026191653,10,300,3000,5,0.5,0.1,0.05,ambiguous,0.8
majority_cp,0.962,0.7699085659983714,2.995,0.021666666666666667,0.0,2026191654,10,300,3000,5,0.5,0.1,0.05,ambiguous,0.8
random_rater_cp,0.999,0.8998060618156544,3.87,0.0,0.0,2026191654,10,300,3000,5,0.5,0.1,0.05,ambiguous,0.8
naive_panel_cp,0.9196666666666666,0.715522923257392,2.699333333333333,0.043333333333333335,0.0,2026191654,10,300,3000,5,0.5,0.1,0.05,ambiguous,0.8
ptcp,1.0,0.9885322222412442,4.8726666666666665,0.0,0.8726666666666667,2026191654,10,300,3000,5,0.5,0.1,0.05,ambiguous,0.8
ptcp_randomized,1.0,0.9885322222412442,4.8726666666666665,0.0,0.8726666666666667,2026191654,10,300,3000,5,0.5,0.1,0.05,ambiguous,0.8
majority_cp,0.9673333333333334,0.7672034550728752,2.963,0.017666666666666667,0.0,2026191655,10,300,3000,5,0.5,0.1,0.05,ambiguous,0.8
random_rater_cp,0.9983333333333333,0.8743234809040624,3.657,0.0003333333333333333,0.0,2026191655,10,300,3000,5,0.5,0.1,0.05,ambiguous,0.8
naive_panel_cp,0.919,0.7123148720537101,2.671,0.048,0.0,2026191655,10,300,3000,5,0.5,0.1,0.05,ambiguous,0.8
ptcp,1.0,0.9892543180808475,4.870666666666667,0.0,0.8706666666666667,2026191655,10,300,3000,5,0.5,0.1,0.05,ambiguous,0.8
ptcp_randomized,1.0,0.9892543180808475,4.870666666666667,0.0,0.8706666666666667,2026191655,10,300,3000,5,0.5,0.1,0.05,ambiguous,0.8
majority_cp,0.9713333333333334,0.7780857343323526,3.019,0.014,0.0,2026191656,10,300,3000,5,0.5,0.1,0.05,ambiguous,0.8
random_rater_cp,0.998,0.8740926108807883,3.641,0.0013333333333333333,0.0,2026191656,10,300,3000,5,0.5,0.1,0.05,ambiguous,0.8
naive_panel_cp,0.915,0.7111047972152464,2.662333333333333,0.043333333333333335,0.0,2026191656,10,300,3000,5,0.5,0.1,0.05,ambiguous,0.8
ptcp,1.0,0.9891277028206031,4.863666666666667,0.0,0.8636666666666667,2026191656,10,300,3000,5,0.5,0.1,0.05,ambiguous,0.8
ptcp_randomized,1.0,0.9891277028206031,4.863666666666667,0.0,0.8636666666666667,2026191656,10,300,3000,5,0.5,0.1,0.05,ambiguous,0.8
majority_cp,0.9923333333333333,0.8389371474810704,3.4286666666666665,0.0006666666666666666,0.0,2026191657,10,300,3000,5,0.5,0.1,0.05,ambiguous,0.8
random_rater_cp,0.997,0.8645915237503283,3.6066666666666665,0.0,0.0,2026191657,10,300,3000,5,0.5,0.1,0.05,ambiguous,0.8
naive_panel_cp,0.8913333333333333,0.6895120355864365,2.5733333333333333,0.055,0.0,2026191657,10,300,3000,5,0.5,0.1,0.05,ambiguous,0.8
ptcp,1.0,0.9895978373134364,4.873666666666667,0.0,0.8736666666666667,2026191657,10,300,3000,5,0.5,0.1,0.05,ambiguous,0.8
ptcp_randomized,1.0,0.9895978373134364,4.873666666666667,0.0,0.8736666666666667,2026191657,10,300,3000,5,0.5,0.1,0.05,ambiguous,0.8
majority_cp,0.99,0.8205026868436971,3.2896666666666667,0.0033333333333333335,0.0,2026191658,10,300,3000,5,0.5,0.1,0.05,ambiguous,0.8
random_rater_cp,0.9996666666666667,0.9011584193506169,3.8666666666666667,0.0,0.0,2026191658,10,300,3000,5,0.5,0.1,0.05,ambiguous,0.8
naive_panel_cp,0.9416666666666667,0.7305568374026028,2.767333333333333,0.031,0.0,2026191658,10,300,3000,5,0.5,0.1,0.05,ambiguous,0.8
ptcp,1.0,0.9908047091010805,4.88,0.0,0.88,2026191658,10,300,3000,5,0.5,0.1,0.05,ambiguous,0.8
ptcp_randomized,1.0,0.9908047091010805,4.88,0.0,0.88,2026191658,10,300,3000,5,0.5,0.1,0.05,ambiguous,0.8
majority_cp,0.9876666666666667,0.8274399921339423,3.348,0.004,0.0,2026191659,10,300,3000,5,0.5,0.1,0.05,ambiguous,0.8
random_rater_cp,0.9953333333333333,0.8731714750368674,3.666333333333333,0.0,0.0,2026191659,10,300,3000,5,0.5,0.1,0.05,ambiguous,0.8
naive_panel_cp,0.9556666666666667,0.7576687646042198,2.9323333333333332,0.02,0.0,2026191659,10,300,3000,5,0.5,0.1,0.05,ambiguous,0.8
ptcp,1.0,0.9889824926527859,4.874,0.0,0.874,2026191659,10,300,3000,5,0.5,0.1,0.05,ambiguous,0.8
ptcp_randomized,1.0,0.9889824926527859,4.874,0.0,0.874,2026191659,10,300,3000,5,0.5,0.1,0.05,ambiguous,0.8
majority_cp,0.9943333333333333,0.840614492415492,3.4396666666666667,0.0023333333333333335,0.0,2026191660,10,300,3000,5,0.5,0.1,0.05,ambiguous,0.8
random_rater_cp,0.9993333333333333,0.937009912840361,4.273,0.0,0.273,2026191660,10,300,3000,5,0.5,0.1,0.05,ambiguous,0.8
naive_panel_cp,0.9536666666666667,0.7428025640575717,2.8366666666666664,0.02266666666666667,0.0,2026191660,10,300,3000,5,0.5,0.1,0.05,ambiguous,0.8
ptcp,1.0,0.989997561395545,4.874333333333333,0.0,0.8743333333333333,2026191660,10,300,3000,5,0.5,0.1,0.05,ambiguous,0.8
ptcp_randomized,1.0,0.989997561395545,4.874333333333333,0.0,0.8743333333333333,2026191660,10,300,3000,5,0.5,0.1,0.05,ambiguous,0.8
majority_cp,0.9916666666666667,0.8288013683297838,3.3233333333333333,0.005333333333333333,0.0,2026191661,10,300,3000,5,0.5,0.1,0.05,ambiguous,0.8
random_rater_cp,0.9996666666666667,0.9174266016977906,3.9896666666666665,0.0,0.0,2026191661,10,300,3000,5,0.5,0.1,0.05,ambiguous,0.8
naive_panel_cp,0.9473333333333334,0.7367071941094332,2.7763333333333335,0.031,0.0,2026191661,10,300,3000,5,0.5,0.1,0.05,ambiguous,0.8
ptcp,1.0,0.9895770263781014,4.866,0.0,0.866,2026191661,10,300,3000,5,0.5,0.1,0.05,ambiguous,0.8
ptcp_randomized,1.0,0.9895770263781014,4.866,0.0,0.866,2026191661,10,300,3000,5,0.5,0.1,0.05,ambiguous,0.8
majority_cp,0.991,0.8359497500272363,3.3986666666666667,0.0036666666666666666,0.0,2026191662,10,300,3000,5,0.5,0.1,0.05,ambiguous,0.8
random_rater_cp,0.999,0.9392718685824027,4.281333333333333,0.0,0.2813333333333333,2026191662,10,300,3000,5,0.5,0.1,0.05,ambiguous,0.8
naive_panel_cp,0.9023333333333333,0.6954740596379341,2.59,0.058333333333333334,0.0,2026191662,10,300,3000,5,0.5,0.1,0.05,ambiguous,0.8
ptcp,1.0,0.9905797912932224,4.882333333333333,0.0,0.8823333333333333,2026191662,10,300,3000,5,0.5,0.1,0.05,ambiguous,0.8
ptcp_randomized,1.0,0.9905797912932224,4.882333333333333,0.0,0.8823333333333333,2026191662,10,300,3000,5,0.5,0.1,0.05,ambiguous,0.8
majority_cp,0.991,0.8191314305640339,3.276666666666667,0.005,0.0,2026191663,10,300,3000,5,0.5,0.1,0.05,ambiguous,0.8
random_rater_cp,1.0,0.893407227882869,3.8146666666666667,0.0,0.0,2026191663,10,300,3000,5,0.5,0.1,0.05,ambiguous,0.8
naive_panel_cp,0.9286666666666666,0.7181132400307307,2.7013333333333334,0.043333333333333335,0.0,2026191663,10,300,3000,5,0.5,0.1,0.05,ambiguous,0.8
ptcp,1.0,0.9889428746757339,4.870333333333333,0.0,0.8703333333333333,2026191663,10,300,3000,5,0.5,0.1,0.05,ambiguous,0.8
ptcp_randomized,1.0,0.9889428746757339,4.870333333333333,0.0,0.8703333333333333,2026191663,10,300,3000,5,0.5,0.1,0.05,ambiguous,0.8
majority_cp,0.99,0.8274662891295644,3.342,0.007666666666666666,0.0,2026191664,10,300,3000,5,0.5,0.1,0.05,ambiguous,0.8
random_rater_cp,0.9976666666666667,0.8814881077739705,3.7243333333333335,0.0,0.0,2026191664,10,300,3000,5,0.5,0.1,0.05,ambiguous,0.8
naive_panel_cp,0.9326666666666666,0.7277655538425469,2.7543333333333333,0.036333333333333336,0.0,2026191664,10,300,3000,5,0.5,0.1,0.05,ambiguous,0.8
ptcp,0.9996666666666667,0.9896889514233816,4.872333333333334,0.0,0.8723333333333333,2026191664,10,300,3000,5,0.5,0.1,0.05,ambiguous,0.8
ptcp_randomized,0.9996666666666667,0.9896889514233816,4.872333333333334,0.0,0.8723333333333333,2026191664,10,300,3000,5,0.5,0.1,0.05,ambiguous,0.8
majority_cp,0.9836666666666667,0.8213855055787241,3.2853333333333334,0.006333333333333333,0.0,2026191665,10,300,3000,5,0.5,0.1,0.05,ambiguous,0.8
random_rater_cp,0.9996666666666667,0.9409028485319095,4.289333333333333,0.0,0.28933333333333333,2026191665,10,300,3000,5,0.5,0.1,0.05,ambiguous,0.8
naive_panel_cp,0.9503333333333334,0.7542247865755468,2.888333333333333,0.027666666666666666,0.0,2026191665,10,300,3000,5,0.5,0.1,0.05,ambiguous,0.8
ptcp,1.0,0.9909979208622997,4.878666666666667,0.0,0.8786666666666667,2026191665,10,300,3000,5,0.5,0.1,0.05,ambiguous,0.8
ptcp_randomized,1.0,0.9909979208622997,4.878666666666667,0.0,0.8786666666666667,2026191665,10,300,3000,5,0.5,0.1,0.05,ambiguous,0.8
majority_cp,0.989,0.8305215570640234,3.38,0.0033333333333333335,0.0,2026191666,10,300,3000,5,0.5,0.1,0.05,ambiguous,0.8
random_rater_cp,0.9986666666666667,0.8757243010148047,3.6966666666666668,0.0,0.0,2026191666,10,300,3000,5,0.5,0.1,0.05,ambiguous,0.8
naive_panel_cp,0.9206666666666666,0.7170580218578616,2.7203333333333335,0.03833333333333333,0.0,2026191666,10,300,3000,5,0.5,0.1,0.05,ambiguous,0.8
ptcp,1.0,0.9897960861681554,4.877,0.0,0.877,2026191666,10,300,3000,5,0.5,0.1,0.05,ambiguous,0.8
ptcp_randomized,1.0,0.9897960861681554,4.877,0.0,0.877,2026191666,10,300,3000,5,0.5,0.1,0.05,ambiguous,0.8
majority_cp,0.9796666666666667,0.7937787833529276,3.1226666666666665,0.013,0.0,2026191667,10,300,3000,5,0.5,0.1,0.05,ambiguous,0.8
random_rater_cp,0.9996666666666667,0.9020370122025191,3.8743333333333334,0.0,0.0,2026191667,10,300,3000,5,0.5,0.1,0.05,ambiguous,0.8
naive_panel_cp,0.8876666666666667,0.6842800068193031,2.5356666666666667,0.06966666666666667,0.0,2026191667,10,300,3000,5,0.5,0.1,0.05,ambiguous,0.8
ptcp,1.0,0.990052359246874,4.876333333333333,0.0,0.8763333333333333,2026191667,10,300,3000,5,0.5,0.1,0.05,ambiguous,0.8
ptcp_randomized,1.0,0.990052359246874,4.876333333333333,0.0,0.8763333333333333,2026191667,10,300,3000,5,0.5,0.1,0.05,ambiguous,0.8
majority_cp,0.994,0.8474026537104137,3.4663333333333335,0.0003333333333333333,0.0,2026191668,10,300,3000,5,0.5,0.1,0.05,ambiguous,0.8
random_rater_cp,0.9996666666666667,0.9122539734848891,3.9603333333333333,0.0,0.0,2026191668,10,300,3000,5,0.5,0.1,0.05,ambiguous,0.8
naive_panel_cp,0.95,0.7456868212971625,2.837666666666667,0.024666666666666667,0.0,2026191668,10,300,3000,5,0.5,0.1,0.05,ambiguous,0.8
ptcp,1.0,0.990018711867631,4.873,0.0,0.873,2026191668,10,300,3000,5,0.5,0.1,0.05,ambiguous,0.8
ptcp_randomized,1.0,0.990018711867631,4.873,0.0,0.873,2026191668,10,300,3000,5,0.5,0.1,0.05,ambiguous,0.8
majority_cp,0.9913333333333333,0.8355061470790104,3.4236666666666666,0.0033333333333333335,0.0,2026191669,10,300,3000,5,0.5,0.1,0.05,ambiguous,0.8
random_rater_cp,0.9996666666666667,0.9376214645874128,4.277333333333333,0.0,0.2773333333333333,2026191669,10,300,3000,5,0.5,0.1,0.05,ambiguous,0.8
naive_panel_cp,0.93,0.7177379402692362,2.718,0.042666666666666665,0.0,2026191669,10,300,3000,5,0.5,0.1,0.05,ambiguous,0.8
ptcp,1.0,0.989186264565188,4.874666666666666,0.0,0.8746666666666667,2026191669,10,300,3000,5,0.5,0.1,0.05,ambiguous,0.8
ptcp_randomized,1.0,0.989186264565188,4.874666666666666,0.0,0.8746666666666667,2026191669,10,300,3000,5,0.5,0.1,0.05,ambiguous,0.8
majority_cp,0.984,0.8056669795982094,3.171666666666667,0.008333333333333333,0.0,2026191670,10,300,3000,5,0.5,0.1,0.05,ambiguous,0.8
random_rater_cp,0.9996666666666667,0.9240158165113558,4.049333333333333,0.0,0.04933333333333333,2026191670,10,300,3000,5,0.5,0.1,0.05,ambiguous,0.8
naive_panel_cp,0.9256666666666666,0.7212917788699356,2.703,0.04533333333333334,0.0,2026191670,10,300,3000,5,0.5,0.1,0.05,ambiguous,0.8
ptcp,1.0,0.9904456514790726,4.877,0.0,0.877,2026191670,10,300,3000,5,0.5,0.1,0.05,ambiguous,0.8
ptcp_randomized,1.0,0.9904456514790726,4.877,0.0,0.877,2026191670,10,300,3000,5,0.5,0.1,0.05,ambiguous,0.8
majority_cp,0.9926666666666667,0.8325679561907388,3.3783333333333334,0.003,0.0,2026191671,10,300,3000,5,0.5,0.1,0.05,ambiguous,0.8
random_rater_cp,1.0,0.9210863619422365,4.0536666666666665,0.0,0.05366666666666667,2026191671,10,300,3000,5,0.5,0.1,0.05,ambiguous,0.8
naive_panel_cp,0.9383333333333334,0.7341435816852984,2.798,0.03233333333333333,0.0,2026191671,10,300,3000,5,0.5,0.1,0.05,ambiguous,0.8
ptcp,1.0,0.989644796243083,4.876,0.0,0.876,2026191671,10,300,3000,5,0.5,0.1,0.05,ambiguous,0.8
ptcp_randomized,1.0,0.989644796243083,4.876,0.0,0.876,2026191671,10,300,3000,5,0.5,0.1,0.05,ambiguous,0.8
majority_cp,0.9946666666666667,0.8377787717075929,3.4023333333333334,0.002,0.0,2026191672,10,300,3000,5,0.5,0.1,0.05,ambiguous,0.8
random_rater_cp,1.0,0.9075934078897063,3.9203333333333332,0.0,0.0,2026191672,10,300,3000,5,0.5,0.1,0.05,ambiguous,0.8
naive_panel_cp,0.9433333333333334,0.7423672014545233,2.832666666666667,0.024666666666666667,0.0,2026191672,10,300,3000,5,0.5,0.1,0.05,ambiguous,0.8
ptcp,1.0,0.9889564269939468,4.867333333333334,0.0,0.8673333333333333,2026191672,10,300,3000,5,0.5,0.1,0.05,ambiguous,0.8
ptcp_randomized,1.0,0.9889564269939468,4.867333333333334,0.0,0.8673333333333333,2026191672,10,300,3000,5,0.5,0.1,0.05,ambiguous,0.8
majority_cp,0.979,0.7947526227929813,3.139666666666667,0.009333333333333334,0.0,2026191673,10,300,3000,5,0.5,0.1,0.05,ambiguous,0.8
random_rater_cp,0.9996666666666667,0.9404205860781998,4.292,0.0,0.292,2026191673,10,300,3000,5,0.5,0.1,0.05,ambiguous,0.8
naive_panel_cp,0.9226666666666666,0.7193484009036932,2.73,0.046,0.0,2026191673,10,300,3000,5,0.5,0.1,0.05,ambiguous,0.8
ptcp,1.0,0.9900297052290292,4.873666666666667,0.0,0.8736666666666667,2026191673,10,300,3000,5,0.5,0.1,0.05,ambiguous,0.8
ptcp_randomized,1.0,0.9900297052290292,4.873666666666667,0.0,0.8736666666666667,2026191673,10,300,3000,5,0.5,0.1,0.05,ambiguous,0.8
majority_cp,0.9853333333333333,0.8095452603512986,3.2116666666666664,0.006,0.0,2026191674,10,300,3000,5,0.5,0.1,0.05,ambiguous,0.8
random_rater_cp,1.0,0.9413197037651998,4.289666666666666,0.0,0.2896666666666667,2026191674,10,300,3000,5,0.5,0.1,0.05,ambiguous,0.8
naive_panel_cp,0.9156666666666666,0.7131815232766383,2.667666666666667,0.047,0.0,2026191674,10,300,3000,5,0.5,0.1,0.05,ambiguous,0.8
ptcp,1.0,0.9911254115872637,4.881,0.0,0.881,2026191674,10,300,3000,5,0.5,0.1,0.05,ambiguous,0.8
ptcp_randomized,1.0,0.9911254115872637,4.881,0.0,0.881,2026191674,10,300,3000,5,0.5,0.1,0.05,ambiguous,0.8
majority_cp,0.9906666666666667,0.8347458234251657,3.3526666666666665,0.0023333333333333335,0.0,2026191675,10,300,3000,5,0.5,0.1,0.05,ambiguous,0.8
random_rater_cp,0.9963333333333333,0.8735293677104145,3.632,0.0,0.0,2026191675,10,300,3000,5,0.5,0.1,0.05,ambiguous,0.8
naive_panel_cp,0.902,0.7009259206276177,2.6026666666666665,0.05633333333333333,0.0,2026191675,10,300,3000,5,0.5,0.1,0.05,ambiguous,0.8
ptcp,1.0,0.9902360799462587,4.868333333333333,0.0,0.8683333333333333,2026191675,10,300,3000,5,0.5,0.1,0.05,ambiguous,0.8
ptcp_randomized,1.0,0.9902360799462587,4.868333333333333,0.0,0.8683333333333333,2026191675,10,300,3000,5,0.5,0.1,0.05,ambiguous,0.8
majority_cp,0.9903333333333333,0.8302211803336277,3.3453333333333335,0.005,0.0,2026191676,10,300,3000,5,0.5,0.1,0.05,ambiguous,0.8
random_rater_cp,0.9996666666666667,0.903934634386728,3.864,0.0,0.0,2026191676,10,300,3000,5,0.5,0.1,0.05,ambiguous,0.8
naive_panel_cp,0.951,0.7508937163115019,2.8633333333333333,0.029666666666666668,0.0,2026191676,10,300,3000,5,0.5,0.1,0.05,ambiguous,0.8
ptcp,1.0,0.9890470677544998,4.863333333333333,0.0,0.8633333333333333,2026191676,10,300,3000,5,0.5,0.1,0.05,ambiguous,0.8
ptcp_randomized,1.0,0.9890470677544998,4.863333333333333,0.0,0.8633333333333333,2026191676,10,300,3000,5,0.5,0.1,0.05,ambiguous,0.8
majority_cp,0.9933333333333333,0.8345012000536579,3.3996666666666666,0.003,0.0,2026191677,10,300,3000,5,0.5,0.1,0.05,ambiguous,0.8
random_rater_cp,1.0,0.9393088071850625,4.284666666666666,0.0,0.2846666666666667,2026191677,10,300,3000,5,0.5,0.1,0.05,ambiguous,0.8
naive_panel_cp,0.9033333333333333,0.6997771260333062,2.6173333333333333,0.051333333333333335,0.0,2026191677,10,300,3000,5,0.5,0.1,0.05,ambiguous,0.8
ptcp,1.0,0.9896478477963604,4.862333333333333,0.0,0.8623333333333333,2026191677,10,300,3000,5,0.5,0.1,0.05,ambiguous,0.8
ptcp_randomized,1.0,0.9896478477963604,4.862333333333333,0.0,0.8623333333333333,2026191677,10,300,3000,5,0.5,0.1,0.05,ambiguous,0.8
majority_cp,0.9863333333333333,0.8192107474114548,3.2763333333333335,0.008,0.0,2026191678,10,300,3000,5,0.5,0.1,0.05,ambiguous,0.8
random_rater_cp,0.9976666666666667,0.8830846894777005,3.7136666666666667,0.0003333333333333333,0.0,2026191678,10,300,3000,5,0.5,0.1,0.05,ambiguous,0.8
naive_panel_cp,0.9346666666666666,0.7273429745858486,2.7506666666666666,0.042666666666666665,0.0,2026191678,10,300,3000,5,0.5,0.1,0.05,ambiguous,0.8
ptcp,0.9996666666666667,0.989583001360232,4.8726666666666665,0.0,0.8726666666666667,2026191678,10,300,3000,5,0.5,0.1,0.05,ambiguous,0.8
ptcp_randomized,0.9996666666666667,0.989583001360232,4.8726666666666665,0.0,0.8726666666666667,2026191678,10,300,3000,5,0.5,0.1,0.05,ambiguous,0.8
majority_cp,0.9773333333333334,0.7850089973555032,3.069,0.012,0.0,2026191679,10,300,3000,5,0.5,0.1,0.05,ambiguous,0.8
random_rater_cp,0.9973333333333333,0.8841090863119835,3.733,0.0006666666666666666,0.0,2026191679,10,300,3000,5,0.5,0.1,0.05,ambiguous,0.8
naive_panel_cp,0.92,0.7101784221925707,2.6536666666666666,0.04133333333333333,0.0,2026191679,10,300,3000,5,0.5,0.1,0.05,ambiguous,0.8
ptcp,1.0,0.9908043469326852,4.877666666666666,0.0,0.8776666666666667,2026191679,10,300,3000,5,0.5,0.1,0.05,ambiguous,0.8
ptcp_randomized,0.999,0.9394379495946535,4.274,0.0,0.274,2026191679,10,300,3000,5,0.5,0.1,0.05,ambiguous,0.8
majority_cp,0.9913333333333333,0.8225795918119244,3.3013333333333335,0.004666666666666667,0.0,2026191680,10,300,3000,5,0.5,0.1,0.05,ambiguous,0.8
random_rater_cp,0.999,0.8809194360889272,3.716666666666667,0.0,0.0,2026191680,10,300,3000,5,0.5,0.1,0.05,ambiguous,0.8
naive_panel_cp,0.9436666666666667,0.7386508629350909,2.816,0.029333333333333333,0.0,2026191680,10,300,3000,5,0.5,0.1,0.05,ambiguous,0.8
ptcp,1.0,0.9898809382394943,4.8773333333333335,0.0,0.8773333333333333,2026191680,10,300,3000,5,0.5,0.1,0.05,ambiguous,0.8
ptcp_randomized,1.0,0.9898809382394943,4.8773333333333335,0.0,0.8773333333333333,2026191680,10,300,3000,5,0.5,0.1,0.05,ambiguous,0.8
majority_cp,0.988,0.8163880601885056,3.2573333333333334,0.006333333333333333,0.0,2026191681,10,300,3000,5,0.5,0.1,0.05,ambiguous,0.8
random_rater_cp,0.9996666666666667,0.90171408179557,3.8766666666666665,0.0,0.0,2026191681,10,300,3000,5,0.5,0.1,0.05,ambiguous,0.8
naive_panel_cp,0.9493333333333334,0.7425786782240175,2.828666666666667,0.033,0.0,2026191681,10,300,3000,5,0.5,0.1,0.05,ambiguous,0.8
ptcp,1.0,0.9894959240220179,4.863666666666667,0.0,0.8636666666666667,2026191681,10,300,3000,5,0.5,0.1,0.05,ambiguous,0.8
ptcp_randomized,1.0,0.9894959240220179,4.863666666666667,0.0,0.8636666666666667,2026191681,10,300,3000,5,0.5,0.1,0.05,ambiguous,0.8
majority_cp,0.987,0.8154098926732616,3.2696666666666667,0.004333333333333333,0.0,2026191682,10,300,3000,5,0.5,0.1,0.05,ambiguous,0.8
random_rater_cp,0.9993333333333333,0.8912809846622561,3.806,0.0,0.0,2026191682,10,300,3000,5,0.5,0.1,0.05,ambiguous,0.8
naive_panel_cp,0.9113333333333333,0.7023252404283084,2.6136666666666666,0.056666666666666664,0.0,2026191682,10,300,3000,5,0.5,0.1,0.05,ambiguous,0.8
ptcp,1.0,0.9899471067852568,4.873666666666667,0.0,0.8736666666666667,2026191682,10,300,3000,5,0.5,0.1,0.05,ambiguous,0.8
ptcp_randomized,1.0,0.9899471067852568,4.873666666666667,0.0,0.8736666666666667,2026191682,10,300,3000,5,0.5,0.1,0.05,ambiguous,0.8
majority_cp,0.994,0.8411074255525676,3.429333333333333,0.004333333333333333,0.0,2026191683,10,300,3000,5,0.5,0.1,0.05,ambiguous,0.8
random_rater_cp,0.9993333333333333,0.8873519542112639,3.7536666666666667,0.0,0.0,2026191683,10,300,3000,5,0.5,0.1,0.05,ambiguous,0.8
naive_panel_cp,0.9426666666666667,0.7320238146513852,2.77,0.03333333333333333,0.0,2026191683,10,300,3000,5,0.5,0.1,0.05,ambiguous,0.8
ptcp,1.0,0.9910994518733341,4.8773333333333335,0.0,0.8773333333333333,2026191683,10,300,3000,5,0.5,0.1,0.05,ambiguous,0.8
ptcp_randomized,1.0,0.9910994518733341,4.8773333333333335,0.0,0.8773333333333333,2026191683,10,300,3000,5,0.5,0.1,0.05,ambiguous,0.8
majority_cp,0.9963333333333333,0.8684538230571577,3.6123333333333334,0.0016666666666666668,0.0,2026191684,10,300,3000,5,0.5,0.1,0.05,ambiguous,0.8
random_rater_cp,0.999,0.9054466425559121,3.909,0.0,0.0,2026191684,10,300,3000,5,0.5,0.1,0.05,ambiguous,0.8
naive_panel_cp,0.901,0.6951384682692638,2.59,0.05266666666666667,0.0,2026191684,10,300,3000,5,0.5,0.1,0.05,ambiguous,0.8
ptcp,1.0,0.9887368318853784,4.867666666666667,0.0,0.8676666666666667,2026191684,10,300,3000,5,0.5,0.1,0.05,ambiguous,0.8
ptcp_randomized,1.0,0.9887368318853784,4.867666666666667,0.0,0.8676666666666667,2026191684,10,300,3000,5,0.5,0.1,0.05,ambiguous,0.8
majority_cp,0.9883333333333333,0.8212635770064796,3.2883333333333336,0.006333333333333333,0.0,2026191685,10,300,3000,5,0.5,0.1,0.05,ambiguous,0.8
random_rater_cp,1.0,0.9087048725660849,3.9133333333333336,0.0,0.0,2026191685,10,300,3000,5,0.5,0.1,0.05,ambiguous,0.8
naive_panel_cp,0.926,0.7184100395759521,2.6986666666666665,0.039,0.0,2026191685,10,300,3000,5,0.5,0.1,0.05,ambiguous,0.8
ptcp,1.0,0.9883605131548675,4.866666666666666,0.0,0.8666666666666667,2026191685,10,300,3000,5,0.5,0.1,0.05,ambiguous,0.8
ptcp_randomized,1.0,0.9883605131548675,4.866666666666666,0.0,0.8666666666666667,2026191685,10,300,3000,5,0.5,0.1,0.05,ambiguous,0.8
majority_cp,0.9833333333333333,0.7975422640905729,3.165,0.009,0.0,2026191686,10,300,3000,5,0.5,0.1,0.05,ambiguous,0.8
random_rater_cp,0.9993333333333333,0.8877323936851401,3.762,0.0,0.0,2026191686,10,300,3000,5,0.5,0.1,0.05,ambiguous,0.8
naive_panel_cp,0.8883333333333333,0.6823228455046627,2.537333333333333,0.058666666666666666,0.0,2026191686,10,300,3000,5,0.5,0.1,0.05,ambiguous,0.8
ptcp,1.0,0.9893777198187688,4.867,0.0,0.867,2026191686,10,300,3000,5,0.5,0.1,0.05,ambiguous,0.8
ptcp_randomized,1.0,0.9893777198187688,4.867,0.0,0.867,2026191686,10,300,3000,5,0.5,0.1,0.05,ambiguous,0.8
majority_cp,0.982,0.8080298627438348,3.2336666666666667,0.008,0.0,2026191687,10,300,3000,5,0.5,0.1,0.05,ambiguous,0.8
random_rater_cp,0.9973333333333333,0.864350998322135,3.616,0.0006666666666666666,0.0,2026191687,10,300,3000,5,0.5,0.1,0.05,ambiguous,0.8
naive_panel_cp,0.912,0.7047769354526696,2.659,0.049,0.0,2026191687,10,300,3000,5,0.5,0.1,0.05,ambiguous,0.8
ptcp,0.9996666666666667,0.990134842421254,4.880333333333334,0.0,0.8803333333333333,2026191687,10,300,3000,5,0.5,0.1,0.05,ambiguous,0.8
ptcp_randomized,0.9996666666666667,0.990134842421254,4.880333333333334,0.0,0.8803333333333333,2026191687,10,300,3000,5,0.5,0.1,0.05,ambiguous,0.8
majority_cp,0.984,0.8100361011103581,3.2323333333333335,0.009,0.0,2026191688,10,300,3000,5,0.5,0.1,0.05,ambiguous,0.8
random_rater_cp,0.9996666666666667,0.9131027637782374,3.9696666666666665,0.0,0.0,2026191688,10,300,3000,5,0.5,0.1,0.05,ambiguous,0.8
naive_panel_cp,0.911,0.7017334317941019,2.6226666666666665,0.04833333333333333,0.0,2026191688,10,300,3000,5,0.5,0.1,0.05,ambiguous,0.8
ptcp,1.0,0.9886085272380642,4.867333333333334,0.0,0.8673333333333333,2026191688,10,300,3000,5,0.5,0.1,0.05,ambiguous,0.8
ptcp_randomized,1.0,0.9886085272380642,4.867333333333334,0.0,0.8673333333333333,2026191688,10,300,3000,5,0.5,0.1,0.05,ambiguous,0.8
majority_cp,0.992,0.8396100084849158,3.4263333333333335,0.0026666666666666666,0.0,2026191689,10,300,3000,5,0.5,0.1,0.05,ambiguous,0.8
random_rater_cp,0.9996666666666667,0.9094093884030426,3.945666666666667,0.0,0.0,2026191689,10,300,3000,5,0.5,0.1,0.05,ambiguous,0.8
naive_panel_cp,0.877,0.6802330574453079,2.518,0.07366666666666667,0.0,2026191689,10,300,3000,5,0.5,0.1,0.05,ambiguous,0.8
ptcp,1.0,0.9897787569474864,4.871333333333333,0.0,0.8713333333333333,2026191689,10,300,3000,5,0.5,0.1,0.05,ambiguous,0.8
ptcp_randomized,1.0,0.9897787569474864,4.871333333333333,0.0,0.8713333333333333,2026191689,10,300,3000,5,0.5,0.1,0.05,ambiguous,0.8
majority_cp,0.9866666666666667,0.8118569035322182,3.239333333333333,0.007666666666666666,0.0,2026191690,10,300,3000,5,0.5,0.1,0.05,ambiguous,0.8
random_rater_cp,1.0,0.9075103015104791,3.935,0.0,0.0,2026191690,10,300,3000,5,0.5,0.1,0.05,ambiguous,0.8
naive_panel_cp,0.9486666666666667,0.7397469316313441,2.812,0.024333333333333332,0.0,2026191690,10,300,3000,5,0.5,0.1,0.05,ambiguous,0.8
ptcp,1.0,0.9897173923797236,4.887,0.0,0.887,2026191690,10,300,3000,5,0.5,0.1,0.05,ambiguous,0.8
ptcp_randomized,1.0,0.9897173923797236,4.887,0.0,0.887,2026191690,10,300,3000,5,0.5,0.1,0.05,ambiguous,0.8
majority_cp,0.991,0.8339783096772639,3.382,0.005333333333333333,0.0,2026191691,10,300,3000,5,0.5,0.1,0.05,ambiguous,0.8
random_rater_cp,1.0,0.9410272287542181,4.288666666666667,0.0,0.2886666666666667,2026191691,10,300,3000,5,0.5,0.1,0.05,ambiguous,0.8
naive_panel_cp,0.8816666666666667,0.6848979828468419,2.536,0.07133333333333333,0.0,2026191691,10,300,3000,5,0.5,0.1,0.05,ambiguous,0.8
ptcp,1.0,0.9895284125189331,4.874333333333333,0.0,0.8743333333333333,2026191691,10,300,3000,5,0.5,0.1,0.05,ambiguous,0.8
ptcp_randomized,1.0,0.9895284125189331,4.874333333333333,0.0,0.8743333333333333,2026191691,10,300,3000,5,0.5,0.1,0.05,ambiguous,0.8
majority_cp,0.9973333333333333,0.8678590243464521,3.6166666666666667,0.0006666666666666666,0.0,2026191692,10,300,3000,5,0.5,0.1,0.05,ambiguous,0.8
random_rater_cp,0.9996666666666667,0.9042211432419538,3.893,0.0,0.0,2026191692,10,300,3000,5,0.5,0.1,0.05,ambiguous,0.8
naive_panel_cp,0.9526666666666667,0.7541340621500009,2.8793333333333333,0.023333333333333334,0.0,2026191692,10,300,3000,5,0.5,0.1,0.05,ambiguous,0.8
ptcp,0.9996666666666667,0.9897487465035777,4.870333333333333,0.0,0.8703333333333333,2026191692,10,300,3000,5,0.5,0.1,0.05,ambiguous,0.8
ptcp_randomized,0.9996666666666667,0.9897487465035777,4.870333333333333,0.0,0.8703333333333333,2026191692,10,300,3000,5,0.5,0.1,0.05,ambiguous,0.8
majority_cp,0.9943333333333333,0.8418425210939231,3.4316666666666666,0.0036666666666666666,0.0,2026191693,10,300,3000,5,0.5,0.1,0.05,ambiguous,0.8
random_rater_cp,0.9993333333333333,0.8890640974220443,3.7716666666666665,0.0003333333333333333,0.0,2026191693,10,300,3000,5,0.5,0.1,0.05,ambiguous,0.8
naive_panel_cp,0.933,0.7214865466888045,2.6983333333333333,0.043333333333333335,0.0,2026191693,10,300,3000,5,0.5,0.1,0.05,ambiguous,0.8
ptcp,1.0,0.990543607260329,4.885,0.0,0.885,2026191693,10,300,3000,5,0.5,0.1,0.05,ambiguous,0.8
ptcp_randomized,1.0,0.990543607260329,4.885,0.0,0.885,2026191693,10,300,3000,5,0.5,0.1,0.05,ambiguous,0.8
majority_cp,0.9916666666666667,0.8297489061786024,3.366,0.0023333333333333335,0.0,2026191694,10,300,3000,5,0.5,0.1,0.05,ambiguous,0.8
random_rater_cp,0.9996666666666667,0.9008602708709053,3.8673333333333333,0.0,0.0,2026191694,10,300,3000,5,0.5,0.1,0.05,ambiguous,0.8
naive_panel_cp,0.9173333333333333,0.7080015863495943,2.6653333333333333,0.04133333333333333,0.0,2026191694,10,300,3000,5,0.5,0.1,0.05,ambiguous,0.8
ptcp,1.0,0.9901033826472464,4.8773333333333335,0.0,0.8773333333333333,2026191694,10,300,3000,5,0.5,0.1,0.05,ambiguous,0.8
ptcp_randomized,1.0,0.9901033826472464,4.8773333333333335,0.0,0.8773333333333333,2026191694,10,300,3000,5,0.5,0.1,0.05,ambiguous,0.8
majority_cp,0.988,0.8187372582747433,3.2776666666666667,0.006,0.0,2026191695,10,300,3000,5,0.5,0.1,0.05,ambiguous,0.8
random_rater_cp,0.9993333333333333,0.8950528314205347,3.8183333333333334,0.0,0.0,2026191695,10,300,3000,5,0.5,0.1,0.05,ambiguous,0.8
naive_panel_cp,0.9116666666666666,0.7045119851270146,2.646333333333333,0.048666666666666664,0.0,2026191695,10,300,3000,5,0.5,0.1,0.05,ambiguous,0.8
ptcp,1.0,0.9905318488562614,4.883,0.0,0.883,2026191695,10,300,3000,5,0.5,0.1,0.05,ambiguous,0.8
ptcp_randomized,1.0,0.9905318488562614,4.883,0.0,0.883,2026191695,10,300,3000,5,0.5,0.1,0.05,ambiguous,0.8
majority_cp,0.9893333333333333,0.825321447310673,3.328,0.004,0.0,2026191696,10,300,3000,5,0.5,0.1,0.05,ambiguous,0.8
random_rater_cp,0.995,0.8517728602166811,3.5076666666666667,0.001,0.0,2026191696,10,300,3000,5,0.5,0.1,0.05,ambiguous,0.8
naive_panel_cp,0.9136666666666666,0.7073963897630973,2.646333333333333,0.044,0.0,2026191696,10,300,3000,5,0.5,0.1,0.05,ambiguous,0.8
ptcp,1.0,0.9897764035204779,4.872333333333334,0.0,0.8723333333333333,2026191696,10,300,3000,5,0.5,0.1,0.05,ambiguous,0.8
ptcp_randomized,1.0,0.9897764035204779,4.872333333333334,0.0,0.8723333333333333,2026191696,10,300,3000,5,0.5,0.1,0.05,ambiguous,0.8
majority_cp,0.9676666666666667,0.7785245908584788,3.0436666666666667,0.013333333333333334,0.0,2026191697,10,300,3000,5,0.5,0.1,0.05,ambiguous,0.8
random_rater_cp,0.9996666666666667,0.9163920807407197,3.996,0.0,0.0,2026191697,10,300,3000,5,0.5,0.1,0.05,ambiguous,0.8
naive_panel_cp,0.9323333333333333,0.7273470706723545,2.753,0.034666666666666665,0.0,2026191697,10,300,3000,5,0.5,0.1,0.05,ambiguous,0.8
ptcp,1.0,0.9891326288087876,4.865,0.0,0.865,2026191697,10,300,3000,5,0.5,0.1,0.05,ambiguous,0.8
ptcp_randomized,1.0,0.9891326288087876,4.865,0.0,0.865,2026191697,10,300,3000,5,0.5,0.1,0.05,ambiguous,0.8
majority_cp,0.988,0.8301360390841088,3.372333333333333,0.003,0.0,2026191698,10,300,3000,5,0.5,0.1,0.05,ambiguous,0.8
random_rater_cp,0.9983333333333333,0.8859793163953623,3.7736666666666667,0.0,0.0,2026191698,10,300,3000,5,0.5,0.1,0.05,ambiguous,0.8
naive_panel_cp,0.932,0.7227902773206581,2.7363333333333335,0.036,0.0,2026191698,10,300,3000,5,0.5,0.1,0.05,ambiguous,0.8
ptcp,1.0,0.9895265104324877,4.875333333333334,0.0,0.8753333333333333,2026191698,10,300,3000,5,0.5,0.1,0.05,ambiguous,0.8
ptcp_randomized,1.0,0.9895265104324877,4.875333333333334,0.0,0.8753333333333333,2026191698,10,300,3000,5,0.5,0.1,0.05,ambiguous,0.8
majority_cp,0.9803333333333333,0.8026091551432017,3.2,0.007333333333333333,0.0,2026191699,10,300,3000,5,0.5,0.1,0.05,ambiguous,0.8
random_rater_cp,0.9983333333333333,0.8791422302396541,3.72,0.0,0.0,2026191699,10,300,3000,5,0.5,0.1,0.05,ambiguous,0.8
naive_panel_cp,0.9293333333333333,0.7191154959696074,2.7203333333333335,0.034333333333333334,0.0,2026191699,10,300,3000,5,0.5,0.1,0.05,ambiguous,0.8
ptcp,1.0,0.9887596703621148,4.87,0.0,0.87,2026191699,10,300,3000,5,0.5,0.1,0.05,ambiguous,0.8
ptcp_randomized,1.0,0.9887596703621148,4.87,0.0,0.87,2026191699,10,300,3000,5,0.5,0.1,0.05,ambiguous,0.8
